941,959,956,974,941,959,939,956,940,943,984,967,961,956,926,934,935,960,961,924,949,935,951,946,970,957,928,928,944,954,941,941,952,949,947,935,935,944,968,929,932,938,935,953,946,946,949,957,940,996,971,942,944,943,939,972,963,922,950,955,956,956,948,961,945,950,964,943,945,917,971,963,945,952,955,942,962,925,938,954,959,943,953,955,975,993,1015,1045,1082,1134,1196,1226,1251,1246,1227,1162,1134,1082,1026,1001,979,939,976,940,956,967,942,952,932,957,930,955,919,948,937,973,947,931,959,956,966,959,956,960,949,941,943,956,961,955,965,945,932,976,947,958,961,966,933,972,942,942,939,956,956,965,950,960,953,954,946,943,947,951,949,924,950,960,942,954,953,947,948,924,953,919,973,964,969,944,965,960,941,964,949,945,956,941,955,947,966,934,963,941,957,948,926,0
971,944,962,932,961,965,969,955,928,928,945,946,940,961,955,919,943,940,949,945,948,960,968,933,961,964,986,955,940,938,947,938,924,978,934,956,965,953,948,960,949,964,934,956,940,966,956,959,932,925,982,928,960,946,986,938,952,945,928,938,944,948,953,954,976,948,946,957,966,949,936,932,949,942,974,1074,1096,1100,1103,1149,1178,1180,1191,1219,1239,1230,1256,1272,1263,1289,1309,1353,1316,1311,1289,1303,1277,1280,1262,1235,1263,1244,1239,1183,1153,1151,1128,1109,1131,1101,1042,957,971,968,976,971,929,966,937,945,962,971,955,966,951,962,922,942,927,926,952,933,938,935,967,966,938,948,933,944,949,967,953,938,958,947,921,933,928,966,933,932,934,949,944,946,936,945,953,926,944,936,976,946,936,954,926,952,959,974,958,931,949,956,940,933,922,940,944,947,969,920,956,926,920,953,948,1
966,953,953,921,955,957,943,944,967,951,951,943,950,957,961,966,919,947,962,934,960,940,937,964,945,962,942,933,948,942,928,957,920,955,964,956,984,955,960,947,933,957,960,949,957,929,927,954,946,951,944,953,959,945,946,958,951,971,941,950,940,964,962,960,967,950,944,934,964,939,942,937,926,956,967,944,925,969,966,953,959,958,934,942,972,985,1013,1048,1099,1148,1184,1248,1244,1274,1233,1167,1124,1058,1025,1014,963,995,950,964,987,952,961,958,932,979,951,934,931,922,932,949,933,960,952,948,962,949,946,974,932,936,951,951,946,928,954,946,944,931,935,970,937,930,947,962,945,947,958,980,968,975,939,951,950,981,943,965,943,951,948,959,942,939,942,941,938,952,908,953,982,952,920,959,947,962,935,942,966,941,944,972,965,959,933,967,937,948,937,964,966,957,967,0
953,957,978,936,910,952,910,953,921,942,958,948,957,962,946,924,951,948,925,935,966,950,948,946,944,984,962,934,943,959,926,982,933,930,952,948,974,933,941,937,955,951,952,961,960,934,961,962,960,945,936,949,942,969,956,962,937,920,930,956,938,959,943,942,939,925,931,956,953,968,939,952,960,940,951,869,880,861,825,818,806,801,797,814,776,788,757,774,762,748,717,750,718,778,734,726,746,744,758,749,774,793,796,791,804,841,835,833,865,867,843,934,971,958,919,933,924,964,950,916,931,936,949,920,926,984,947,945,939,958,958,952,937,935,941,957,927,976,952,943,934,931,958,946,982,972,963,966,940,939,944,973,937,965,967,950,954,971,979,938,964,927,958,936,965,952,954,958,949,909,936,945,943,931,946,945,951,946,952,936,952,956,937,940,971,951,930,1
941,959,948,974,958,952,957,982,945,929,952,929,952,953,941,943,939,945,931,930,944,952,948,932,941,962,948,924,946,951,958,938,954,954,930,963,960,940,949,957,942,962,964,922,976,950,945,980,924,944,953,935,957,944,976,949,958,959,944,939,951,923,946,926,958,949,938,946,951,931,956,958,941,966,923,878,860,853,851,840,830,829,796,795,772,773,774,751,754,730,753,738,729,743,721,724,730,760,743,759,761,772,800,803,798,808,841,867,853,858,867,932,967,944,956,957,943,938,933,941,929,942,962,938,948,947,941,969,953,989,921,956,962,952,964,921,935,941,941,954,912,941,947,961,978,931,957,960,933,943,948,966,943,966,929,935,936,917,938,958,959,934,944,933,945,961,977,970,936,945,951,979,939,935,955,943,950,944,956,931,935,943,948,947,965,959,924,1
956,961,959,947,973,963,935,954,940,935,923,943,974,960,954,939,952,926,965,943,957,955,945,938,966,930,956,931,964,961,976,954,968,948,954,978,931,972,936,932,938,957,965,946,942,961,969,951,965,932,945,949,949,958,946,940,939,966,934,961,938,942,967,954,934,927,928,952,946,960,954,951,953,940,961,1016,1029,1022,1035,1049,1030,1057,1043,1051,1070,1130,1122,1115,1107,1098,1125,1147,1118,1123,1114,1158,1145,1138,1119,1121,1078,1073,1081,1065,1053,1071,1042,1055,1046,1021,1043,956,948,929,933,965,954,964,934,959,969,939,937,939,937,954,944,928,930,928,937,944,937,980,928,924,966,932,955,954,926,950,965,956,958,934,934,943,933,944,946,956,946,935,940,948,935,955,929,951,950,933,937,951,937,977,943,941,961,940,967,943,933,941,935,945,940,933,966,949,970,954,949,942,937,926,928,1
959,964,984,970,971,950,943,924,953,950,950,943,936,948,933,953,947,942,932,938,947,946,941,943,975,953,944,962,944,961,987,944,951,963,955,952,967,955,947,924,973,941,944,977,967,950,952,970,936,947,943,939,958,945,925,949,957,955,945,940,935,931,960,962,948,960,955,947,924,960,947,939,960,967,959,954,926,950,950,952,945,959,952,969,961,959,1016,1023,1099,1137,1190,1228,1245,1238,1211,1162,1121,1095,1041,994,995,974,979,976,956,965,947,939,924,957,945,945,926,951,949,972,920,965,956,925,949,955,943,962,914,956,971,925,940,948,947,975,957,973,956,957,933,962,952,936,938,950,963,949,935,947,956,956,932,967,952,941,935,936,946,932,942,945,993,922,931,950,939,921,939,960,934,947,941,949,951,953,936,932,942,957,929,927,936,970,963,946,938,962,953,946,955,0
948,957,958,931,956,947,948,976,934,965,952,946,956,951,952,945,940,948,934,951,931,948,933,957,970,965,959,946,962,961,958,954,923,943,939,974,938,953,936,972,934,960,960,928,922,969,965,971,936,967,956,949,944,939,937,936,942,996,966,957,942,947,961,957,951,960,960,948,947,944,922,938,967,962,939,1008,1008,1047,1036,1047,1060,1061,1088,1087,1088,1101,1119,1106,1115,1126,1127,1126,1137,1138,1121,1112,1099,1129,1094,1119,1085,1089,1072,1058,1072,1058,1051,1026,1030,1018,1003,943,974,956,952,940,970,953,960,967,922,951,923,946,938,937,970,919,948,940,904,959,951,946,946,920,935,957,946,955,944,963,964,957,930,935,949,932,961,969,961,945,942,947,948,961,922,932,947,935,953,964,918,964,959,946,957,951,948,938,947,957,961,954,955,952,964,969,937,948,935,945,973,952,937,918,950,1
963,944,941,940,955,941,950,951,965,959,919,974,939,938,975,936,961,966,951,955,970,925,943,963,947,942,949,953,925,954,945,936,924,919,961,959,945,960,935,941,958,960,968,961,943,935,953,951,953,966,927,975,950,941,969,946,950,935,954,967,943,982,933,979,944,946,926,927,955,946,962,953,959,956,941,848,859,844,862,850,831,808,809,762,775,745,742,738,766,747,758,738,722,718,735,733,733,749,755,768,791,771,780,826,823,787,842,849,848,877,887,963,947,971,950,944,961,959,934,942,948,963,960,936,948,958,948,949,959,922,964,931,917,950,958,990,934,920,962,984,969,946,933,971,937,956,958,947,959,943,940,968,940,941,981,939,937,957,956,918,930,953,938,946,956,948,942,959,961,963,956,938,959,934,960,961,959,968,943,952,951,943,960,932,962,943,941,1
978,959,958,940,940,957,940,946,949,935,939,959,962,923,961,968,951,958,954,958,954,968,968,969,946,936,946,940,946,959,960,970,919,934,966,947,914,935,954,946,945,945,923,953,903,947,953,981,927,928,921,941,963,955,958,942,950,956,936,965,941,939,970,927,951,948,913,947,946,972,924,967,920,953,940,953,933,963,941,950,937,957,956,959,973,987,1014,1057,1075,1173,1176,1221,1224,1248,1228,1158,1135,1099,1065,1002,994,987,940,948,936,954,947,965,909,977,962,963,944,959,951,961,941,946,952,986,915,948,948,964,975,977,965,955,939,886,964,937,967,958,965,943,945,961,961,935,963,959,964,965,957,948,950,948,960,937,939,957,972,936,932,925,937,931,962,951,949,953,941,946,952,947,972,936,961,956,950,974,949,915,942,931,955,933,943,977,953,970,931,960,946,973,976,0
939,932,950,946,965,935,939,940,945,927,973,989,953,967,964,962,928,950,940,951,949,933,945,951,930,943,961,947,955,943,943,950,951,951,955,956,957,957,943,941,964,958,958,969,940,935,933,966,937,954,951,951,953,957,931,930,944,957,939,959,992,925,966,942,944,973,953,933,936,932,958,958,968,955,994,855,888,847,849,822,815,784,824,797,800,762,755,747,739,734,740,722,741,757,758,729,756,732,774,764,767,784,806,785,814,853,842,828,866,855,884,967,944,939,965,937,959,967,972,1000,969,929,958,943,945,956,938,962,938,942,928,969,951,946,942,959,922,971,949,946,920,958,948,929,952,931,978,973,945,949,924,973,931,935,958,943,946,936,968,953,929,940,929,947,940,974,941,949,974,925,948,945,930,933,949,952,977,935,948,964,922,933,940,963,937,941,956,1
926,972,965,958,943,975,955,958,954,948,945,937,922,935,942,972,949,959,947,980,954,957,979,948,947,940,956,950,913,948,939,950,974,941,944,941,953,933,951,960,938,949,962,936,948,958,936,959,971,972,952,954,959,940,966,959,962,918,964,918,948,949,950,953,930,943,962,931,959,975,966,951,938,962,957,979,956,943,977,945,951,984,965,951,927,992,1009,1033,1093,1134,1199,1232,1260,1232,1224,1195,1142,1074,1041,1016,979,938,929,955,967,933,929,952,921,929,960,973,947,945,945,931,960,951,973,939,952,950,938,957,950,948,931,976,958,930,942,932,973,947,947,960,939,957,963,946,991,956,958,933,941,942,958,942,950,931,936,954,957,938,959,945,974,926,979,949,933,952,966,972,953,953,931,925,947,951,929,948,958,959,949,962,942,936,949,944,943,933,961,988,940,968,939,0
950,973,942,941,975,971,951,958,933,970,948,966,937,954,931,941,974,970,978,977,928,938,973,960,958,945,953,964,940,971,951,969,953,949,941,947,954,951,978,960,962,946,958,911,932,966,939,921,954,974,962,935,949,983,975,934,957,953,974,935,944,942,950,965,976,949,952,930,962,935,978,971,936,947,938,968,960,961,953,983,937,946,932,965,968,994,1037,1064,1076,1142,1179,1197,1274,1247,1240,1196,1126,1082,1062,1014,978,976,952,927,948,952,957,946,961,939,945,940,952,974,942,965,964,955,918,968,948,975,978,930,947,931,916,956,946,923,940,961,941,958,983,968,938,936,958,960,953,933,928,936,967,929,931,966,942,925,947,970,940,957,967,927,956,976,913,942,958,948,949,954,957,953,946,958,949,955,923,966,957,945,928,955,943,941,964,947,959,946,929,954,926,965,930,0
967,940,954,946,933,970,953,959,955,962,955,961,948,930,946,931,941,960,954,942,951,956,951,933,939,950,935,933,953,957,963,972,942,939,959,971,944,975,938,986,958,934,956,982,956,951,978,950,943,965,919,949,982,958,968,935,916,975,940,933,934,954,940,968,962,936,942,953,964,928,920,934,942,958,945,1087,1102,1088,1138,1104,1181,1187,1203,1227,1215,1240,1243,1255,1274,1306,1276,1302,1285,1311,1296,1311,1305,1283,1290,1257,1247,1253,1215,1219,1167,1168,1148,1115,1103,1096,1082,953,916,959,955,921,957,951,942,941,938,968,962,936,962,936,950,974,939,943,922,954,940,969,952,954,962,927,943,968,950,948,974,964,956,942,946,956,969,939,927,969,953,963,957,987,953,938,954,942,951,932,947,945,960,948,925,952,936,960,954,927,925,949,962,980,951,957,977,938,928,942,971,966,933,933,972,1
927,937,969,928,944,962,943,916,961,950,968,952,944,935,940,958,941,933,923,937,945,941,941,967,990,924,951,929,930,945,935,947,935,977,926,958,969,928,949,990,959,951,942,961,933,941,962,940,947,934,951,949,944,943,933,962,934,930,954,943,932,969,954,946,937,918,942,956,988,937,965,934,953,941,969,1061,1100,1117,1115,1136,1167,1168,1197,1226,1240,1249,1232,1286,1280,1291,1284,1307,1319,1292,1311,1299,1312,1266,1247,1261,1248,1234,1196,1200,1137,1143,1141,1136,1127,1092,1055,938,956,941,939,931,939,972,945,946,927,941,958,950,936,954,958,946,942,943,942,939,957,966,935,961,954,935,942,933,940,956,946,946,942,950,945,955,923,934,951,958,945,948,962,941,967,971,963,985,962,954,953,988,941,965,947,954,946,931,942,955,970,947,944,936,922,944,959,940,963,944,955,943,968,944,967,1
940,972,944,954,956,940,947,942,934,948,957,960,950,962,948,937,975,933,925,952,937,969,967,939,937,960,937,950,951,947,966,951,957,967,961,972,959,946,974,952,952,941,940,958,961,950,935,955,949,930,918,952,954,962,957,932,958,958,956,963,959,964,934,943,935,938,945,944,954,923,958,959,960,951,930,919,937,951,940,950,946,951,922,934,964,994,1027,1056,1051,1132,1162,1247,1227,1208,1240,1174,1110,1063,1029,963,977,955,927,949,919,968,938,948,951,948,925,951,959,957,953,929,974,969,963,963,936,960,935,961,925,945,968,935,965,967,934,946,939,950,949,931,929,960,948,950,974,951,938,951,967,961,953,945,942,920,945,942,936,951,931,957,945,920,930,944,948,973,960,944,968,960,948,945,947,931,955,943,977,939,944,939,972,930,905,950,973,954,958,936,960,966,972,0
968,950,959,948,961,968,956,936,942,954,973,944,954,966,966,931,940,958,946,954,932,959,940,935,936,951,944,951,964,948,944,978,950,939,957,962,983,971,945,970,951,932,944,944,955,990,948,953,947,942,959,937,950,941,956,975,929,961,925,947,956,950,930,951,930,955,957,926,975,971,938,967,957,950,962,937,964,964,942,927,955,953,937,967,979,1006,1009,1038,1093,1127,1211,1246,1263,1232,1199,1190,1112,1086,1053,995,999,948,947,924,939,907,935,986,958,920,931,944,946,972,958,956,952,932,976,941,949,941,943,911,982,961,954,950,948,969,953,944,946,972,939,951,938,949,952,952,980,941,928,935,935,951,947,951,967,966,936,962,979,952,948,967,935,947,928,944,945,958,930,931,978,923,955,954,960,940,952,948,929,942,908,919,964,949,941,944,952,928,960,951,940,977,933,0
929,974,975,933,954,947,949,979,954,965,956,965,933,926,974,927,941,939,961,978,925,954,941,938,925,943,941,956,945,926,950,958,946,955,953,949,945,949,955,976,984,928,962,963,951,945,962,919,956,944,957,943,964,936,945,930,969,947,947,940,946,927,950,966,982,952,948,950,927,933,943,950,926,940,954,1020,1019,1027,1036,1031,1064,1070,1074,1071,1107,1101,1125,1106,1115,1112,1141,1118,1118,1162,1102,1112,1127,1129,1107,1120,1071,1110,1084,1064,1093,1066,1053,1018,1034,1048,1040,959,930,980,965,972,968,953,915,938,974,954,959,963,953,938,986,961,956,958,962,956,966,945,947,955,943,947,943,952,960,946,959,936,918,954,966,989,927,951,950,945,948,955,950,958,940,951,933,968,927,956,943,958,950,963,945,915,922,938,946,947,935,960,944,952,948,963,940,951,948,951,917,968,945,960,974,1
936,956,945,957,929,946,944,958,956,959,970,950,937,957,942,957,943,931,945,951,939,942,943,974,988,974,956,962,948,939,939,950,940,950,971,957,954,965,962,957,939,952,984,920,948,936,951,951,959,954,932,934,964,958,940,954,937,960,938,949,949,940,931,939,930,951,948,956,913,943,940,934,951,969,936,942,968,928,955,929,958,919,957,955,974,977,1008,1049,1111,1121,1189,1210,1241,1253,1262,1192,1121,1073,1041,994,963,968,930,933,956,941,935,952,956,953,935,932,954,943,943,954,953,945,980,955,985,965,958,945,913,964,936,972,968,939,941,1002,977,959,928,946,955,940,961,938,953,968,945,955,949,944,938,948,950,965,944,936,969,958,966,966,923,957,972,951,972,945,954,947,944,956,955,945,943,940,916,946,950,935,931,950,960,955,954,918,956,960,973,953,952,959,951,0
956,931,964,956,944,931,911,928,934,954,962,979,936,969,937,940,948,941,958,934,936,941,927,929,964,938,935,954,943,945,958,962,946,944,918,950,951,990,937,946,967,945,921,975,944,939,961,940,945,954,949,983,944,957,940,954,951,949,944,970,945,962,972,984,957,939,932,929,946,925,966,964,951,936,956,896,877,852,850,837,839,787,827,789,776,799,766,739,746,749,726,745,736,721,748,733,752,760,742,768,744,815,766,797,810,842,854,824,858,880,866,947,945,960,943,980,960,947,953,973,960,926,963,942,943,961,961,969,926,945,937,942,959,956,937,964,936,948,989,957,950,958,937,972,946,961,941,953,959,961,917,934,937,934,945,934,960,938,948,947,960,930,943,948,959,937,955,957,971,958,952,947,961,967,944,971,948,942,927,951,971,933,923,946,967,940,944,1
944,949,955,960,961,947,946,956,932,936,960,940,939,936,979,937,937,948,941,959,954,965,929,973,935,938,963,946,968,960,937,917,975,949,955,960,951,944,951,957,908,949,969,943,939,944,988,938,939,968,915,944,932,974,944,938,933,942,949,939,925,955,970,967,926,931,922,952,960,938,971,971,945,968,945,1008,1025,1041,1025,1034,1069,1070,1080,1069,1062,1114,1119,1131,1143,1112,1138,1132,1132,1120,1125,1112,1100,1102,1091,1125,1099,1074,1075,1070,1077,1068,1051,1008,1028,1024,996,953,941,974,977,971,947,953,970,957,966,957,924,953,956,938,961,950,934,972,930,958,919,962,967,961,973,955,938,942,957,958,972,940,965,946,964,951,952,922,945,944,962,956,951,956,951,962,935,949,970,942,932,964,958,936,955,958,965,953,952,937,952,945,952,953,943,960,952,948,947,957,956,964,926,960,971,1
931,940,954,936,962,957,966,987,941,929,940,939,942,936,953,965,920,957,941,935,967,956,951,951,967,942,922,962,958,965,961,940,968,962,956,914,976,929,917,937,946,955,946,947,967,938,921,945,970,927,942,952,935,966,953,934,946,938,949,941,993,959,949,936,942,970,956,945,957,956,946,937,974,956,951,972,950,966,957,955,957,926,967,967,976,1004,1017,1077,1083,1121,1205,1231,1275,1255,1248,1171,1131,1100,1025,1008,988,973,935,940,981,925,945,941,956,958,962,940,932,936,947,932,956,946,945,968,964,918,949,947,970,952,932,956,947,958,962,972,937,952,972,922,970,939,958,955,964,960,954,956,945,965,977,938,970,965,949,935,935,960,939,950,916,971,960,959,940,939,965,941,954,932,929,932,960,969,952,955,952,979,929,966,945,961,956,954,957,942,952,957,940,963,968,0
963,955,946,934,960,966,943,963,925,971,942,941,938,948,966,944,944,960,946,942,966,962,941,959,928,933,934,963,956,925,935,934,947,931,936,965,947,960,964,950,958,941,967,944,923,945,930,965,955,972,945,928,933,966,947,963,934,951,946,962,970,927,948,945,945,942,959,946,944,929,938,975,942,984,969,955,954,914,971,935,937,961,967,967,960,980,1023,1030,1093,1164,1201,1226,1266,1245,1233,1175,1127,1071,1048,1025,969,971,930,936,961,944,936,961,975,921,945,928,934,943,969,949,943,979,950,931,940,945,953,939,934,949,964,930,950,928,930,934,955,948,918,954,923,956,938,956,958,961,958,966,934,943,980,949,936,960,938,947,979,912,958,939,969,958,934,940,943,979,935,951,961,962,961,936,933,927,921,935,964,946,943,949,937,927,939,977,975,963,941,942,934,950,969,0
949,972,951,939,949,946,956,939,962,958,957,944,938,947,952,952,940,967,949,962,929,970,974,929,942,927,941,967,946,949,952,942,930,963,937,966,955,943,967,941,963,957,977,972,948,962,953,942,954,958,931,954,952,945,969,913,944,945,965,947,944,935,931,949,938,948,935,948,919,941,970,980,939,934,938,952,941,948,929,936,925,932,962,940,983,979,1010,1074,1087,1137,1185,1256,1264,1270,1218,1213,1142,1079,1030,1010,981,970,952,968,934,929,952,959,932,953,967,932,944,969,945,961,948,930,962,949,955,924,934,940,940,914,936,942,972,954,931,954,952,945,940,935,941,951,933,938,966,956,954,982,955,945,949,963,965,967,960,963,960,944,969,945,964,969,951,946,936,953,940,970,936,955,958,929,938,949,952,945,947,943,966,944,956,957,947,939,936,960,969,958,967,983,966,0
937,954,943,960,963,948,922,946,932,945,954,924,952,941,962,1001,937,961,948,944,958,949,964,935,949,974,945,956,967,968,938,949,961,949,959,938,957,934,951,974,968,967,957,946,954,945,937,919,935,942,947,932,965,979,941,957,930,955,948,959,960,936,961,940,963,947,957,939,948,951,960,926,978,971,963,997,1036,1009,1056,1042,1060,1074,1060,1091,1092,1126,1082,1119,1134,1118,1146,1116,1129,1122,1135,1117,1117,1105,1084,1111,1120,1072,1086,1034,1049,1067,1027,1040,1028,1013,1004,908,955,933,925,974,948,956,946,930,991,967,947,954,938,941,929,956,954,932,947,963,945,956,944,939,919,923,919,931,948,924,930,976,934,965,932,948,941,936,964,945,932,959,941,962,947,947,967,940,941,960,950,965,934,948,966,945,955,957,940,945,967,942,945,951,965,966,936,937,959,959,934,976,938,926,946,1
946,948,937,972,938,938,952,947,965,928,931,960,947,940,963,947,957,973,959,942,947,934,957,960,915,944,969,927,928,942,957,934,962,934,957,950,956,932,939,946,923,951,940,955,941,950,959,959,922,960,928,933,970,952,970,972,957,941,956,966,966,942,975,960,958,962,966,940,937,955,941,953,926,940,930,958,950,965,943,958,944,920,959,962,989,967,1020,1043,1117,1143,1190,1187,1265,1268,1245,1169,1112,1102,1028,1020,998,962,933,958,953,972,974,980,961,936,937,939,953,937,970,947,926,955,936,942,975,941,956,944,933,947,961,970,986,943,981,945,926,984,974,960,969,939,967,970,945,952,953,928,953,949,924,931,935,945,949,941,990,936,959,976,960,947,968,938,930,955,935,959,957,943,950,954,959,934,947,944,912,955,956,953,981,951,965,948,964,963,964,924,951,959,954,0
946,932,962,927,947,991,942,959,972,961,961,959,952,960,975,946,956,941,946,924,924,966,984,963,972,926,975,963,959,943,944,958,939,959,932,907,948,967,947,952,953,970,927,954,947,954,953,969,970,961,938,941,949,958,947,954,969,962,964,976,959,950,960,941,943,951,941,964,953,952,955,919,913,948,940,935,938,967,943,965,963,952,953,948,950,993,1026,1040,1098,1144,1186,1225,1239,1259,1204,1176,1149,1077,1052,1025,968,979,923,951,919,928,948,959,960,964,959,963,953,937,960,961,931,942,943,917,934,960,960,952,921,949,951,932,949,920,938,969,958,952,938,970,975,939,941,921,929,973,968,943,953,958,965,973,953,939,923,930,981,940,973,952,980,965,934,978,959,961,969,958,942,949,922,958,947,960,927,948,944,964,953,952,969,956,953,981,947,957,933,946,962,969,955,0
959,944,967,958,946,989,954,974,953,932,951,960,986,945,942,935,960,938,926,921,949,945,941,952,952,950,963,938,956,917,971,908,943,967,984,937,975,959,963,967,948,959,971,961,954,983,954,928,942,971,928,959,932,942,934,973,947,951,958,964,941,935,939,942,982,930,958,915,937,955,943,946,940,951,945,961,937,937,938,934,948,933,970,948,954,1020,1000,1030,1104,1141,1186,1219,1254,1234,1234,1172,1126,1094,1040,1029,985,971,931,951,947,921,931,926,916,902,934,958,940,954,977,952,955,931,939,943,936,958,930,927,945,945,951,966,955,950,954,947,953,966,936,957,1000,965,923,939,949,945,956,942,935,947,919,957,927,941,962,969,943,976,943,957,960,947,944,951,960,957,938,957,959,962,924,950,962,934,947,943,953,970,974,912,964,942,930,953,944,977,940,966,933,944,947,0
954,942,965,944,949,929,931,943,956,947,936,942,955,960,944,960,977,963,954,935,954,944,964,973,971,966,951,939,957,953,936,967,924,946,962,949,941,970,958,956,943,966,951,965,952,948,952,960,961,971,934,945,947,957,972,950,968,962,950,973,937,942,959,930,940,943,958,936,934,952,962,960,943,963,976,965,940,955,952,929,929,955,905,965,979,974,1010,1047,1078,1140,1189,1243,1225,1249,1237,1179,1158,1088,1041,993,966,968,938,933,959,953,927,962,967,954,940,979,915,941,946,948,956,941,962,943,924,924,949,907,959,947,956,921,955,939,933,959,966,962,950,945,961,935,933,964,948,943,934,940,940,945,940,925,960,955,947,931,950,947,944,945,942,943,956,959,951,924,960,943,962,915,969,967,948,950,945,935,966,923,954,946,973,972,955,938,952,951,938,938,940,952,927,0
954,955,950,949,944,933,932,945,947,952,950,962,966,950,942,948,960,979,956,940,964,942,968,928,943,980,957,975,936,933,964,962,928,964,951,920,940,983,949,964,946,940,969,952,931,964,948,955,956,967,963,946,935,964,968,954,969,967,968,968,937,972,941,949,967,951,971,938,938,936,936,954,954,972,933,942,962,949,949,953,946,938,927,968,983,990,1021,1034,1070,1129,1186,1218,1236,1235,1263,1199,1157,1122,1010,1021,975,973,951,943,939,958,958,947,920,963,912,942,961,964,958,976,934,963,965,966,964,933,964,939,974,941,923,965,930,948,954,969,955,943,951,972,908,959,935,944,943,944,957,977,942,963,937,961,959,952,949,969,971,957,954,952,957,934,952,945,940,943,944,961,964,963,977,970,952,943,964,915,944,961,939,968,935,980,961,951,956,945,941,929,957,989,949,0
953,947,968,951,957,957,940,952,943,960,952,969,945,978,940,942,936,950,954,967,955,942,952,947,969,950,940,961,944,968,978,947,974,936,941,983,959,956,946,966,959,942,970,968,948,942,950,953,960,917,950,927,955,955,944,972,962,946,969,954,930,950,944,960,955,948,939,947,918,947,940,948,969,969,945,1007,1023,1035,1029,1081,1083,1057,1052,1059,1067,1094,1094,1113,1126,1131,1140,1147,1126,1106,1134,1136,1145,1116,1106,1106,1108,1077,1073,1059,1033,1058,1047,1050,1022,1046,1005,957,944,930,942,939,950,953,978,956,938,941,954,943,970,950,952,939,953,955,960,957,933,952,971,946,974,919,952,948,942,934,957,945,946,947,941,958,938,948,947,960,946,940,960,968,956,940,953,945,956,932,966,945,923,963,917,938,953,960,952,949,951,947,957,952,942,961,961,944,956,988,949,954,944,947,942,1
954,947,938,947,962,957,952,938,978,939,935,945,949,961,946,951,928,961,953,958,939,926,957,948,978,967,926,957,954,964,949,948,938,926,947,932,933,973,941,961,935,959,956,964,963,956,975,951,936,934,939,936,933,961,976,937,944,926,919,950,955,950,936,974,933,950,922,949,939,957,949,970,940,933,932,1068,1101,1128,1124,1120,1153,1151,1208,1262,1233,1231,1279,1288,1269,1291,1298,1315,1332,1337,1294,1300,1291,1285,1275,1261,1237,1221,1190,1212,1182,1170,1172,1181,1100,1095,1051,946,948,948,960,945,935,961,952,943,959,957,932,958,947,970,939,960,951,944,955,939,943,978,954,934,939,955,941,938,924,935,961,944,960,969,960,944,940,957,950,980,988,934,924,929,936,949,964,938,968,965,936,947,973,953,959,949,949,958,949,918,950,929,976,955,995,926,953,933,919,928,943,947,943,961,953,1
940,980,987,956,969,957,971,943,956,947,968,965,942,944,968,921,961,948,952,943,947,933,969,953,951,938,951,949,951,959,955,966,962,955,971,911,950,973,964,936,947,940,930,966,958,979,943,936,937,931,941,946,956,934,943,963,938,950,940,925,946,947,966,957,947,922,950,969,942,983,927,954,941,963,956,1075,1057,1088,1142,1166,1151,1187,1189,1178,1219,1245,1268,1285,1296,1290,1321,1301,1292,1298,1312,1297,1276,1280,1266,1254,1251,1208,1207,1166,1168,1172,1111,1135,1115,1110,1089,936,973,957,955,960,967,941,954,920,939,975,966,952,935,960,963,942,971,936,946,907,949,951,938,961,976,944,938,932,965,942,954,953,974,948,978,951,948,946,926,940,967,958,963,960,949,948,971,931,929,971,946,948,941,959,963,955,940,948,940,959,943,957,924,953,943,943,971,930,934,962,948,962,942,940,955,1
979,937,947,960,930,956,935,947,939,940,952,951,937,941,979,949,932,952,963,975,956,921,950,938,955,931,961,974,924,939,955,929,962,930,949,927,932,941,959,951,951,965,953,968,936,973,949,961,951,951,945,960,922,962,911,956,961,952,965,961,944,957,932,963,977,958,945,884,945,920,932,943,937,964,961,1003,1018,1027,1028,1036,1061,1048,1054,1091,1095,1117,1100,1123,1116,1130,1135,1113,1153,1128,1105,1143,1113,1124,1093,1124,1086,1060,1086,1068,1055,1067,1035,1027,1027,1015,987,952,943,945,964,952,933,946,927,935,978,946,950,951,933,922,932,956,954,944,952,965,962,978,938,944,960,954,943,951,940,952,956,964,935,965,973,957,954,944,965,939,959,950,952,947,948,926,965,966,968,959,939,978,927,903,948,949,946,941,932,948,971,950,943,969,935,937,932,954,937,941,954,960,951,975,954,1
950,955,933,952,916,955,952,949,943,936,966,924,960,948,953,935,941,945,953,960,978,934,928,943,947,959,944,917,951,954,964,898,935,944,950,963,953,953,944,939,973,970,930,922,979,928,916,955,951,943,930,964,976,912,965,941,959,947,961,951,960,941,947,961,959,949,915,924,964,954,959,963,960,955,975,946,927,960,939,935,923,977,955,957,970,967,1014,1034,1082,1134,1183,1228,1256,1243,1238,1179,1144,1092,1043,1002,980,970,967,948,956,939,938,928,944,963,931,940,976,944,943,964,952,921,965,952,970,967,955,943,934,961,949,935,945,947,939,951,976,946,958,956,952,952,956,965,937,950,944,956,964,950,978,974,966,980,947,932,931,951,959,921,968,934,962,929,934,951,956,938,990,954,957,951,962,955,942,914,939,966,933,945,966,955,936,961,956,918,968,947,940,945,949,0
925,948,944,953,936,942,939,976,958,948,949,943,964,954,947,966,951,953,917,957,964,963,964,949,981,976,967,961,973,941,961,920,955,953,958,950,958,950,928,973,944,952,928,964,938,948,972,926,930,942,950,942,966,980,940,923,957,950,967,940,953,946,958,953,966,921,947,936,956,948,958,941,938,946,958,1076,1094,1090,1138,1156,1166,1164,1183,1226,1209,1273,1265,1272,1295,1326,1281,1294,1344,1323,1314,1303,1303,1299,1289,1260,1242,1216,1201,1190,1183,1149,1140,1131,1107,1098,1087,967,935,968,946,966,944,931,956,943,916,960,929,942,951,930,950,952,960,965,988,959,976,952,952,933,915,944,945,940,926,961,968,967,960,956,962,945,966,937,943,978,931,945,928,919,916,957,945,950,955,962,941,946,931,940,979,959,924,965,944,948,951,941,938,942,937,962,967,959,946,971,975,932,967,953,953,1
928,941,956,944,931,956,923,970,963,940,944,931,983,956,940,923,966,955,955,947,987,959,950,947,958,924,921,951,936,965,949,960,922,963,930,968,950,952,959,947,957,914,944,933,950,924,954,975,953,951,961,954,933,953,929,971,948,944,951,967,945,920,961,954,909,960,951,938,924,956,961,967,945,942,961,1028,1002,1024,1058,1035,1049,1072,1062,1074,1079,1098,1120,1093,1099,1131,1121,1102,1150,1120,1120,1127,1118,1132,1117,1118,1118,1082,1095,1033,1077,1073,1059,1040,1044,994,1019,943,965,944,945,959,957,960,975,955,935,925,947,960,968,950,954,921,926,966,959,941,956,946,957,950,956,918,955,960,947,944,954,937,956,943,955,956,948,948,964,969,963,940,929,933,941,925,946,947,939,950,961,964,958,943,952,940,945,917,938,948,962,976,923,964,948,947,928,934,955,972,962,991,950,934,960,1
932,946,956,909,939,946,953,957,931,931,976,971,940,921,957,944,944,957,931,961,912,977,940,954,959,944,929,932,950,953,944,953,967,970,950,938,942,943,950,943,925,971,942,919,946,944,934,951,931,962,932,965,940,962,963,957,936,955,943,941,952,935,943,952,949,953,945,947,949,943,964,980,938,916,944,1064,1091,1133,1124,1134,1157,1160,1212,1193,1243,1257,1281,1287,1297,1284,1331,1319,1294,1344,1321,1301,1291,1269,1264,1264,1259,1236,1203,1227,1159,1150,1148,1134,1112,1103,1074,950,944,943,949,927,935,955,927,950,945,948,957,971,949,988,929,931,930,942,934,959,972,946,958,985,957,946,933,992,951,924,948,986,930,922,962,960,943,942,935,950,946,913,957,945,951,931,943,943,943,957,939,969,964,956,945,981,975,934,941,949,979,951,928,951,961,947,943,931,952,966,953,929,936,962,943,1
931,974,934,938,965,940,947,935,950,956,930,952,952,942,950,945,964,961,945,930,947,967,922,957,944,959,949,960,940,949,959,955,969,958,938,949,959,971,924,931,966,974,982,951,910,944,948,950,940,988,948,931,939,942,951,941,933,949,935,914,965,957,951,976,967,953,976,933,956,955,946,952,952,930,955,1074,1072,1090,1109,1118,1194,1181,1193,1196,1191,1262,1259,1265,1264,1267,1296,1302,1304,1313,1334,1296,1287,1280,1285,1257,1230,1247,1222,1170,1187,1174,1105,1113,1105,1103,1068,968,947,936,953,973,931,966,937,948,952,953,953,949,949,939,953,920,947,939,950,960,951,945,957,963,941,977,914,962,950,940,944,946,948,961,961,921,967,941,987,944,937,933,956,973,919,967,945,960,955,936,966,953,927,944,914,945,937,986,968,948,938,950,945,955,965,970,946,971,944,946,953,938,943,948,965,1
957,944,958,952,948,955,969,969,937,939,942,978,927,940,950,962,964,943,954,945,945,958,932,937,946,951,915,955,935,948,940,945,953,957,948,938,943,930,980,947,974,931,988,959,965,960,966,959,956,962,918,941,948,932,940,945,987,970,931,946,952,982,949,920,945,954,961,932,949,954,932,967,953,943,960,1068,1061,1097,1120,1158,1175,1197,1214,1238,1237,1237,1242,1280,1280,1289,1317,1319,1305,1345,1314,1289,1282,1280,1285,1275,1246,1243,1226,1189,1190,1163,1143,1111,1103,1102,1064,927,928,974,969,987,937,979,949,934,958,944,974,967,949,957,960,933,948,937,935,937,954,928,958,963,966,977,945,928,932,942,993,943,948,960,939,955,940,945,920,937,954,968,956,924,956,952,951,963,943,951,931,951,957,975,974,941,988,977,945,974,934,939,958,939,964,951,961,935,971,936,955,952,960,949,940,1
923,950,907,940,933,953,943,920,931,953,952,951,956,949,937,940,962,953,938,945,948,930,951,954,939,958,933,927,978,962,962,975,940,964,940,965,924,939,949,922,943,945,952,918,944,961,963,938,951,954,938,921,948,935,964,971,965,934,942,942,950,932,949,939,927,975,967,951,937,979,933,970,935,955,963,872,881,855,871,840,791,836,816,783,783,766,764,748,746,762,755,739,737,689,729,728,735,735,749,751,757,789,801,808,794,823,837,882,852,858,864,945,944,971,955,951,932,955,953,957,947,945,932,948,981,948,946,976,952,934,944,954,958,966,934,950,956,952,929,938,985,962,952,962,953,961,966,969,943,968,941,977,960,938,932,965,978,951,919,983,951,942,953,922,970,961,948,963,945,959,954,978,948,952,926,962,953,965,941,979,956,954,950,967,961,943,959,1
911,929,961,955,948,920,949,969,939,944,974,945,933,969,940,927,942,938,912,944,948,965,934,939,962,934,937,963,934,963,952,940,943,953,951,952,956,940,941,945,961,950,961,952,921,949,949,983,985,945,949,926,948,949,940,971,954,945,975,969,937,950,949,958,958,936,960,934,939,936,931,954,950,938,932,1076,1091,1089,1118,1141,1165,1171,1198,1220,1210,1252,1266,1286,1280,1307,1318,1316,1315,1302,1294,1268,1310,1280,1306,1269,1232,1251,1210,1209,1186,1182,1142,1108,1103,1065,1070,947,950,945,964,936,941,957,939,950,935,960,945,933,941,941,971,963,938,967,968,949,946,940,960,938,954,947,921,959,969,962,949,946,956,947,941,950,968,937,970,954,946,955,960,963,964,924,939,958,934,930,954,954,944,959,939,940,940,948,931,937,937,940,971,951,947,925,948,949,926,976,955,960,942,968,931,1
936,979,961,975,950,949,950,943,955,957,938,941,950,913,957,920,940,932,941,956,915,959,938,952,927,949,925,989,977,963,953,930,915,948,922,947,960,922,956,954,973,954,945,951,965,955,950,920,931,939,933,947,962,962,939,945,928,926,941,980,958,962,963,949,936,929,943,954,968,955,965,972,961,942,923,879,878,868,826,850,832,816,789,779,784,775,756,771,756,743,726,746,762,738,759,731,761,750,745,769,776,778,813,804,816,843,810,847,889,867,876,952,942,975,952,932,928,947,963,946,955,955,945,944,933,978,934,950,944,964,941,959,940,962,932,954,961,966,946,944,939,946,984,916,938,934,945,957,948,960,949,967,973,979,943,954,941,967,954,963,968,963,952,970,957,930,976,936,961,962,946,931,947,948,991,963,963,940,938,943,943,944,948,972,935,942,964,1
966,991,941,947,947,936,943,963,941,948,937,946,956,970,967,942,965,952,959,956,975,934,948,977,958,972,953,929,975,935,959,939,956,964,922,960,967,937,950,969,947,946,938,943,951,925,957,937,938,956,940,946,944,952,941,929,942,959,963,947,954,949,975,962,961,938,960,975,957,935,946,949,962,945,963,952,949,962,951,941,944,928,944,940,963,963,1010,1057,1081,1139,1185,1209,1238,1237,1240,1194,1148,1111,1034,1014,1029,972,914,959,949,934,946,949,940,949,930,973,960,951,956,948,948,974,948,931,934,921,962,955,961,972,932,927,960,947,961,959,915,980,916,934,934,934,927,969,937,941,927,946,958,951,969,945,966,927,934,957,947,969,953,953,964,942,967,957,985,956,964,935,971,978,976,950,933,944,936,956,951,944,970,951,952,961,936,935,961,951,975,963,963,962,934,0
934,937,959,979,969,964,972,989,958,953,969,951,967,975,958,984,943,969,951,960,954,961,971,916,953,926,932,944,958,937,941,950,980,975,960,970,935,971,940,940,960,939,989,950,933,968,942,945,949,925,971,965,955,949,972,952,950,924,963,944,940,935,975,933,931,949,948,961,944,944,953,949,963,979,943,945,949,923,953,917,949,954,941,969,958,984,1005,1048,1099,1129,1164,1245,1240,1259,1243,1161,1130,1074,1045,1025,970,939,949,957,961,945,962,961,937,946,970,935,935,965,958,950,965,942,961,948,952,930,928,951,959,944,942,962,980,968,960,977,929,969,941,956,946,968,955,937,949,953,959,972,964,925,965,957,963,948,950,953,938,947,966,965,974,950,947,953,951,969,920,973,977,967,950,952,954,948,954,955,933,951,963,937,926,947,932,950,962,929,932,955,960,933,942,0
946,932,951,916,945,939,981,962,971,957,955,983,962,934,943,978,963,946,948,964,943,945,967,938,921,965,932,964,963,952,927,937,964,940,964,915,975,933,936,931,954,925,940,952,954,937,943,954,945,950,938,956,918,945,940,984,966,951,957,964,930,957,954,933,925,942,954,948,923,930,944,938,974,949,942,936,922,943,942,937,954,938,948,970,955,989,1013,1053,1086,1120,1180,1239,1244,1263,1244,1184,1127,1084,1051,998,980,972,999,957,947,960,928,978,946,902,950,969,939,979,953,969,931,923,972,950,981,945,936,967,956,952,936,961,929,954,945,936,951,962,937,965,936,982,938,945,932,938,931,944,938,951,942,960,956,954,949,943,944,966,974,945,950,947,953,930,963,932,965,945,955,943,948,940,953,936,961,960,966,945,953,976,949,932,948,942,941,966,947,939,976,955,973,0
967,960,961,954,955,963,967,954,930,963,936,944,941,973,970,960,938,954,944,942,955,933,921,971,935,949,925,925,927,949,967,954,944,1008,939,939,947,961,938,958,942,947,965,957,945,928,932,957,953,944,941,954,933,952,974,949,944,963,930,943,919,945,968,976,935,940,948,988,961,963,972,930,954,937,981,880,874,850,845,835,846,795,797,802,801,802,776,734,724,757,723,747,743,723,746,741,708,747,743,747,763,773,803,808,805,837,823,861,862,836,901,962,943,908,982,940,955,951,950,947,933,953,940,951,942,929,972,951,949,945,949,955,965,983,905,967,943,956,938,933,978,948,951,944,949,941,960,943,930,968,957,936,943,955,951,953,930,916,935,973,955,958,959,968,931,928,952,959,948,929,944,959,960,935,941,920,947,943,939,958,955,930,947,923,949,936,971,1
958,969,947,948,950,954,939,955,966,960,947,959,950,939,943,946,946,978,951,960,936,947,969,958,963,948,931,939,940,923,940,961,917,950,961,919,952,941,956,943,942,973,979,934,928,946,966,934,921,971,939,932,947,951,969,970,946,927,955,927,953,913,933,937,956,934,929,941,925,960,948,959,936,949,958,897,876,857,838,820,820,830,799,810,787,774,779,783,764,764,755,710,739,700,745,717,728,749,713,759,755,783,800,822,810,826,821,861,843,846,868,923,946,955,956,943,938,930,922,938,927,975,940,925,958,973,958,942,961,969,925,946,940,946,946,972,967,941,946,932,948,948,963,915,951,956,925,963,954,942,950,928,946,928,914,967,950,960,933,960,935,920,933,942,959,916,963,942,943,964,945,966,970,937,940,944,959,956,958,940,980,944,947,961,960,958,953,1
943,945,930,969,938,932,944,943,969,962,946,927,968,966,943,928,944,946,963,933,960,972,956,952,945,932,936,948,933,938,944,945,947,966,929,942,961,965,973,945,954,956,949,977,967,959,966,960,953,930,949,928,957,966,932,946,962,958,948,966,931,918,945,941,929,933,962,925,950,967,936,965,930,971,930,929,934,947,925,946,940,950,981,944,959,985,1012,1044,1097,1131,1176,1224,1242,1247,1241,1162,1121,1078,1022,1023,986,952,967,949,947,943,957,951,935,976,953,933,963,957,947,957,958,948,981,955,952,959,978,924,914,959,920,932,949,955,939,954,962,944,925,968,954,942,967,929,951,942,940,941,940,944,931,949,969,957,957,940,977,934,967,955,921,949,937,944,935,942,944,937,950,946,923,942,956,924,952,941,980,939,916,936,956,977,950,942,935,967,940,960,944,950,940,0
932,925,955,934,952,945,918,937,961,974,920,945,933,947,959,941,972,961,945,956,955,965,947,951,946,929,952,969,941,929,931,936,979,920,951,959,935,951,932,936,966,944,972,956,934,936,959,945,946,919,953,937,947,952,949,943,936,936,956,938,946,960,932,948,977,976,926,976,940,964,936,930,954,932,935,967,939,960,938,950,956,960,938,954,997,984,1005,1039,1056,1142,1138,1227,1263,1259,1235,1168,1137,1100,1048,1022,990,971,965,960,943,935,931,934,944,912,944,932,949,949,931,974,935,941,960,934,949,924,932,951,954,956,956,935,955,953,951,937,935,949,954,942,954,952,976,961,954,941,955,948,939,944,945,943,967,970,935,945,934,957,935,984,949,957,932,964,966,960,946,932,953,927,952,953,954,943,953,966,946,949,975,973,953,946,965,962,939,967,943,963,933,931,955,0
951,937,973,958,941,956,968,948,960,958,959,944,964,927,938,944,942,946,957,957,950,973,903,948,934,943,939,975,934,959,933,951,959,928,939,949,940,919,957,970,929,974,944,975,957,945,933,954,951,953,933,958,964,946,953,957,951,944,941,941,937,957,980,944,959,947,957,941,952,956,928,937,958,955,920,943,969,936,954,930,940,965,946,947,980,950,991,1034,1092,1138,1192,1228,1231,1257,1239,1203,1121,1084,1042,977,991,968,990,947,939,949,952,950,931,934,934,982,939,963,923,939,943,946,935,952,931,953,949,961,956,941,945,939,943,936,991,947,977,967,955,963,946,952,947,975,933,971,946,965,959,951,930,960,959,951,950,970,933,962,973,949,965,959,964,931,961,935,949,962,932,971,934,948,913,975,937,964,968,928,945,914,948,942,922,956,938,945,948,949,961,961,921,0
941,953,947,959,961,941,947,950,948,941,940,938,955,966,959,970,965,952,949,947,959,939,954,956,975,980,926,956,938,951,954,957,932,957,962,941,945,947,959,963,963,955,963,948,910,961,933,940,955,968,945,953,953,950,962,963,936,951,944,909,932,925,942,966,950,973,940,961,948,980,923,939,937,967,972,953,930,935,916,978,965,947,936,960,954,964,1001,1048,1078,1130,1231,1236,1226,1241,1208,1187,1132,1073,1039,1005,951,992,934,972,966,947,952,971,944,960,944,933,947,956,966,942,962,969,945,935,951,942,950,934,936,945,962,941,930,943,940,932,975,940,936,940,941,956,953,943,939,972,962,951,926,959,974,969,950,945,958,954,945,955,956,929,960,954,955,964,946,970,956,963,928,974,956,973,956,956,957,952,956,929,962,953,963,970,967,930,919,933,974,957,922,947,945,0
942,947,935,969,957,953,932,974,930,948,969,960,944,932,954,916,944,940,970,962,944,942,945,939,952,969,930,952,948,936,930,955,972,950,928,958,948,950,918,930,927,925,956,948,933,967,924,948,946,948,954,946,983,942,954,958,952,954,932,944,973,958,955,945,974,956,957,969,931,983,950,957,931,953,940,907,875,860,868,835,836,812,806,823,798,771,759,757,756,730,721,751,708,712,745,732,759,771,765,781,796,787,802,807,795,827,847,870,857,880,896,920,941,940,938,967,943,928,948,964,931,959,957,938,968,961,986,953,979,952,946,947,950,957,958,933,917,943,962,931,961,941,945,960,971,935,951,975,948,947,950,949,985,928,953,956,957,962,968,922,950,950,954,931,920,945,921,938,967,947,945,953,960,984,951,982,968,934,962,935,959,963,960,959,995,940,953,1
927,946,934,948,938,937,949,934,986,952,953,934,957,942,943,923,962,927,950,962,955,945,952,967,947,936,957,965,947,945,966,952,924,936,962,946,945,960,951,954,931,953,941,955,952,949,940,963,977,959,962,966,931,953,954,940,965,950,948,949,941,975,936,939,940,936,943,934,949,960,950,955,944,945,964,940,968,956,937,956,931,928,944,955,976,986,1005,1014,1082,1163,1178,1214,1244,1249,1214,1157,1134,1097,1020,1035,983,978,949,936,939,934,952,935,944,978,954,940,944,938,986,940,929,934,959,946,943,950,951,952,937,961,940,944,977,917,939,948,934,930,957,956,956,953,955,941,955,959,934,948,928,928,957,941,937,937,952,934,959,930,951,946,946,948,959,946,919,922,950,939,952,938,930,959,965,965,938,947,956,955,957,949,957,963,939,947,948,935,946,953,947,965,972,0
942,954,965,944,951,948,946,952,969,973,955,945,975,941,941,930,954,940,946,979,940,961,971,943,949,962,945,959,964,935,945,955,957,929,967,956,930,943,954,948,940,915,941,949,967,945,970,953,959,937,965,964,922,937,947,970,973,947,952,927,978,936,954,939,957,918,945,966,941,938,941,960,967,936,936,954,966,920,934,943,951,935,965,981,960,988,1010,1038,1096,1135,1181,1210,1265,1244,1253,1159,1128,1082,1057,1003,978,966,944,935,937,935,970,959,973,941,954,953,940,931,965,972,919,957,943,948,942,939,943,917,961,956,947,948,948,979,983,972,974,956,957,938,961,945,960,947,931,962,957,909,961,964,962,935,971,973,936,959,973,964,952,967,944,952,959,947,942,971,958,944,954,953,970,941,928,951,954,938,918,950,947,959,953,948,958,973,951,958,947,967,963,941,941,0
960,941,944,947,975,957,951,946,983,967,951,959,955,940,961,931,952,944,934,984,968,946,958,937,943,953,939,935,930,945,933,942,942,967,956,952,964,951,947,948,964,963,960,925,953,949,937,955,947,936,946,968,946,984,949,954,940,951,950,980,951,953,936,941,950,981,986,975,965,962,964,942,921,946,966,939,956,974,933,976,937,918,968,948,979,1002,1011,1025,1097,1111,1174,1249,1253,1247,1242,1198,1134,1100,1037,1029,966,954,944,942,979,961,942,964,935,932,971,938,987,993,971,950,938,974,935,937,939,958,943,973,956,949,936,967,951,953,979,973,950,938,929,928,953,947,928,949,944,927,961,944,965,970,936,976,955,959,939,967,947,936,935,955,941,941,950,894,949,963,928,945,968,961,947,961,939,969,970,967,969,945,950,979,950,947,951,939,930,958,932,942,954,954,950,0
935,944,957,959,954,945,946,970,965,965,980,958,956,938,982,935,962,943,959,958,941,934,971,948,982,951,971,953,954,968,927,950,925,947,930,947,941,962,963,937,965,944,963,929,941,979,925,909,957,931,968,936,958,963,932,922,952,928,954,965,948,984,949,936,955,939,958,951,928,936,963,964,953,933,948,961,949,957,956,970,943,955,958,942,961,977,991,1011,1096,1121,1189,1218,1238,1278,1235,1186,1131,1104,1041,1010,981,962,948,957,942,965,961,952,938,959,959,946,935,955,960,966,936,937,946,938,964,957,940,946,933,952,932,928,964,929,968,960,929,964,946,960,955,952,942,962,942,917,971,948,963,945,935,940,952,953,938,950,934,949,933,939,945,952,944,961,955,987,952,964,943,982,963,961,952,947,957,973,959,938,948,953,951,963,971,944,963,951,929,962,910,963,952,0
938,949,962,969,957,980,940,945,963,936,946,947,972,952,949,956,956,938,939,955,950,954,918,952,977,953,944,959,925,935,932,963,936,954,957,953,953,944,948,940,945,940,919,949,956,956,920,955,926,946,956,953,953,949,955,926,931,968,954,946,933,957,937,964,938,934,939,981,962,966,955,964,995,954,943,948,942,944,945,963,971,954,951,950,978,1008,994,1024,1076,1132,1174,1233,1273,1236,1211,1177,1143,1079,1076,986,982,953,946,952,931,933,911,936,986,939,925,939,956,944,925,937,954,949,950,961,950,959,947,935,948,954,948,946,949,972,936,945,964,951,962,937,974,932,963,908,948,962,947,957,954,944,925,948,974,933,941,948,965,970,956,960,948,973,970,937,921,955,951,936,970,943,958,950,927,929,981,942,951,932,942,971,955,930,948,957,957,934,979,924,924,938,977,0
960,927,952,965,932,941,928,956,951,943,923,937,957,959,957,955,964,965,941,943,947,968,941,956,969,935,931,929,969,939,961,949,950,950,941,980,944,969,954,954,950,956,945,945,967,945,954,973,929,955,929,924,973,934,943,942,963,956,936,936,963,938,978,962,960,921,947,944,921,905,938,951,911,957,937,920,963,955,946,945,953,946,937,919,924,972,983,1062,1092,1134,1173,1229,1238,1251,1238,1183,1119,1077,1045,1006,983,973,968,926,935,933,950,986,942,944,956,933,943,935,963,925,965,963,955,945,963,937,942,958,941,971,983,965,913,962,939,959,950,955,971,965,956,969,954,929,976,953,966,978,937,939,943,965,927,970,960,962,938,961,943,954,938,954,967,956,931,961,944,955,956,942,951,959,984,947,938,945,957,957,948,968,955,940,944,943,938,951,940,937,960,958,925,0
939,962,943,948,940,961,938,954,927,940,985,952,925,969,940,988,962,946,937,969,950,976,944,917,938,935,946,948,938,979,930,954,952,944,946,951,951,944,971,951,959,957,962,948,931,971,951,953,967,939,936,955,932,964,962,944,939,915,951,952,938,915,943,931,976,954,959,940,971,935,938,937,917,957,939,974,944,989,931,939,966,933,938,967,972,996,1013,1041,1097,1151,1192,1221,1261,1224,1220,1180,1139,1089,1041,1007,993,950,955,947,939,940,957,973,947,955,929,954,965,949,946,991,923,938,949,963,932,980,972,963,946,921,978,918,924,954,957,972,959,947,962,962,956,945,944,948,953,945,948,941,954,964,928,950,965,936,932,951,948,975,952,929,947,929,930,960,954,967,948,923,932,921,964,988,945,959,933,957,946,929,936,977,960,997,957,919,962,954,968,949,937,968,936,0
930,948,960,947,971,950,951,956,979,934,927,972,933,992,951,948,957,942,945,920,953,929,923,942,976,912,973,936,952,973,928,947,933,962,937,922,950,975,960,965,933,947,931,938,935,944,935,948,944,957,962,936,950,946,949,948,959,952,958,953,905,948,940,955,941,951,947,956,952,943,943,952,923,941,942,1093,1077,1119,1115,1162,1142,1192,1197,1210,1251,1260,1251,1259,1273,1289,1290,1328,1324,1295,1325,1328,1306,1291,1267,1242,1243,1254,1220,1179,1178,1160,1151,1107,1093,1084,1084,966,939,934,950,947,963,968,934,962,968,931,953,963,969,950,944,936,982,946,957,975,954,940,960,941,949,958,946,938,928,984,940,941,924,944,950,943,946,955,960,972,948,971,963,927,955,955,951,962,935,938,959,932,950,949,980,946,944,938,946,948,933,946,949,949,926,938,946,959,953,937,940,951,949,929,960,1
931,936,953,933,941,928,959,968,957,939,955,946,969,944,955,962,955,968,961,932,977,952,965,958,961,938,959,930,958,949,988,962,959,952,973,943,961,918,989,947,946,923,953,957,948,963,945,946,966,959,942,953,949,936,930,948,970,984,947,939,936,901,936,937,956,971,930,917,938,925,964,945,937,956,984,979,931,950,935,954,941,958,955,952,981,1013,1031,1068,1070,1139,1169,1230,1232,1277,1216,1197,1123,1090,1028,997,961,953,942,946,961,968,972,926,941,927,917,950,953,930,952,938,958,933,935,951,945,946,969,955,933,959,925,962,934,961,957,978,959,952,914,954,970,952,952,936,944,922,965,944,961,945,960,931,921,956,969,917,961,963,954,980,944,958,935,960,954,964,949,937,952,933,944,950,957,942,949,953,977,954,941,927,972,955,960,958,945,967,963,941,970,953,936,0
944,964,952,957,931,970,986,966,956,950,953,928,959,938,947,961,977,959,951,933,950,959,944,935,944,952,947,941,935,959,955,928,943,922,951,936,944,971,926,977,938,954,946,948,901,951,962,922,973,949,962,955,962,942,956,963,960,957,963,947,941,931,947,946,949,975,930,948,920,930,931,925,957,930,959,958,973,949,936,960,936,941,942,973,948,954,993,1055,1071,1152,1206,1225,1267,1241,1206,1170,1117,1098,1046,998,975,972,945,936,967,953,930,942,913,951,964,959,973,955,954,968,959,962,916,962,952,941,972,944,960,937,961,943,957,953,934,953,951,958,951,937,946,951,946,952,935,955,945,945,935,926,948,966,961,961,975,945,958,962,944,953,931,934,940,965,933,955,946,939,965,935,945,957,969,926,977,957,954,923,946,963,987,950,943,948,975,958,952,959,939,960,956,0
954,952,948,967,914,970,940,941,933,956,949,965,937,948,942,968,946,953,934,955,935,953,938,947,937,965,939,935,962,944,955,941,932,922,947,926,908,973,957,971,944,948,946,939,985,966,953,939,937,929,955,929,951,941,945,939,946,929,966,942,950,932,955,950,932,971,945,953,956,942,956,935,926,934,980,1092,1118,1083,1099,1124,1164,1185,1185,1212,1258,1259,1256,1292,1279,1290,1308,1325,1302,1283,1282,1307,1280,1279,1272,1259,1248,1222,1218,1194,1195,1148,1141,1122,1096,1073,1042,947,931,942,965,927,953,948,953,957,940,915,963,970,937,941,921,935,950,954,950,948,932,925,958,953,949,954,937,955,925,957,945,938,911,956,948,950,931,933,957,921,937,931,942,956,954,930,957,943,943,954,945,951,949,955,940,949,932,963,957,976,949,969,926,982,944,952,948,960,957,951,946,963,961,944,981,1
971,954,937,957,935,919,930,930,937,947,941,954,956,969,943,971,952,947,955,946,946,968,957,935,951,948,977,950,950,933,946,954,922,943,937,941,940,957,967,948,951,933,954,960,964,936,975,983,956,939,921,964,946,931,931,939,931,922,948,947,923,962,956,917,955,949,939,962,963,942,940,965,926,939,966,873,903,855,853,791,800,818,816,805,759,757,773,771,734,747,728,753,721,741,717,747,749,733,763,738,769,785,783,820,805,824,854,871,835,882,882,949,955,928,966,937,937,942,936,961,948,951,945,971,956,938,961,928,937,976,930,955,932,938,953,976,929,950,946,956,934,936,946,951,936,944,959,973,940,975,925,939,942,960,960,937,964,944,960,955,960,948,970,952,911,958,932,967,942,964,965,963,961,945,974,942,945,966,940,952,932,909,950,924,944,936,961,1
919,944,950,943,954,975,980,950,954,941,911,947,959,936,930,912,939,943,982,961,944,925,941,945,941,956,938,948,971,975,933,959,937,942,933,959,960,946,957,947,927,939,952,955,949,952,946,961,929,968,971,948,964,960,938,943,916,932,928,965,950,934,965,952,941,976,953,974,945,975,968,929,964,948,960,963,962,951,923,960,941,982,943,970,961,967,990,1034,1102,1151,1203,1237,1245,1243,1227,1196,1126,1074,1017,993,977,940,939,963,918,954,959,961,948,934,965,966,920,964,938,947,948,949,982,928,953,958,952,943,955,948,958,950,947,930,941,978,918,952,928,936,943,939,949,970,923,928,965,936,937,955,962,947,966,941,937,954,978,950,945,967,946,980,929,962,951,942,935,949,952,969,949,966,943,955,953,923,940,961,948,945,950,942,934,949,942,932,960,956,919,956,957,0
950,956,955,926,943,947,971,944,935,960,967,960,955,945,932,950,966,940,971,959,962,951,944,943,922,944,933,956,953,958,941,940,929,970,944,946,940,941,952,924,939,950,959,954,961,948,966,946,930,946,950,938,953,952,953,929,954,946,950,968,923,947,939,950,924,931,949,934,949,947,941,947,935,917,938,880,864,860,864,829,847,805,806,772,827,771,744,761,761,745,750,741,742,734,731,723,759,747,763,759,774,779,783,790,817,819,816,880,855,876,874,960,948,942,932,940,956,954,925,964,939,933,973,961,954,958,943,943,969,942,932,939,932,934,945,962,950,944,954,968,946,977,939,951,930,930,950,960,945,957,937,964,952,939,953,960,947,949,931,953,949,934,939,970,954,926,956,946,952,968,960,965,948,949,945,958,938,958,941,942,935,955,974,922,948,954,937,1
944,953,941,960,949,951,904,954,942,931,944,966,981,958,967,941,946,936,941,946,940,934,950,952,967,960,957,951,962,957,962,944,982,939,983,944,943,962,948,944,930,960,938,933,952,970,930,944,936,959,969,916,925,944,929,939,955,966,932,930,958,960,941,943,966,936,947,957,944,978,949,940,957,965,933,1007,1015,1024,1014,1032,1070,1091,1066,1102,1102,1077,1091,1113,1139,1112,1131,1143,1114,1085,1118,1126,1099,1094,1112,1111,1106,1098,1071,1106,1087,1070,1052,1048,1016,1013,1018,957,962,971,948,937,965,952,970,944,914,927,933,948,951,941,943,931,950,947,950,953,932,971,963,966,950,928,955,942,957,943,965,960,936,952,947,977,929,967,948,931,934,947,964,946,951,959,936,971,955,951,962,962,972,961,954,933,952,949,959,950,965,936,950,950,941,941,943,941,960,935,934,946,945,954,959,1
930,956,922,948,937,938,933,927,939,954,941,960,958,964,962,950,928,921,957,929,951,964,952,947,962,945,956,977,965,922,913,946,938,965,949,949,947,956,956,955,946,927,943,930,934,941,956,954,960,958,947,962,947,965,933,961,945,954,952,958,943,956,942,948,953,928,945,964,958,945,934,932,950,939,929,866,865,859,866,844,835,809,798,790,758,767,754,747,755,762,743,731,750,726,731,726,743,768,721,739,782,779,777,815,795,809,847,848,850,867,856,949,946,954,937,938,972,948,926,998,954,970,922,964,948,927,929,931,930,927,966,954,967,953,964,923,957,936,959,926,953,981,972,953,925,953,983,937,973,904,938,951,921,966,961,944,967,938,932,945,942,931,950,983,953,949,958,957,940,928,946,919,942,926,965,938,943,960,939,947,934,928,941,984,943,969,963,1
950,935,945,957,955,965,946,945,950,943,946,979,942,963,954,964,929,961,973,965,940,955,976,927,930,964,926,943,950,944,940,931,967,956,962,957,941,935,954,938,967,929,942,966,936,968,936,933,975,961,927,924,953,927,951,951,963,927,943,942,969,946,935,975,928,950,946,965,960,943,917,941,961,951,958,950,970,950,933,954,938,960,962,942,946,968,979,1047,1071,1143,1177,1217,1243,1210,1253,1195,1143,1086,1012,1009,995,986,947,929,941,939,963,952,928,969,955,939,934,925,958,971,940,954,948,944,955,929,952,956,953,954,958,952,957,951,974,932,973,952,944,940,968,950,955,945,972,952,945,960,940,945,958,950,946,931,945,945,950,911,920,943,916,948,950,970,932,954,960,967,948,953,946,922,945,917,957,966,965,937,932,968,916,933,957,957,965,945,934,955,967,948,965,0
953,935,971,947,945,946,968,957,915,936,928,944,934,938,946,952,972,961,955,946,920,948,966,935,956,942,965,955,968,951,959,944,933,975,974,970,934,949,925,947,968,923,941,985,959,968,954,961,960,965,963,951,949,932,947,957,944,944,957,959,927,963,956,947,968,960,974,951,921,951,970,933,946,950,972,922,946,952,947,957,949,943,935,947,956,1010,968,1055,1087,1132,1184,1232,1241,1249,1233,1204,1108,1062,1041,1011,988,970,964,968,945,937,952,950,975,923,939,957,954,950,964,936,948,963,981,954,939,942,936,939,954,938,949,960,944,929,962,926,952,943,962,929,938,949,954,951,941,945,946,952,945,970,932,950,968,976,942,966,975,958,959,918,917,969,927,957,942,948,940,938,932,941,932,971,964,944,937,921,935,952,949,950,951,933,963,963,944,943,919,923,969,958,934,0
949,964,953,953,924,950,944,952,946,946,908,966,944,957,953,934,943,952,959,975,970,958,968,959,963,964,968,955,921,917,938,951,935,931,959,949,938,943,946,954,958,944,928,936,971,957,918,930,929,948,985,946,948,946,953,974,954,932,957,937,941,935,931,925,935,960,950,952,970,951,945,966,954,949,975,929,949,940,931,918,964,939,936,938,973,971,1003,1035,1078,1129,1161,1238,1258,1231,1224,1181,1123,1090,1073,1003,978,1005,942,954,959,937,919,942,956,947,962,925,976,928,921,939,959,937,954,959,945,951,945,928,956,956,959,927,950,959,947,955,945,969,938,948,927,954,948,956,965,946,952,932,953,953,953,945,944,959,948,926,966,953,956,942,924,958,950,950,960,952,942,953,934,960,926,970,940,948,938,939,966,976,951,948,945,938,959,938,952,948,959,949,938,970,925,0
939,939,964,939,947,967,944,967,931,952,961,952,952,947,990,957,941,952,961,945,918,943,942,938,939,950,963,957,971,968,949,941,944,962,949,961,933,955,951,941,960,932,940,937,923,964,946,952,950,953,932,946,951,945,956,957,967,944,993,959,969,960,953,941,945,966,954,949,938,943,967,968,955,951,966,958,964,965,968,943,956,938,954,959,981,978,1017,1044,1090,1140,1177,1239,1243,1244,1232,1170,1128,1081,1033,1021,950,994,911,939,955,944,923,938,962,954,947,931,939,967,945,944,964,931,946,946,950,943,959,943,958,965,915,948,944,943,966,975,944,968,960,931,951,941,975,950,933,941,913,955,960,925,948,957,952,976,964,965,958,979,964,944,956,955,943,956,937,947,958,961,946,968,948,915,961,935,966,948,945,936,935,965,951,932,949,952,937,939,948,938,930,961,922,0
947,957,926,921,947,959,933,947,962,969,958,958,948,945,970,957,961,963,949,983,959,958,952,960,945,964,969,961,950,967,960,950,966,951,959,949,958,957,966,968,957,930,968,959,931,963,962,945,924,954,919,940,943,944,927,961,952,974,955,928,942,938,946,958,969,978,958,942,952,963,938,948,965,949,959,962,948,943,960,932,971,933,930,939,960,985,1026,1046,1092,1119,1208,1223,1244,1268,1216,1205,1125,1068,1027,1000,972,974,958,955,953,939,964,925,966,973,973,956,971,941,967,960,982,947,939,956,947,955,942,944,949,973,937,949,910,964,942,920,958,948,964,953,956,951,959,940,974,938,943,956,938,932,932,917,930,968,942,939,946,942,952,969,962,928,943,954,968,967,956,959,930,933,951,952,960,958,955,975,956,920,970,962,941,973,927,945,953,984,937,949,957,973,941,0
944,979,965,975,928,957,936,938,938,932,961,964,937,937,955,938,938,955,930,962,960,968,945,956,941,925,954,940,940,953,950,945,936,945,955,945,962,963,938,956,923,940,954,933,980,928,945,935,931,959,960,955,950,923,933,955,955,953,943,934,965,944,955,973,951,949,947,955,947,948,976,947,951,916,976,869,858,874,840,846,817,820,823,792,808,799,779,750,737,712,721,742,716,708,750,762,735,752,750,759,763,783,814,801,832,819,844,835,873,880,887,963,949,934,941,974,969,972,947,969,929,966,932,933,922,962,961,943,946,964,932,955,918,956,971,950,952,955,971,956,939,965,958,959,952,928,924,942,918,952,946,957,955,952,969,949,971,973,949,920,962,942,960,941,977,969,951,944,941,934,963,951,951,953,958,941,951,934,946,937,941,942,951,937,951,962,948,1
959,938,956,963,950,946,961,953,945,949,939,952,933,973,968,964,947,967,943,986,958,955,931,946,937,949,914,956,948,947,941,951,941,940,969,952,959,961,949,967,956,976,970,966,963,949,941,980,944,943,949,935,950,960,941,948,938,934,938,937,948,930,949,963,955,949,967,937,965,935,949,940,949,967,930,984,922,941,977,935,953,955,957,925,984,985,1001,1046,1088,1137,1210,1232,1239,1277,1218,1184,1136,1094,1000,1021,1003,947,931,941,939,899,961,966,934,925,950,954,986,953,943,950,957,958,931,937,943,957,959,946,946,958,952,956,955,942,982,960,957,967,935,935,930,940,949,963,931,915,929,958,941,964,961,947,968,946,944,919,964,941,1001,915,970,952,958,974,928,936,935,939,936,955,937,972,931,936,957,958,957,950,958,952,957,919,937,962,946,935,958,966,963,930,933,0
963,952,968,933,918,946,964,974,960,953,930,953,956,955,964,928,968,946,940,943,916,953,918,983,937,929,945,956,958,946,950,956,955,968,959,969,955,969,942,934,964,934,966,955,936,954,960,940,945,964,939,943,953,962,948,951,970,939,972,955,944,951,954,945,948,954,965,943,938,976,916,946,939,916,941,945,969,929,973,943,966,967,962,948,952,986,1000,1034,1091,1139,1211,1236,1253,1243,1215,1201,1132,1062,1032,995,990,951,941,932,940,959,944,956,956,955,955,952,943,951,957,961,921,949,953,950,944,975,966,956,948,952,933,929,933,950,958,936,936,952,930,944,970,970,945,925,928,971,934,957,978,935,946,943,932,942,931,935,943,969,948,951,951,955,941,947,952,932,926,955,952,982,947,936,962,990,970,930,967,965,959,956,928,961,954,980,964,946,922,963,947,929,972,0
941,949,954,946,926,992,940,950,918,951,929,947,945,971,960,943,971,961,963,947,958,918,956,945,941,953,945,950,937,912,956,971,962,946,959,931,938,974,937,959,975,952,945,953,970,960,971,938,986,953,944,950,960,950,962,929,983,930,944,953,949,977,944,916,955,933,961,954,938,954,958,974,963,958,945,973,940,963,934,958,966,948,964,982,993,988,1005,1030,1085,1129,1217,1240,1255,1242,1235,1192,1126,1068,1069,994,962,966,968,962,971,942,972,944,962,959,968,957,942,947,961,961,951,950,952,955,922,948,964,943,969,940,938,960,956,955,937,942,935,966,946,926,951,973,939,958,937,946,949,977,956,947,973,950,964,962,955,961,953,974,971,960,955,955,948,937,940,919,939,954,946,923,965,958,920,967,953,954,955,950,926,945,960,970,931,948,955,949,958,949,943,944,946,0
928,946,947,960,934,959,942,941,969,956,951,955,940,946,939,946,972,941,967,969,952,974,948,961,946,948,945,957,951,958,941,945,964,971,967,946,936,949,927,934,937,954,966,943,955,945,957,973,956,956,945,955,956,949,958,940,961,960,957,946,939,967,945,951,963,941,961,932,946,938,972,943,926,937,939,1066,1121,1110,1116,1142,1144,1191,1184,1232,1242,1248,1252,1274,1297,1306,1295,1282,1302,1277,1291,1300,1292,1278,1292,1280,1234,1200,1174,1222,1205,1144,1141,1128,1108,1099,1049,914,951,948,950,962,939,948,956,965,944,958,962,967,950,931,941,980,971,939,961,948,943,951,954,955,959,970,945,957,945,957,945,934,972,964,982,956,948,947,965,937,959,951,938,942,974,952,945,933,968,942,944,916,943,943,959,944,965,980,977,962,936,952,944,948,955,942,945,939,929,973,933,971,932,933,956,1
955,943,959,966,960,941,963,923,948,951,942,950,948,931,928,966,935,954,930,926,958,936,962,962,940,929,954,940,931,940,935,948,975,936,920,928,969,945,930,952,980,945,957,964,943,976,920,960,939,938,922,961,928,948,954,957,953,947,931,949,949,936,945,949,929,934,920,957,943,942,969,934,959,921,940,1034,999,1036,1009,1031,1062,1072,1096,1083,1086,1096,1111,1102,1135,1124,1151,1149,1145,1137,1149,1128,1104,1098,1110,1129,1116,1070,1089,1064,1051,1030,1032,1037,1043,1031,1013,947,932,958,965,933,953,952,977,927,948,927,963,956,950,939,988,960,944,976,936,977,939,952,974,965,947,976,964,974,939,934,971,944,954,981,944,943,923,951,945,953,933,954,943,932,925,949,947,965,950,934,934,940,930,960,967,958,959,939,945,975,944,950,944,941,966,913,948,940,966,980,950,968,951,952,954,1
968,936,941,949,952,956,939,961,974,953,947,939,962,963,972,974,934,955,938,937,973,933,917,962,960,953,967,953,969,934,962,934,935,949,956,985,936,959,942,959,945,979,991,930,944,959,957,933,957,943,956,965,930,920,936,940,940,936,927,927,948,963,943,976,944,925,945,914,956,962,933,944,948,964,929,963,947,958,947,997,975,966,968,949,962,997,999,1022,1074,1149,1182,1189,1270,1228,1246,1166,1131,1086,1051,1008,982,992,971,955,940,970,938,937,967,943,956,938,941,931,945,937,960,977,946,973,950,940,952,975,972,940,957,943,958,950,962,947,930,942,968,962,968,954,944,942,953,955,936,945,931,949,934,934,966,941,949,937,952,949,964,929,939,931,949,948,924,963,956,969,932,934,942,955,964,955,938,939,936,927,953,934,940,942,927,953,946,935,964,928,958,938,945,0
944,919,930,961,934,931,950,957,933,904,970,934,934,942,941,943,949,938,952,940,940,948,946,950,945,949,940,979,969,922,965,929,926,963,959,928,949,941,945,971,975,979,941,965,949,945,934,935,957,945,915,957,928,931,927,952,942,942,951,943,971,940,948,953,965,963,961,974,939,961,987,928,960,928,975,1022,1037,1017,1053,1062,1080,1071,1072,1089,1083,1097,1102,1142,1120,1126,1145,1152,1120,1145,1142,1164,1144,1109,1133,1099,1102,1093,1087,1086,1028,1031,1037,1014,1020,1032,984,951,938,937,940,974,940,933,955,928,989,956,944,948,956,934,948,969,941,954,963,945,966,968,965,952,952,953,945,940,945,955,914,937,928,958,947,944,937,955,937,948,952,922,943,951,938,957,961,926,963,943,934,934,909,975,943,963,957,945,925,945,961,944,951,938,931,945,973,943,964,963,931,947,949,931,941,1
961,950,970,940,961,935,956,927,949,928,957,935,972,919,963,963,936,938,926,951,962,938,932,984,948,961,950,958,947,929,956,940,965,933,978,974,937,971,943,942,946,970,937,960,977,961,955,945,964,941,922,931,940,958,971,963,951,953,914,941,940,968,956,959,968,965,963,952,941,954,957,936,944,946,947,873,868,839,824,838,815,797,787,800,788,738,752,736,779,712,745,744,723,748,741,740,738,745,754,778,774,795,799,803,794,844,836,842,853,885,872,966,910,949,928,944,948,944,955,937,948,938,941,945,951,959,966,936,944,937,931,951,937,973,954,944,954,967,966,957,942,936,957,986,944,953,946,969,934,926,938,969,937,973,962,962,931,957,970,954,946,945,969,940,930,968,940,928,939,938,932,926,944,947,943,951,947,939,937,951,961,962,917,933,934,965,951,1
956,960,945,941,956,954,960,923,967,940,947,956,940,924,968,947,942,950,958,942,980,960,944,955,968,948,967,946,949,974,953,973,965,962,967,923,946,953,976,958,943,965,963,948,923,956,909,947,962,952,979,958,950,944,954,947,952,984,952,939,936,968,953,955,942,969,972,959,942,971,954,953,930,925,944,858,867,884,848,846,812,816,810,817,768,774,750,754,755,767,749,718,737,757,743,757,740,749,776,780,802,796,779,797,820,843,797,853,875,854,879,977,926,947,936,940,943,963,972,949,951,967,941,962,947,965,954,888,934,976,925,947,958,957,950,946,942,985,963,963,936,973,916,951,926,948,964,939,938,956,939,968,936,936,914,935,957,952,955,950,942,971,915,928,930,923,934,956,942,944,955,959,970,956,955,965,959,965,948,930,948,957,970,943,943,953,980,1
937,932,918,939,935,948,960,940,977,941,930,965,950,930,959,968,947,947,969,945,971,956,962,927,950,943,959,941,964,955,949,934,955,929,967,935,950,977,953,964,957,963,949,920,950,961,952,960,925,958,959,972,962,950,991,941,963,973,969,946,939,964,947,943,956,950,969,965,933,965,954,974,949,922,951,978,975,963,959,965,951,942,926,936,972,1002,1015,1056,1056,1166,1189,1212,1248,1230,1184,1192,1128,1056,1027,1025,973,970,953,934,953,953,942,933,972,951,917,947,962,940,952,995,945,937,960,941,938,937,934,945,949,947,947,937,940,949,951,956,958,942,974,954,954,941,941,958,946,945,947,951,974,928,976,944,954,952,952,972,948,941,930,913,921,956,973,955,930,935,915,950,944,946,955,958,942,968,960,954,971,947,939,915,960,963,966,965,956,964,960,944,936,931,972,0
953,970,956,971,951,934,921,932,959,930,958,949,955,953,987,964,974,925,948,960,956,948,943,954,966,925,980,965,922,931,943,964,929,963,939,966,949,964,961,938,951,925,963,938,965,964,952,938,950,943,949,972,931,948,973,957,949,952,934,935,957,966,936,955,945,964,963,944,972,939,940,927,941,943,953,1069,1077,1098,1135,1144,1128,1182,1177,1217,1211,1210,1221,1298,1295,1287,1300,1287,1311,1297,1357,1298,1306,1263,1275,1263,1248,1225,1209,1189,1199,1183,1153,1133,1111,1085,1069,979,947,939,952,958,943,941,930,931,935,934,973,938,938,935,951,934,955,961,973,951,950,955,968,956,957,948,956,941,935,931,947,931,961,963,968,926,935,943,970,930,927,948,958,953,949,970,924,951,965,939,955,926,971,956,929,939,960,986,956,955,933,960,968,959,944,960,953,973,916,976,932,978,936,944,940,1
948,937,965,966,973,949,967,949,962,966,939,939,914,948,968,950,936,964,957,971,967,950,968,948,931,969,948,924,924,950,951,984,947,952,953,960,942,954,955,935,951,962,964,956,945,961,971,937,933,976,939,937,915,931,953,963,929,954,943,976,965,951,951,949,948,973,964,911,928,974,974,984,914,926,936,915,924,952,969,957,953,928,930,933,967,973,996,1037,1090,1128,1189,1230,1261,1256,1228,1203,1161,1110,1054,1012,938,975,962,946,974,942,973,936,940,923,975,950,944,942,944,932,937,949,940,967,971,944,956,982,931,948,955,964,934,964,929,943,967,926,960,937,946,943,963,959,958,925,968,954,981,940,936,948,940,939,967,971,917,920,938,944,928,948,956,964,942,951,970,967,993,970,963,950,965,928,936,944,952,968,967,943,911,952,956,940,976,928,949,938,922,968,968,0
982,934,938,952,950,957,968,943,941,962,943,947,978,954,961,941,942,960,931,928,957,922,968,953,960,955,960,954,954,935,933,946,971,944,944,963,935,939,957,969,970,947,951,942,924,952,949,931,968,934,948,943,953,961,947,921,946,931,935,944,947,952,966,921,957,939,952,970,988,959,957,931,935,923,955,935,950,931,963,943,945,948,966,928,978,1012,1025,1052,1109,1136,1188,1226,1244,1233,1216,1189,1106,1087,1022,1023,962,964,957,950,943,943,938,964,925,952,956,936,959,942,959,950,939,947,976,968,951,938,938,942,953,952,941,949,947,927,948,953,955,964,945,934,938,936,959,951,968,955,942,944,976,958,933,932,961,972,962,947,965,942,942,955,938,961,947,939,955,954,958,928,930,947,944,952,934,948,967,965,968,953,934,950,943,932,952,943,942,965,953,956,907,930,934,0
948,922,966,942,927,960,944,947,959,963,949,936,955,940,975,944,948,965,933,951,958,956,948,925,971,947,956,973,948,923,937,972,972,946,957,966,960,962,952,927,927,956,958,952,942,933,933,939,952,939,926,973,927,958,975,941,943,954,934,935,947,961,955,975,932,937,952,958,965,953,963,960,926,948,938,889,861,884,882,816,833,791,783,762,811,774,758,749,757,726,748,719,748,740,750,737,762,742,737,782,775,791,793,791,798,831,836,842,844,883,860,967,943,955,963,965,938,956,983,919,932,934,956,949,957,931,949,956,952,961,947,966,930,932,958,951,957,943,928,940,924,950,963,940,938,931,922,967,932,931,937,937,979,956,932,946,933,919,949,954,944,953,951,951,969,950,954,954,924,937,981,955,945,944,965,934,972,967,957,951,935,951,962,930,953,961,960,1
939,967,966,938,968,946,952,972,953,935,928,950,923,943,943,963,955,946,905,946,935,958,965,959,937,950,960,936,965,945,948,970,930,937,945,941,971,961,922,971,966,944,931,954,956,972,952,948,920,941,957,953,952,933,945,942,942,946,970,951,935,931,974,932,965,992,930,950,958,926,951,964,960,901,981,945,954,963,919,959,953,949,949,984,987,1000,990,1038,1088,1135,1197,1216,1257,1251,1225,1192,1124,1101,1049,1020,969,972,942,972,946,956,959,943,913,947,923,924,946,945,964,942,964,943,951,960,964,930,929,949,966,942,919,923,979,956,943,963,942,956,937,924,943,958,968,945,950,961,939,939,918,951,961,925,926,979,978,925,936,939,969,962,940,953,964,969,966,942,956,945,969,946,930,948,953,945,974,934,945,956,969,937,972,932,956,970,940,943,949,965,927,969,942,0
975,957,943,962,948,971,933,944,930,939,957,942,948,958,968,942,942,974,934,953,949,941,936,977,957,945,947,942,936,933,944,953,932,959,940,987,960,956,976,967,941,940,957,972,954,945,936,930,973,949,970,956,961,958,968,950,946,969,929,927,940,942,944,967,954,930,981,956,983,931,926,937,943,923,958,957,954,967,943,935,959,968,945,953,1002,987,1029,1069,1070,1131,1161,1215,1221,1252,1240,1197,1141,1102,1028,1011,977,964,933,961,951,937,951,949,963,960,952,946,950,949,944,951,947,944,968,943,928,982,954,946,928,955,926,948,922,942,931,960,942,956,941,943,966,964,969,955,946,936,953,953,942,931,957,952,934,930,950,968,957,966,932,941,951,979,956,955,960,960,939,950,943,955,943,954,956,935,937,949,930,935,942,941,951,953,962,969,958,952,970,971,981,968,949,0
948,985,948,958,951,958,952,930,934,954,969,966,931,952,959,967,927,963,967,945,942,934,948,956,961,961,948,962,945,914,970,927,975,967,946,945,962,964,939,960,938,953,952,947,954,941,946,953,949,942,950,961,930,985,955,923,953,949,970,945,942,955,958,945,943,948,947,924,953,951,938,955,930,957,953,1085,1109,1090,1122,1160,1142,1192,1189,1234,1221,1227,1248,1311,1300,1275,1304,1308,1328,1334,1316,1294,1286,1284,1276,1278,1243,1259,1199,1181,1183,1148,1129,1124,1115,1079,1058,965,955,941,951,948,936,958,985,951,955,964,929,944,964,964,971,956,970,953,958,933,950,975,964,937,955,969,948,946,954,958,932,949,935,950,957,968,952,981,971,946,939,942,929,952,956,935,942,949,980,931,956,971,950,937,943,942,961,972,951,957,942,951,951,958,988,954,931,937,968,959,952,951,938,971,949,1
959,962,923,938,949,930,977,945,990,953,967,951,935,917,966,944,952,962,956,944,947,920,950,986,960,964,960,967,947,935,942,925,923,970,949,968,959,960,935,941,929,952,938,964,956,933,958,926,934,939,951,956,959,926,956,957,951,959,992,959,930,918,964,954,936,971,951,977,966,939,969,948,956,949,948,881,856,846,848,851,814,795,787,770,786,803,753,759,770,724,730,740,707,738,765,731,757,753,724,761,782,782,797,803,797,833,862,844,864,856,877,937,966,957,931,961,949,957,934,951,940,954,935,972,950,944,966,967,962,913,962,931,947,963,927,940,949,937,942,974,942,938,943,958,957,937,954,914,947,961,963,941,951,946,936,965,979,940,951,949,938,938,936,947,953,955,953,943,951,987,951,961,934,937,969,938,940,953,941,928,917,935,930,947,949,922,947,1
949,948,950,938,951,959,926,905,958,925,979,946,947,960,957,945,974,940,940,932,941,962,944,928,943,977,945,940,927,945,960,959,966,942,945,957,947,934,968,958,938,970,932,966,968,986,928,948,934,914,943,958,970,949,950,942,940,963,944,960,932,946,950,946,951,947,964,947,935,941,928,936,961,971,925,1002,1041,1025,1046,1060,1050,1056,1077,1087,1095,1113,1089,1105,1123,1132,1125,1114,1156,1132,1137,1119,1133,1138,1077,1100,1109,1075,1069,1057,1078,1061,1051,1060,1055,1017,1003,955,950,944,929,978,955,948,940,956,916,940,954,932,941,955,944,954,944,948,947,960,968,959,956,953,939,942,944,929,924,948,951,947,956,966,953,938,976,936,958,956,946,948,935,941,939,953,933,933,950,928,945,927,939,926,934,930,939,943,936,955,956,945,975,938,953,963,963,952,924,954,950,948,955,964,936,1
943,948,906,948,942,950,943,935,943,949,949,948,960,965,955,951,950,942,934,943,950,929,969,928,970,932,955,949,968,947,957,973,928,967,950,944,951,944,943,959,941,923,932,934,975,948,978,963,950,931,957,937,942,942,960,929,942,967,941,939,956,935,954,918,961,935,962,932,948,955,958,975,938,952,946,871,889,866,850,806,836,821,782,781,777,779,769,738,752,737,736,768,706,720,734,764,730,760,751,762,765,789,759,845,823,808,847,826,849,844,848,941,941,958,935,964,965,939,946,946,948,934,944,983,936,966,963,959,954,952,920,936,952,944,963,938,953,941,950,957,960,951,963,943,966,905,951,930,981,989,936,943,912,962,946,920,954,940,948,931,976,975,970,949,934,987,944,958,937,936,954,951,939,956,946,967,943,940,959,918,943,961,980,941,940,942,934,1
946,957,938,973,935,945,976,932,953,949,947,951,938,940,958,959,971,937,944,933,919,938,970,948,945,969,966,979,938,959,942,939,943,956,923,953,967,951,941,950,950,907,949,935,938,962,928,954,964,920,936,959,927,937,946,919,948,962,930,939,933,932,936,960,953,966,938,953,984,970,950,919,966,948,942,870,874,860,855,820,837,828,798,792,786,789,774,725,719,707,720,749,731,736,725,760,745,759,744,780,772,750,765,831,822,824,836,855,858,859,883,946,934,960,936,959,952,941,976,959,975,942,931,928,935,970,944,949,954,969,939,963,955,935,941,940,949,975,947,950,946,956,965,931,960,976,962,943,969,944,944,948,970,961,948,910,959,938,977,963,948,919,924,975,961,944,927,943,949,945,942,924,965,958,962,964,959,960,987,942,953,943,953,957,963,948,943,1
938,929,945,925,941,963,955,971,942,948,926,935,964,941,951,953,943,948,937,943,938,966,956,945,921,964,950,911,931,955,966,962,984,943,938,969,944,930,923,962,936,955,951,943,927,932,943,962,927,940,946,975,948,943,941,911,930,943,920,974,918,939,959,928,942,932,941,951,937,932,954,971,968,922,966,945,950,927,966,956,932,948,981,936,982,979,987,1025,1102,1135,1164,1242,1236,1280,1264,1183,1106,1093,1002,996,975,970,953,955,952,940,949,945,953,940,935,947,957,963,948,949,942,932,928,951,970,982,957,972,965,932,975,938,948,943,950,939,933,958,943,951,949,947,962,931,933,957,937,949,954,915,939,973,947,950,952,964,955,936,937,936,949,940,940,964,928,949,974,983,938,915,933,945,953,950,945,962,946,948,976,928,957,945,937,979,955,929,983,954,954,960,936,0
945,975,955,942,976,978,957,935,967,940,949,955,948,966,939,958,914,948,951,951,958,956,949,975,934,954,954,957,950,947,937,954,970,934,937,973,971,966,953,945,949,951,961,917,946,939,938,944,960,968,926,944,941,962,965,947,943,941,943,945,949,955,943,947,936,943,957,940,962,930,966,933,970,955,932,1059,1077,1109,1128,1174,1157,1172,1219,1241,1211,1237,1263,1267,1298,1303,1334,1301,1318,1300,1309,1308,1280,1269,1271,1273,1244,1229,1214,1192,1184,1185,1142,1131,1099,1093,1054,947,950,931,945,935,948,950,911,938,938,932,942,927,942,937,950,936,958,955,957,940,907,940,974,960,926,953,939,950,975,936,959,957,963,954,945,932,943,945,944,943,959,981,939,943,960,948,953,958,947,977,949,947,931,975,950,961,935,948,943,981,943,974,958,962,925,948,932,980,959,962,941,927,951,953,928,1
944,948,954,971,944,927,934,965,940,938,945,961,951,948,943,938,954,956,936,939,960,958,912,933,941,941,951,955,973,958,940,948,945,951,983,949,894,981,966,959,934,958,972,966,950,937,941,945,954,977,951,930,977,978,962,942,979,938,952,947,948,971,942,937,942,954,945,955,948,982,930,960,929,964,980,924,939,935,983,912,942,931,936,955,958,969,1041,1045,1073,1127,1188,1196,1263,1246,1238,1189,1127,1093,1047,1009,984,965,949,938,957,949,931,947,952,973,954,961,959,940,912,969,972,954,960,945,941,978,932,945,932,961,953,949,973,948,951,948,962,959,935,975,948,954,929,941,967,958,948,954,928,957,952,946,944,946,947,970,971,949,987,948,947,967,955,961,959,949,955,942,949,939,936,954,947,932,957,958,960,938,955,965,956,951,950,970,980,978,947,935,941,948,964,0
939,958,971,969,943,947,957,973,949,935,971,932,937,952,926,964,934,950,923,944,926,945,915,920,959,956,971,946,955,930,923,942,930,941,939,942,980,935,957,944,961,947,931,953,963,958,940,965,937,960,950,940,958,957,976,927,960,926,942,942,951,961,922,960,966,965,933,958,965,947,951,957,929,953,937,1018,1009,1024,1033,1028,1084,1068,1047,1090,1075,1103,1094,1104,1094,1127,1127,1120,1143,1127,1156,1110,1108,1098,1100,1099,1105,1100,1105,1060,1058,1078,1056,1018,1020,1015,1022,944,947,956,940,937,950,948,930,962,971,949,926,934,948,941,956,927,940,962,959,945,943,927,953,979,945,962,958,955,951,945,949,954,967,942,963,951,966,973,950,961,954,959,929,957,954,944,951,965,927,946,915,934,938,992,969,952,941,977,958,927,953,943,948,975,938,956,951,946,949,942,975,936,953,954,929,1
968,958,933,967,934,916,960,956,966,936,955,971,935,931,944,937,967,927,925,931,945,950,952,945,940,964,957,942,962,958,980,979,969,954,943,939,960,920,951,941,964,944,970,960,943,951,938,960,947,954,957,941,945,972,943,933,969,957,940,941,962,980,978,933,938,936,952,922,945,962,951,938,963,954,947,875,845,830,838,842,824,828,791,797,779,751,746,739,759,742,728,731,730,731,741,737,754,720,729,766,765,778,808,815,821,827,855,854,885,868,879,951,929,959,948,939,949,928,986,958,944,938,962,953,936,963,934,963,951,954,945,966,937,940,960,946,937,939,934,952,961,941,952,938,944,957,954,945,977,926,952,940,929,929,947,960,974,942,925,949,945,928,937,957,950,974,944,933,932,967,927,975,959,931,970,946,953,942,943,952,967,973,948,946,984,959,954,1
962,942,938,986,948,943,951,973,939,951,944,936,943,937,968,948,980,922,932,977,979,935,926,919,971,919,931,949,925,962,956,950,947,953,913,924,950,948,940,983,948,936,962,965,961,941,955,948,966,974,919,986,926,951,948,940,953,947,964,955,927,942,963,953,932,962,935,953,951,939,947,954,979,955,964,940,955,941,988,934,951,934,954,943,967,987,994,1056,1066,1140,1189,1234,1250,1264,1241,1203,1129,1088,1038,1031,973,961,935,955,946,954,938,950,960,950,967,956,933,949,953,992,944,943,949,961,944,925,947,935,926,967,961,970,986,941,928,933,947,963,928,963,947,949,958,952,971,947,951,924,952,952,958,963,949,962,940,955,940,934,962,968,947,957,976,927,930,955,931,942,960,935,960,976,953,955,957,957,951,935,966,955,979,945,974,953,950,947,963,926,966,965,947,0
960,921,950,917,946,980,948,961,956,951,947,951,960,952,953,939,930,935,945,946,932,970,941,931,951,926,978,953,949,958,954,950,947,940,953,947,933,946,971,957,964,943,956,946,951,972,971,953,939,951,944,945,938,925,945,969,955,940,967,958,963,943,960,962,935,975,956,943,967,944,905,955,932,947,964,963,938,937,947,941,960,963,951,949,975,984,1027,1064,1099,1135,1176,1211,1261,1269,1214,1216,1117,1075,1047,1014,970,951,923,936,957,934,951,935,942,952,941,950,935,963,949,954,929,946,952,962,913,946,961,939,935,958,948,943,950,955,936,968,942,950,969,940,950,953,970,955,951,949,940,925,996,963,939,949,949,907,923,935,949,952,955,944,926,916,939,976,934,946,949,946,948,958,949,963,967,960,958,945,971,933,937,963,939,954,975,963,960,957,946,915,966,954,950,0
939,981,949,931,964,937,940,936,955,949,937,961,977,953,969,976,978,927,962,933,936,937,979,944,934,951,943,927,960,952,959,948,973,918,945,971,962,931,948,935,944,940,933,922,943,947,946,940,933,973,952,933,940,975,967,951,966,959,977,951,954,927,946,942,949,944,965,950,959,964,951,948,953,924,962,1054,1084,1115,1140,1146,1146,1175,1196,1223,1230,1247,1253,1269,1273,1288,1301,1301,1313,1315,1317,1312,1309,1277,1284,1275,1241,1234,1203,1196,1179,1172,1142,1112,1121,1082,1056,946,967,963,941,914,955,977,957,944,934,929,936,918,952,945,933,959,933,925,970,958,955,969,957,959,981,961,948,937,947,934,940,945,944,955,955,948,960,940,949,983,951,973,968,951,956,1005,951,939,941,946,934,946,942,920,941,970,947,966,952,956,960,953,960,959,922,957,982,938,953,944,937,953,933,919,947,1
926,949,963,951,932,941,971,953,940,950,960,918,941,951,950,964,950,955,944,940,943,923,928,959,926,959,931,921,964,943,949,966,934,951,939,952,948,970,982,947,949,949,937,931,933,955,951,926,943,943,934,941,943,974,951,951,927,943,938,941,942,940,932,947,948,948,950,921,935,955,954,955,959,955,930,982,955,978,952,918,938,952,970,948,965,980,1015,1036,1088,1132,1176,1253,1253,1246,1231,1163,1157,1113,1074,1008,980,951,932,940,969,969,935,933,941,955,973,950,975,933,976,922,960,958,938,953,920,925,967,951,965,951,967,934,972,957,938,947,960,968,926,940,942,938,959,953,941,929,938,967,949,957,950,933,935,950,945,946,975,964,929,964,965,974,972,930,951,967,939,923,933,941,929,958,965,960,986,950,952,939,925,958,949,945,947,933,943,922,938,960,959,954,946,0
930,952,959,939,955,949,980,966,954,930,955,934,932,936,896,958,948,966,934,947,958,936,975,980,931,964,936,935,948,971,949,959,935,956,932,959,943,941,955,922,956,950,962,971,939,934,945,954,927,954,973,950,945,965,929,933,957,974,935,953,959,946,947,960,959,960,982,961,964,957,947,928,942,940,934,894,875,866,840,820,812,786,803,785,753,750,748,737,757,746,737,738,755,715,731,745,741,744,736,788,752,767,809,818,844,797,839,853,844,869,899,973,959,977,946,933,944,959,950,943,964,962,935,981,982,964,932,953,965,925,960,957,949,952,953,947,957,952,964,930,916,954,964,936,932,937,959,956,970,955,943,919,931,943,922,946,917,931,961,948,972,951,964,939,944,956,938,948,953,926,945,932,937,960,936,944,942,935,958,952,941,937,966,954,950,979,962,1
960,935,948,948,976,953,975,938,937,941,940,950,925,954,919,945,935,943,936,950,953,936,949,943,943,942,956,946,939,934,948,934,929,967,938,923,959,960,933,947,963,953,957,914,955,940,947,955,965,970,941,932,971,930,941,934,934,930,955,916,960,943,942,949,922,974,943,945,953,942,958,972,937,933,937,935,950,955,956,935,941,946,944,974,978,981,1030,1027,1069,1122,1202,1232,1239,1229,1222,1198,1144,1088,1016,1010,977,971,934,924,938,941,956,968,966,949,953,933,970,983,963,958,957,964,954,952,977,941,955,957,942,932,950,936,951,960,936,955,940,950,963,938,944,936,942,977,959,962,946,974,938,963,997,940,934,961,964,933,922,943,943,952,944,945,942,943,953,939,959,916,916,949,956,952,957,948,947,949,942,954,950,938,922,957,955,947,947,960,947,964,933,965,965,0
971,945,943,950,937,931,933,974,955,952,922,968,953,960,899,932,962,946,980,957,951,936,955,954,957,956,934,911,939,935,952,961,920,923,948,969,965,941,954,945,957,953,961,951,971,947,951,924,940,958,933,940,962,930,953,964,966,930,939,956,928,938,951,948,957,938,949,953,958,938,946,965,940,963,930,923,958,960,931,940,960,933,949,964,962,975,1013,1042,1092,1124,1189,1229,1247,1253,1227,1176,1149,1083,1030,1018,1013,960,935,940,957,946,939,922,958,963,966,938,948,939,967,972,947,939,959,968,973,951,936,936,936,970,963,956,936,927,974,953,940,987,952,927,952,945,962,928,949,948,967,933,971,939,940,948,939,929,933,953,958,973,956,958,952,954,935,935,977,931,939,966,956,959,955,969,967,979,961,955,960,936,916,945,942,961,965,945,958,919,961,936,952,939,913,0
945,960,959,977,927,949,951,948,969,942,940,929,965,928,971,930,936,950,930,978,924,957,938,951,965,954,945,939,944,967,946,914,967,939,945,940,959,952,991,948,959,933,947,924,970,966,957,945,940,954,972,937,963,977,942,951,944,977,953,957,941,959,933,973,941,965,957,964,967,964,946,956,953,964,954,981,944,956,973,961,953,950,962,937,977,998,1027,1053,1097,1139,1180,1228,1245,1232,1218,1174,1165,1096,1043,1009,976,976,958,931,941,931,956,950,944,934,958,966,969,984,946,966,936,961,943,953,953,952,955,957,949,935,932,937,950,936,959,937,958,929,975,956,947,936,934,956,945,924,957,933,948,947,930,988,928,928,946,934,970,965,924,934,947,931,953,942,965,943,920,951,946,971,926,908,948,966,954,959,950,911,985,938,955,964,962,939,954,950,956,952,968,952,959,0
941,949,934,951,956,971,943,944,937,949,943,965,964,973,947,957,939,945,954,916,933,970,950,949,953,963,956,938,966,927,941,956,975,961,948,925,943,943,953,940,929,946,935,979,988,935,936,939,953,964,930,969,964,945,958,946,940,990,950,965,941,985,979,952,942,967,946,971,938,950,946,940,952,953,950,908,954,938,924,946,943,946,959,941,970,995,1047,1042,1103,1142,1161,1230,1251,1250,1223,1150,1122,1094,1041,995,1005,975,979,951,951,923,945,953,939,962,965,953,951,953,942,932,951,979,926,949,956,942,950,949,941,958,970,928,956,954,939,935,950,951,942,951,987,929,946,969,956,947,911,948,947,955,938,970,938,955,961,927,954,952,975,956,947,954,954,942,931,950,966,955,948,964,944,949,951,950,959,947,961,958,940,947,956,924,955,956,961,944,931,955,957,940,984,0
948,953,973,929,963,923,952,958,949,957,948,966,948,948,952,962,928,968,938,969,958,961,949,940,945,967,953,968,948,933,915,930,934,941,919,978,950,952,954,949,941,935,953,940,951,948,937,966,959,923,959,941,960,949,951,957,935,959,923,948,978,961,949,959,938,962,942,975,967,938,967,954,952,934,953,997,942,950,952,956,924,953,959,952,963,1030,1019,1053,1091,1139,1153,1232,1251,1231,1207,1193,1148,1072,1044,1049,972,957,964,937,969,945,930,941,920,962,943,960,934,953,957,963,959,954,967,924,956,965,919,934,929,953,964,946,951,976,956,950,938,944,941,935,965,957,958,960,934,957,931,938,977,919,982,970,929,963,963,951,957,924,964,939,944,969,925,943,962,936,913,961,950,966,957,986,973,972,940,947,972,940,952,932,944,954,966,939,946,920,979,955,961,959,935,0
945,935,952,939,933,945,936,945,916,958,961,958,938,930,939,955,959,957,939,965,966,945,953,942,963,965,932,986,947,953,977,944,970,946,956,962,972,959,940,956,964,971,936,916,932,955,955,984,944,942,975,955,963,947,948,960,983,970,940,949,911,975,961,958,952,947,955,933,944,950,936,963,943,953,926,994,1051,1020,1045,1017,1053,1054,1094,1083,1086,1084,1135,1084,1131,1139,1133,1109,1121,1124,1122,1109,1119,1116,1105,1113,1095,1107,1086,1086,1075,1057,1048,1030,1043,1000,1004,957,935,926,953,960,955,949,958,958,959,947,971,940,942,954,921,961,943,923,908,942,972,946,925,964,955,961,943,973,950,947,960,948,950,950,964,949,945,952,944,958,987,953,948,950,930,936,944,973,949,961,956,946,933,968,952,961,954,952,958,988,925,938,958,951,943,980,979,971,933,948,907,923,963,960,953,1
945,960,960,960,943,966,930,948,969,965,953,938,932,939,949,943,947,937,953,954,958,961,922,975,936,941,949,931,964,965,936,969,953,944,929,975,961,918,915,957,965,962,924,932,948,975,972,959,938,961,929,939,937,960,972,965,934,943,943,955,941,968,962,939,932,931,968,942,953,949,940,945,957,935,924,947,934,947,960,972,947,934,959,943,967,967,1033,1071,1080,1163,1192,1224,1236,1245,1232,1205,1146,1067,1026,1002,961,960,930,939,958,941,948,969,958,956,959,939,910,937,946,918,970,978,958,945,943,954,925,945,975,923,957,962,941,974,947,961,976,943,922,967,940,916,939,942,947,952,970,933,933,955,981,940,958,921,961,964,944,958,961,969,943,945,934,955,955,949,958,943,934,968,971,947,924,939,974,973,937,943,896,948,948,953,932,946,955,928,934,939,966,933,969,0
958,976,963,939,923,931,956,951,943,946,916,961,952,939,953,956,956,937,947,947,937,951,951,963,940,922,921,956,975,984,946,949,955,931,977,946,938,947,946,975,943,917,964,941,946,954,945,961,951,946,949,948,960,941,952,951,949,928,943,968,960,952,947,938,947,938,943,928,952,977,941,943,950,924,950,965,969,966,950,957,945,937,931,957,971,964,982,1049,1069,1140,1176,1245,1236,1256,1255,1183,1133,1079,1033,1003,1010,965,963,968,945,926,973,930,973,938,969,941,984,931,938,954,959,943,953,948,961,913,912,935,934,941,955,962,961,957,963,937,959,926,941,953,945,960,950,939,950,954,927,918,932,948,948,956,941,940,958,956,957,909,947,948,955,951,962,935,979,952,947,928,944,936,942,944,973,944,966,943,927,922,930,977,973,938,924,947,941,931,960,948,947,949,971,0
993,947,933,936,962,977,969,950,945,965,951,938,953,949,953,932,963,940,969,937,932,961,955,965,954,945,929,938,944,966,935,976,948,927,952,987,935,950,955,968,947,964,918,958,922,949,919,945,982,960,955,952,952,944,958,940,970,961,960,937,949,949,952,928,927,940,942,950,956,956,952,936,953,944,943,885,871,853,818,837,823,813,794,797,771,773,815,770,747,746,756,752,749,734,753,747,756,745,734,777,749,754,744,785,821,820,835,852,862,877,876,960,937,965,955,922,967,944,941,931,905,954,963,976,990,944,940,966,940,932,959,946,952,938,975,963,941,930,968,957,948,951,924,923,941,954,975,957,976,963,972,952,951,940,967,936,942,943,941,945,958,932,934,951,949,945,941,952,956,953,951,962,955,930,937,955,952,946,929,952,951,963,929,926,948,936,968,1
942,940,958,939,929,954,944,940,931,919,964,927,970,946,935,930,969,951,944,919,934,974,973,950,956,964,959,972,952,958,958,945,927,959,956,949,941,957,963,952,933,970,941,943,960,961,974,956,965,942,967,957,986,997,934,962,960,948,969,932,968,967,954,945,944,947,964,943,969,926,937,957,948,946,935,909,966,955,957,977,964,968,961,957,952,975,1012,1054,1087,1120,1200,1238,1222,1233,1221,1184,1118,1093,1058,1008,978,974,916,964,932,938,948,970,940,953,948,937,976,913,952,957,945,939,964,985,960,978,928,919,949,977,945,988,954,955,951,945,965,946,928,953,950,951,963,934,958,929,958,962,945,910,953,968,945,960,961,969,953,956,959,959,946,940,964,953,938,948,958,944,921,929,956,957,947,935,966,959,960,960,927,965,907,973,938,975,954,945,940,969,959,959,929,0
963,977,942,955,948,936,955,925,952,957,959,946,958,954,958,923,952,933,951,928,947,938,958,964,964,963,935,937,973,963,930,947,921,937,961,945,945,965,945,956,945,942,919,960,946,928,946,937,958,954,988,945,952,998,951,931,967,955,928,936,923,955,973,949,929,966,942,949,965,972,939,945,966,945,976,1000,1032,1046,1054,1037,1045,1068,1074,1102,1078,1130,1085,1110,1113,1124,1104,1113,1120,1113,1113,1141,1138,1137,1113,1089,1110,1110,1079,1076,1067,1056,1023,1006,1026,1035,1003,951,972,975,931,914,936,959,955,964,948,975,942,943,975,945,939,933,966,968,948,936,935,965,983,962,938,941,914,960,959,956,941,962,957,936,940,961,960,938,946,948,940,952,959,972,955,928,980,954,944,933,970,952,936,943,928,967,936,935,954,963,974,905,939,936,955,942,937,941,960,960,959,938,943,943,935,1
947,932,933,950,946,953,958,933,954,932,973,956,942,942,960,955,949,933,941,968,930,941,931,910,934,922,967,949,958,947,944,988,952,940,962,982,958,959,956,958,934,964,933,960,930,940,961,958,961,914,934,953,959,959,951,956,956,966,949,932,912,915,936,966,957,928,956,935,960,956,964,958,943,920,948,984,1042,1032,1023,1080,1052,1069,1061,1104,1098,1106,1099,1116,1129,1142,1117,1129,1149,1134,1113,1140,1123,1110,1103,1118,1086,1088,1118,1068,1067,1042,1015,1034,1033,1024,1012,945,940,944,958,948,907,967,920,964,957,954,960,942,964,976,926,968,936,968,931,930,935,937,939,939,960,941,954,943,949,946,956,965,963,971,962,962,919,927,959,951,947,944,957,932,989,938,982,963,921,965,961,939,960,960,936,963,960,936,973,964,963,938,978,934,967,957,972,957,945,931,942,966,948,941,954,1
959,925,969,944,957,960,934,945,939,982,979,946,944,964,945,957,941,956,968,943,964,956,960,959,930,925,928,942,966,951,926,949,959,952,944,940,929,949,941,954,951,960,957,961,927,944,943,960,941,965,934,953,949,939,945,936,964,966,948,933,967,969,963,936,945,913,952,954,974,939,945,965,953,944,940,876,857,862,866,833,804,816,792,793,765,766,779,743,759,737,728,737,738,713,752,729,744,745,754,786,761,764,779,813,818,813,830,833,858,854,881,984,954,912,964,939,910,940,951,977,978,931,938,949,962,946,930,926,937,931,947,946,935,940,923,917,979,953,952,936,949,955,963,954,935,958,937,934,974,960,959,954,921,937,972,919,949,942,943,929,960,933,956,952,948,946,936,958,963,957,947,979,955,936,947,948,940,959,926,945,954,936,938,916,944,980,969,1
931,936,969,949,937,956,951,974,956,935,946,950,947,987,946,930,931,965,935,979,961,925,957,961,955,949,946,927,963,948,952,938,952,926,953,942,947,923,932,948,959,945,938,945,944,972,951,945,971,938,954,948,946,931,922,968,935,958,979,962,958,955,959,942,947,947,952,971,972,933,952,938,940,944,936,896,855,843,851,852,855,814,775,785,767,762,794,754,736,769,746,752,718,739,740,752,732,742,755,764,746,778,805,790,844,822,807,852,871,879,870,961,944,948,966,950,930,959,966,917,935,947,956,946,988,945,949,944,953,958,947,957,963,945,959,920,943,967,957,967,982,937,954,943,990,926,966,955,970,961,965,922,967,983,948,943,939,958,972,927,935,957,950,943,953,941,945,947,950,930,968,952,972,956,948,951,959,940,923,947,937,958,937,923,947,964,945,1
968,977,962,948,934,940,934,964,962,952,959,969,925,940,958,949,921,954,946,963,949,950,943,933,958,930,929,934,961,951,967,918,953,923,942,942,954,938,923,946,978,961,941,954,951,936,940,937,974,954,950,919,955,966,959,961,928,949,955,943,971,942,941,956,929,937,948,956,943,943,935,946,977,968,967,1019,1013,1039,1033,1071,1060,1047,1071,1097,1102,1069,1115,1116,1104,1156,1121,1129,1143,1140,1129,1105,1122,1131,1131,1098,1077,1091,1098,1089,1043,1044,1019,1049,1030,1028,1015,942,955,938,953,942,963,959,957,949,947,951,954,936,962,942,944,942,949,952,945,944,929,941,972,953,938,974,966,962,941,965,962,960,939,923,978,954,970,936,974,955,944,948,974,938,952,943,924,969,928,958,915,956,975,951,926,937,974,956,947,958,940,919,935,968,975,942,924,973,952,957,947,969,945,925,955,1
932,942,951,956,933,950,951,950,954,959,953,947,950,954,922,952,934,960,925,962,938,938,942,945,941,960,931,951,962,937,941,935,932,937,955,933,966,953,950,948,943,965,941,943,959,932,953,917,923,956,948,961,952,967,966,978,969,936,967,946,947,966,937,961,956,936,967,940,932,935,943,950,943,943,972,948,948,978,930,925,965,938,944,912,936,1007,1029,1030,1064,1129,1186,1200,1219,1251,1212,1171,1149,1116,1046,998,996,996,947,961,949,970,940,936,930,950,964,957,959,951,918,953,925,941,916,958,942,964,972,935,933,965,948,938,957,970,946,950,944,901,937,954,937,947,944,953,931,952,951,957,942,952,933,967,942,958,911,907,941,948,939,937,944,955,964,945,934,935,949,947,958,952,960,962,922,972,922,923,951,959,964,961,932,954,949,955,932,941,944,950,944,927,972,0
951,958,936,944,974,960,946,940,949,969,923,963,949,943,959,979,958,943,920,934,927,956,953,898,948,951,916,946,947,956,910,970,944,918,947,975,940,928,943,929,954,956,951,938,974,946,941,948,964,958,937,960,955,922,967,949,957,954,934,946,947,957,958,951,955,936,940,933,911,954,953,950,956,955,961,877,889,858,846,817,819,814,812,796,783,768,751,754,750,755,733,751,737,723,732,712,775,752,773,749,751,793,807,810,810,820,840,831,866,867,888,952,976,964,970,956,944,949,978,936,942,959,968,944,973,937,930,953,970,948,962,940,944,957,963,979,960,944,949,943,958,943,917,960,953,932,951,966,959,939,954,954,946,967,943,929,941,939,938,961,933,930,935,957,922,963,933,936,925,929,946,982,944,970,974,977,949,937,946,958,957,963,946,962,976,943,967,1
942,930,936,935,952,894,978,954,982,941,908,916,959,957,939,944,936,946,958,977,943,929,956,949,951,941,933,971,954,931,930,945,957,938,937,965,944,953,944,939,968,961,960,938,948,952,919,959,925,948,953,954,961,934,966,959,984,940,959,916,949,957,925,939,984,936,936,930,932,972,943,951,945,954,965,961,927,952,962,957,974,954,939,979,914,996,1022,1045,1070,1147,1207,1223,1218,1237,1251,1183,1139,1088,1046,1008,990,958,934,973,951,946,941,938,943,978,963,946,921,945,945,968,961,947,957,947,964,936,952,962,948,958,930,955,953,963,919,972,947,957,931,913,963,939,958,950,940,963,930,949,960,953,969,940,960,945,946,949,934,982,987,936,951,952,943,947,955,943,945,952,962,952,953,941,940,982,952,963,924,967,940,946,950,949,950,950,962,951,935,961,961,968,945,0
940,927,978,959,933,975,961,953,949,941,947,948,925,971,944,960,934,943,961,931,932,972,968,927,939,954,938,945,944,969,942,950,953,947,962,964,952,948,934,948,955,915,949,938,933,961,956,972,949,954,960,955,944,963,960,957,926,973,943,926,915,960,950,940,956,976,976,947,959,930,933,978,930,970,959,937,955,951,931,952,938,956,959,944,977,999,1024,1044,1092,1145,1186,1243,1240,1255,1235,1222,1143,1068,1030,1013,989,968,952,967,972,940,951,980,940,939,990,936,982,943,949,955,953,943,955,949,945,926,972,943,963,957,942,984,969,914,957,962,957,943,946,943,955,939,938,970,950,947,957,948,932,939,941,966,962,948,940,929,939,947,970,946,954,945,964,937,942,961,972,967,978,970,963,915,940,960,937,968,975,938,964,969,953,938,955,967,951,955,955,947,942,959,950,0
970,941,925,966,956,950,953,939,949,925,959,959,956,960,965,953,941,955,953,940,946,970,955,939,986,973,945,948,937,935,933,988,939,927,938,940,934,939,954,973,923,940,922,943,953,938,950,944,978,935,972,935,964,977,951,937,943,955,956,962,958,964,971,950,971,959,947,930,917,945,955,931,972,970,935,1070,1103,1087,1121,1167,1145,1167,1178,1243,1197,1213,1265,1285,1292,1302,1312,1306,1309,1304,1311,1325,1302,1280,1270,1262,1263,1180,1207,1195,1181,1176,1147,1132,1110,1099,1110,932,947,976,935,960,936,949,934,984,964,959,929,954,938,970,947,947,943,935,949,948,950,954,957,943,937,965,929,944,959,925,953,966,945,933,970,955,988,937,962,955,935,958,948,931,940,950,944,934,955,963,961,944,949,940,962,949,951,939,969,960,939,971,981,956,938,972,969,950,966,952,959,959,973,964,948,1
967,956,954,960,927,954,956,932,963,945,968,960,964,952,955,940,947,946,928,945,991,944,968,923,953,931,931,946,918,945,941,968,953,978,958,946,951,942,947,935,955,972,923,954,954,980,981,939,930,978,931,935,975,952,957,950,950,942,951,947,947,963,945,930,972,980,970,966,932,936,963,954,962,926,958,1022,997,1027,1041,1055,1071,1050,1061,1092,1060,1085,1113,1096,1107,1106,1123,1138,1129,1113,1135,1139,1125,1082,1099,1124,1082,1097,1065,1085,1061,1063,1033,1040,1020,1011,1018,955,953,946,957,921,949,930,962,943,933,960,971,954,954,927,930,934,955,926,957,963,950,934,928,952,939,958,948,952,949,962,926,982,954,949,952,948,950,932,957,964,957,943,944,959,967,963,951,958,962,947,961,949,969,937,968,952,943,924,937,935,961,940,943,940,958,966,928,972,955,929,925,948,962,952,964,1
961,942,970,942,955,949,957,952,957,926,957,960,938,937,924,932,944,965,926,963,953,952,952,960,972,951,976,952,965,931,950,943,939,950,949,962,971,936,928,928,924,956,942,944,933,947,970,937,960,963,993,921,940,960,947,946,944,965,932,962,937,922,969,944,942,951,930,936,939,969,945,948,939,973,955,1093,1074,1085,1115,1136,1156,1178,1186,1209,1229,1233,1274,1294,1260,1304,1326,1313,1308,1305,1309,1315,1308,1280,1244,1268,1260,1213,1194,1223,1182,1185,1152,1157,1099,1097,1062,941,970,954,941,933,963,923,953,956,949,939,923,964,955,908,938,959,957,953,950,948,945,974,957,934,965,945,951,928,935,928,973,934,947,954,948,956,947,946,958,963,932,935,942,969,934,951,948,917,962,951,953,924,941,949,942,950,956,955,936,945,952,940,978,946,938,964,963,912,950,948,940,921,948,960,959,1
955,958,938,949,965,964,938,933,949,941,915,901,929,960,926,956,938,946,947,971,929,939,952,945,967,955,930,945,961,950,967,950,955,939,924,934,961,948,946,983,971,964,923,958,948,945,951,955,947,945,948,949,944,963,952,942,972,962,934,951,938,966,971,939,927,969,951,938,939,930,954,946,985,950,952,945,953,979,953,946,975,948,951,931,946,975,1004,1054,1075,1161,1171,1238,1240,1268,1225,1187,1110,1090,1067,994,988,957,926,941,949,934,970,942,902,942,936,946,970,949,944,960,958,948,946,960,959,942,925,932,955,947,963,971,969,979,927,938,938,934,931,954,937,949,958,939,953,972,948,950,946,959,934,927,961,954,959,991,959,944,951,947,947,950,951,953,937,965,953,951,953,965,949,945,943,941,937,935,931,934,937,949,948,939,984,964,940,921,923,975,958,948,948,0
953,937,954,960,944,920,967,950,933,923,945,956,914,952,956,966,962,925,944,963,920,935,950,954,939,944,978,952,962,961,907,946,960,952,940,958,940,967,952,939,963,937,922,965,962,958,925,948,983,935,915,972,925,959,952,969,946,936,925,962,946,970,948,967,936,955,964,944,929,934,960,930,941,951,958,955,959,944,929,923,965,964,951,951,958,987,993,1037,1055,1144,1197,1233,1250,1241,1227,1163,1146,1065,1061,1012,992,978,944,944,959,944,932,937,933,928,935,965,941,942,971,959,966,958,963,942,922,936,918,943,960,941,947,932,952,961,977,936,919,925,956,960,968,926,980,931,955,954,964,957,959,948,949,918,929,948,959,943,958,954,957,963,949,981,959,940,943,944,956,918,934,952,949,967,944,911,935,925,961,953,967,931,953,942,927,962,956,959,942,971,969,964,932,0
939,963,960,949,965,972,946,943,959,949,945,950,954,930,932,927,953,942,955,973,960,990,948,924,960,952,951,911,954,957,934,948,957,971,955,932,963,934,936,950,938,950,959,937,968,951,962,956,965,972,944,970,966,958,926,965,966,961,951,953,931,960,944,947,947,941,959,971,940,936,956,953,966,934,956,933,931,954,957,953,953,957,959,963,982,995,1009,1064,1073,1148,1206,1255,1264,1260,1247,1170,1150,1100,1049,997,989,968,937,933,954,974,932,951,977,925,966,940,951,950,944,923,956,973,966,950,954,965,952,968,964,946,965,959,953,931,945,924,960,968,969,954,943,942,921,947,944,956,982,940,939,945,955,958,955,963,955,946,947,961,932,945,944,985,954,939,938,956,937,950,967,954,962,956,958,922,961,927,950,963,932,959,947,963,976,934,937,951,972,912,936,960,961,0
963,959,949,948,959,925,938,964,936,927,937,958,965,959,960,972,956,960,984,937,938,926,932,962,951,953,944,965,949,952,943,975,970,923,949,949,940,968,956,926,959,956,927,961,967,941,954,956,941,962,930,939,953,934,934,924,948,986,959,940,949,949,950,950,934,959,940,960,937,948,960,937,968,958,933,1096,1090,1110,1108,1147,1156,1169,1144,1222,1235,1251,1235,1275,1268,1260,1297,1325,1322,1315,1319,1296,1296,1295,1286,1223,1240,1255,1185,1209,1175,1153,1149,1123,1102,1115,1068,928,946,971,956,958,958,946,966,952,954,951,966,962,935,952,951,958,952,945,925,938,954,942,958,943,957,950,962,923,950,969,973,942,936,968,969,959,936,941,934,957,950,963,945,952,955,961,939,934,955,941,929,938,946,965,938,949,925,968,975,960,956,947,964,955,926,953,928,942,939,958,945,934,971,966,931,1
942,940,943,959,955,964,977,921,963,971,946,942,956,965,959,939,950,946,929,963,957,938,911,981,948,941,967,980,951,930,960,927,938,945,952,962,960,959,963,973,961,973,965,949,924,946,969,961,964,957,958,959,934,948,915,947,940,939,983,958,968,937,940,951,938,962,936,960,947,942,927,978,974,922,950,964,975,923,980,976,929,923,941,976,967,987,992,1044,1065,1187,1195,1209,1264,1254,1217,1183,1109,1103,1038,1040,956,979,963,915,959,950,949,956,976,958,943,953,943,929,953,967,965,935,926,963,944,976,930,956,950,978,948,976,953,968,961,927,940,979,965,988,948,963,953,939,970,936,941,928,961,960,957,958,944,968,935,964,938,930,946,943,954,971,963,959,939,963,956,943,930,945,944,947,924,978,942,953,954,952,940,925,954,976,960,950,961,937,939,970,952,934,942,0
935,965,977,970,932,951,955,956,939,935,933,946,936,935,944,969,932,948,930,937,961,923,948,933,914,979,935,942,947,963,944,976,956,955,974,969,984,957,961,942,924,970,927,936,942,939,952,967,965,958,961,941,942,962,952,979,965,947,956,955,971,967,948,939,949,964,939,907,940,954,955,929,974,948,946,868,857,849,809,824,829,813,797,783,804,763,772,732,753,757,738,729,724,727,742,733,734,736,766,766,788,763,801,802,824,828,809,837,870,860,882,956,961,947,945,922,973,950,917,937,987,951,930,931,952,952,931,950,992,916,963,980,955,945,941,919,979,933,945,942,936,951,974,959,934,938,957,943,967,942,963,942,960,929,957,948,958,942,951,964,953,962,978,943,949,928,954,968,938,940,948,948,971,942,966,943,954,933,967,941,973,957,932,967,956,952,926,1
950,949,953,953,943,939,962,983,950,973,955,975,948,934,933,928,921,941,956,943,953,945,987,948,931,967,963,946,935,950,962,933,930,923,950,970,967,929,939,964,951,946,937,949,961,937,964,949,954,945,938,954,974,959,944,959,942,945,934,960,941,960,961,944,975,963,961,933,947,929,969,961,956,942,962,899,887,889,868,854,806,828,790,802,796,765,775,767,747,757,721,719,736,775,756,731,743,741,752,757,783,791,817,787,811,821,835,857,876,873,872,950,960,947,970,950,947,956,971,948,980,951,935,965,973,939,938,964,944,942,965,953,949,954,945,957,940,949,931,974,935,965,972,939,944,952,963,924,925,938,941,963,960,976,932,941,954,941,939,931,960,962,929,936,978,939,962,942,972,936,966,932,956,932,961,949,953,938,947,946,960,982,950,969,960,945,952,1
964,974,933,959,966,956,926,948,959,960,936,938,954,932,981,951,986,952,951,937,951,961,959,976,935,955,956,949,956,945,941,968,954,917,943,972,954,956,952,957,958,957,931,949,932,990,947,942,943,930,967,941,939,952,945,967,969,961,940,959,961,948,950,954,937,954,942,928,951,993,967,941,930,954,950,1010,1022,1027,1032,1059,1038,1079,1047,1085,1098,1105,1104,1113,1088,1127,1112,1142,1125,1135,1143,1117,1117,1118,1089,1111,1119,1094,1084,1050,1066,1060,1044,1013,1036,995,1012,940,965,953,950,957,943,931,960,944,956,981,952,952,959,946,957,949,911,930,974,973,921,930,952,943,923,970,929,939,945,937,950,953,952,982,948,955,925,944,950,957,960,989,946,941,947,961,975,932,938,965,918,953,958,962,940,928,927,955,945,974,918,940,955,944,964,920,946,956,975,966,925,957,951,951,952,1
964,941,938,989,960,943,932,947,957,948,972,935,956,956,933,967,907,982,948,951,964,946,930,954,958,957,939,957,947,939,927,927,956,959,918,940,942,957,928,966,958,939,966,957,941,975,939,940,928,952,952,951,930,975,973,978,970,935,947,921,924,938,937,957,938,956,956,955,955,934,956,972,951,962,944,940,945,941,956,947,935,951,945,970,972,1003,1013,1054,1110,1115,1177,1260,1249,1286,1218,1142,1128,1067,1056,1011,966,977,971,932,963,928,978,938,921,947,955,942,947,963,959,948,965,954,947,948,956,951,932,929,934,987,912,967,944,952,938,932,951,967,950,934,960,949,967,963,973,949,945,940,959,950,951,994,946,974,947,961,950,956,955,944,953,989,960,948,943,974,943,932,945,929,933,934,955,943,962,918,944,955,970,967,927,907,952,966,938,947,921,935,954,947,941,0
947,954,947,972,954,965,940,968,946,974,944,964,932,950,962,962,980,934,955,923,963,940,970,947,955,943,950,965,949,956,976,925,925,948,946,927,941,959,965,963,962,956,944,972,933,961,939,957,976,959,920,933,961,931,953,967,930,946,971,933,963,947,966,924,956,960,963,951,934,947,945,953,933,953,935,974,950,961,945,932,949,928,937,957,966,988,1015,1087,1078,1168,1196,1205,1221,1245,1216,1180,1110,1088,1016,1023,953,947,925,960,914,969,929,931,948,921,948,947,918,923,984,949,930,961,931,927,966,977,950,934,948,956,972,952,944,956,919,954,959,967,943,964,938,964,932,958,959,948,948,927,958,975,965,959,947,947,938,958,935,951,955,953,941,949,957,948,945,949,974,956,944,951,948,946,953,946,975,961,970,953,981,970,954,939,949,957,978,974,942,947,931,945,969,0
950,965,925,972,957,975,945,945,987,954,958,960,979,936,935,956,944,951,932,926,937,952,963,937,959,947,948,967,961,929,964,948,977,950,958,942,946,964,949,926,956,957,967,937,935,953,962,924,964,941,944,940,938,940,937,955,974,948,955,929,970,960,941,920,982,958,949,960,905,956,982,939,946,948,924,964,932,958,941,976,963,950,922,956,968,1012,1008,1055,1095,1152,1200,1221,1254,1238,1214,1173,1135,1089,1027,976,1005,969,938,942,949,984,985,918,962,957,921,966,944,964,924,963,957,937,980,957,930,945,973,975,941,938,939,963,953,962,967,938,967,965,951,935,941,967,954,984,979,935,944,967,959,947,965,959,954,924,946,958,944,946,966,921,960,947,951,989,927,963,912,938,963,943,956,949,993,951,956,934,938,932,946,951,933,965,912,933,960,940,967,942,930,945,950,0
944,956,968,936,902,969,943,956,950,944,966,946,940,946,936,906,960,962,967,949,995,958,928,917,958,915,947,942,958,967,958,945,967,955,958,940,963,912,941,954,946,934,947,951,973,968,943,943,950,959,937,962,963,940,959,973,940,950,926,958,934,950,963,957,947,916,964,1001,963,934,940,934,961,958,921,1005,1025,1026,1066,1058,1047,1058,1080,1074,1093,1082,1123,1090,1122,1121,1128,1113,1142,1127,1166,1137,1128,1075,1100,1109,1106,1068,1085,1074,1069,1052,1051,1031,1055,1020,1025,945,959,973,967,943,953,943,940,938,956,959,946,930,953,953,938,940,938,951,974,936,963,965,954,947,969,976,942,941,948,957,934,935,972,963,958,928,951,953,919,945,945,913,949,960,936,937,954,955,942,938,933,939,945,945,971,951,964,929,925,920,941,948,926,971,950,947,945,937,952,939,929,942,933,945,948,1
950,926,921,954,948,933,971,959,952,948,939,952,946,954,943,973,950,955,948,942,927,953,968,915,933,954,961,950,977,931,958,924,947,948,922,942,936,962,920,966,909,932,943,937,972,944,995,950,957,937,963,948,966,961,940,947,962,944,935,964,939,974,953,933,986,931,964,960,933,962,949,952,938,956,967,968,959,959,953,961,957,962,956,970,975,1012,1022,1076,1103,1131,1174,1212,1238,1245,1237,1178,1148,1084,1040,1003,1014,948,931,938,979,987,976,931,941,959,933,934,938,966,927,964,965,935,960,974,953,919,962,956,956,959,956,950,930,932,958,971,970,946,935,939,982,956,976,954,940,942,923,971,921,934,954,958,992,934,946,935,958,921,936,944,952,954,940,951,949,962,942,962,928,921,951,920,955,931,954,954,914,962,986,932,951,967,984,949,939,931,967,930,957,947,962,0
965,952,971,915,949,936,944,947,947,946,936,939,941,954,938,965,924,936,944,921,968,946,966,947,954,926,925,960,964,971,947,952,972,979,975,916,976,960,950,955,945,935,967,938,932,952,951,958,968,967,939,921,947,942,960,961,941,964,960,938,933,948,970,944,983,942,950,987,938,935,940,953,944,976,931,941,933,972,966,952,947,931,945,979,955,1007,1002,1025,1077,1135,1197,1215,1253,1255,1239,1176,1113,1085,1044,1016,982,973,947,939,943,953,934,960,936,958,930,959,942,940,950,944,951,936,957,954,965,940,973,907,935,978,973,955,964,962,983,959,970,952,953,946,952,963,958,978,959,964,977,935,938,930,969,960,975,958,946,962,962,937,939,912,946,964,954,966,972,936,940,956,947,949,954,948,933,965,949,947,961,954,937,966,961,955,929,947,972,956,974,953,927,943,915,0
946,939,943,929,954,949,945,940,944,955,952,951,969,958,933,969,943,954,946,950,961,945,955,967,965,943,938,974,950,948,977,928,935,941,939,929,964,955,935,928,940,967,961,962,955,958,961,969,961,930,936,922,952,983,963,979,916,930,929,949,963,966,967,967,952,927,972,959,940,919,975,956,966,961,950,991,943,955,968,936,938,958,928,961,964,989,1015,1020,1082,1151,1178,1210,1248,1244,1206,1186,1116,1102,1041,1000,989,988,954,945,953,960,947,972,940,965,955,919,960,938,936,971,942,947,934,967,960,942,935,957,955,961,961,916,978,955,944,942,958,949,982,936,940,964,957,962,964,944,948,952,947,931,953,950,939,948,933,955,926,956,947,977,937,930,949,939,961,942,926,947,965,957,940,937,959,912,920,959,951,960,924,931,930,944,926,957,940,931,940,944,944,952,923,0
928,924,966,954,966,964,958,944,956,946,957,935,949,947,932,966,975,939,959,962,961,980,961,956,967,948,943,937,927,948,970,957,951,928,955,922,960,963,950,946,983,942,938,942,903,951,922,937,910,939,948,959,948,990,971,972,934,957,953,957,929,945,953,951,933,938,937,968,976,945,949,964,924,923,971,974,944,941,930,944,987,963,941,928,968,968,1025,1070,1079,1136,1182,1207,1233,1246,1231,1194,1129,1122,1057,993,956,968,926,938,947,966,960,956,943,974,931,953,945,956,953,976,947,937,952,924,958,954,970,963,947,924,941,954,943,938,951,961,929,950,964,940,930,994,929,940,927,952,959,945,952,975,948,957,941,941,965,944,942,943,932,943,936,943,931,934,923,950,964,938,950,957,958,951,979,970,932,942,933,942,950,943,945,956,954,949,953,910,941,927,965,968,921,0
950,951,938,951,959,952,942,924,943,941,949,958,940,947,962,963,930,931,928,961,943,968,952,947,968,948,936,959,928,970,944,973,931,908,958,953,943,932,949,937,944,939,945,946,935,943,957,930,966,932,948,970,934,950,930,931,964,966,960,964,970,935,944,929,935,945,919,948,938,942,929,966,960,949,975,880,858,827,855,851,856,801,807,797,793,786,771,753,702,740,750,731,740,751,713,749,743,787,756,739,812,764,796,813,829,828,816,860,862,881,882,950,981,957,945,967,951,942,957,946,945,937,960,968,952,932,956,921,939,934,943,937,955,974,939,952,947,933,923,958,934,968,983,916,957,937,929,955,982,956,955,950,928,950,922,918,953,934,958,962,944,943,949,949,929,948,946,953,927,935,945,952,964,924,939,925,938,955,968,949,933,943,950,924,945,944,959,1
940,952,951,953,978,912,955,971,931,967,955,964,971,946,960,956,958,963,945,947,933,925,964,945,980,948,963,984,949,953,1003,953,953,920,909,947,935,950,972,951,955,943,950,931,945,940,957,940,950,962,936,956,959,892,950,942,958,953,938,959,947,942,930,923,961,936,968,951,938,955,962,952,948,954,936,1074,1090,1113,1109,1134,1159,1184,1212,1221,1220,1224,1263,1284,1302,1293,1332,1313,1306,1305,1292,1295,1301,1287,1285,1257,1241,1245,1219,1186,1208,1154,1122,1123,1107,1114,1052,961,944,935,969,969,947,927,952,965,971,953,937,948,958,948,910,937,929,952,942,952,937,954,957,956,924,955,933,964,943,945,920,942,951,976,932,974,928,934,940,940,955,954,940,945,956,970,952,930,942,933,939,932,960,958,932,959,947,957,936,965,937,942,984,940,949,948,947,948,943,955,930,947,945,958,935,1
971,946,960,953,910,929,950,942,926,971,978,975,969,944,934,920,946,949,960,954,963,955,965,925,923,942,917,970,959,955,937,939,933,936,921,930,922,950,969,974,951,938,979,951,948,953,929,969,950,957,943,971,938,931,936,949,950,923,943,965,966,941,971,974,951,955,947,993,948,915,939,958,935,950,941,853,848,872,838,857,834,813,790,791,787,781,774,759,744,748,724,722,728,726,730,761,738,739,774,775,768,803,776,784,784,823,828,842,856,896,888,943,956,968,956,967,964,951,949,959,955,939,927,931,955,963,925,957,949,936,944,938,946,948,948,942,917,947,951,958,955,953,967,944,962,961,946,928,974,969,966,940,969,943,946,954,939,924,941,935,961,957,953,933,974,936,916,972,947,927,957,949,944,946,963,972,952,933,969,946,948,950,963,967,947,943,937,1
926,956,964,929,928,928,951,937,944,950,925,964,939,933,943,944,933,972,963,959,941,954,930,939,944,940,942,994,966,962,967,953,941,939,934,927,968,978,951,951,984,944,950,963,965,914,956,949,948,927,955,936,955,949,969,971,928,945,948,946,965,949,934,956,948,962,964,938,944,928,936,946,930,965,920,954,957,956,954,950,964,946,952,918,963,1008,1023,1056,1088,1115,1200,1206,1257,1288,1207,1185,1157,1090,1034,1021,974,934,976,946,947,946,935,941,966,970,943,977,962,961,961,934,925,962,938,940,925,947,945,931,939,945,939,916,953,967,949,940,956,961,930,932,942,998,934,923,963,931,967,922,945,946,952,943,954,946,934,947,949,915,950,937,968,946,971,932,947,950,972,954,974,936,972,930,965,930,955,943,951,949,961,966,934,967,925,956,960,950,950,936,956,921,951,0
920,966,953,951,974,950,948,956,962,949,926,988,954,951,980,942,962,933,939,968,949,940,936,946,979,951,943,962,937,958,947,951,944,937,976,968,964,943,929,979,958,942,938,952,936,932,950,953,954,938,948,956,944,958,953,927,954,944,949,956,958,963,948,939,936,967,946,923,937,971,994,969,934,942,896,1054,1126,1091,1134,1130,1163,1172,1163,1240,1245,1277,1283,1278,1271,1291,1303,1342,1292,1297,1284,1299,1287,1282,1277,1272,1236,1234,1221,1181,1144,1170,1163,1118,1077,1086,1032,964,963,930,949,935,970,943,956,959,950,961,946,955,951,949,961,987,964,947,962,938,934,928,959,944,920,960,943,990,975,958,952,930,965,974,935,945,948,962,952,955,947,943,971,959,926,963,940,930,974,945,953,969,948,959,968,930,952,931,938,960,948,959,932,930,940,977,950,939,966,982,961,918,936,971,954,1
958,966,931,934,933,966,943,962,904,937,957,958,959,936,952,943,946,957,935,964,921,936,945,949,962,930,951,942,984,943,943,970,937,959,968,940,962,936,957,966,940,977,950,940,945,945,925,936,955,922,929,959,935,991,951,959,939,959,962,920,951,942,943,970,964,942,973,938,955,938,951,971,938,974,960,1107,1073,1094,1120,1136,1194,1197,1200,1226,1248,1256,1247,1273,1308,1309,1310,1307,1271,1307,1305,1281,1276,1267,1270,1262,1258,1214,1200,1193,1190,1164,1136,1121,1127,1096,1068,925,973,935,942,934,947,957,977,961,962,962,971,949,953,946,924,937,974,979,955,954,929,953,927,942,944,925,955,937,949,936,934,928,940,933,943,971,920,924,941,916,941,941,930,942,971,972,966,946,963,959,964,966,972,957,947,989,958,950,973,955,954,908,930,959,932,935,965,960,949,954,959,916,923,935,944,1
939,941,935,943,970,945,943,945,953,969,982,960,943,955,974,955,942,961,968,955,955,933,962,956,958,944,959,971,948,938,938,924,917,936,946,940,943,955,935,954,954,958,966,957,951,933,935,946,922,920,938,953,949,952,987,959,957,973,944,947,955,945,957,946,960,952,943,945,945,957,972,960,948,945,954,1055,1087,1104,1078,1163,1169,1181,1188,1199,1248,1280,1266,1270,1276,1287,1277,1312,1294,1297,1299,1315,1288,1298,1284,1248,1253,1217,1205,1208,1198,1149,1142,1109,1111,1103,1065,956,939,934,944,925,958,917,942,940,932,932,953,941,965,946,962,955,963,939,957,936,940,943,952,935,957,953,944,941,957,952,973,944,943,935,935,929,949,979,953,976,971,934,943,950,948,976,944,961,953,948,951,965,945,973,960,965,962,955,939,962,958,978,951,933,953,930,948,952,969,927,949,938,950,943,948,1
951,949,947,937,929,956,938,970,975,946,964,976,967,906,963,939,959,960,962,945,983,954,932,971,941,944,959,942,950,948,954,964,958,949,966,952,954,943,951,930,941,962,921,946,924,951,974,971,959,947,968,929,938,952,921,960,953,971,955,930,942,943,944,959,938,945,978,959,918,968,954,961,958,965,940,872,855,862,843,865,838,808,773,783,780,793,765,754,746,750,730,728,747,729,724,712,753,772,759,735,772,784,794,804,811,825,846,883,875,856,878,950,939,928,938,933,958,950,963,941,923,944,973,953,962,967,944,936,968,972,959,948,944,935,967,938,954,961,958,931,965,963,937,943,956,981,939,952,959,950,947,968,971,913,962,956,957,939,938,944,936,955,937,961,968,947,958,952,956,960,944,948,939,928,958,960,939,955,933,956,951,926,929,952,944,941,941,1
940,939,964,960,983,956,931,928,923,980,940,946,940,968,924,936,957,964,940,925,985,950,955,940,955,938,966,952,948,965,977,954,943,937,956,969,946,966,929,922,942,948,947,964,929,945,959,923,940,942,943,972,942,950,957,964,925,953,961,924,936,949,924,938,935,960,953,970,936,938,943,933,935,947,923,940,933,966,961,955,938,964,966,941,982,977,993,1082,1082,1147,1210,1198,1239,1247,1222,1186,1137,1106,1033,1006,976,955,951,963,967,954,958,940,987,948,975,945,962,943,936,933,989,939,948,956,961,974,950,943,968,948,968,940,911,953,960,940,945,955,956,969,959,952,953,950,941,954,944,951,944,949,932,961,937,951,935,940,991,944,961,959,971,939,932,955,942,924,941,952,936,963,939,925,974,969,944,937,970,935,962,974,954,937,922,949,941,939,959,969,968,958,970,0
944,960,944,962,942,972,930,939,953,947,940,964,983,958,944,967,943,921,930,942,956,957,952,967,941,957,940,933,943,939,948,954,953,952,926,942,945,955,962,932,928,948,951,966,934,938,954,982,943,934,970,961,929,960,930,977,967,948,957,933,982,957,941,927,953,942,964,919,948,943,961,948,960,916,948,952,952,952,953,973,963,933,957,933,971,988,981,1024,1096,1142,1167,1239,1239,1255,1221,1191,1133,1089,1038,1028,998,957,936,967,956,971,965,952,937,929,968,949,952,947,956,950,971,923,952,941,937,954,949,931,960,943,943,919,955,951,926,982,955,964,936,949,941,929,951,933,926,940,945,965,945,976,926,970,917,947,958,956,952,951,968,956,963,951,923,982,944,960,931,963,971,936,936,943,944,907,923,966,973,945,968,971,958,954,948,964,956,976,946,945,940,983,941,0
939,965,952,939,941,932,924,943,970,975,959,951,955,966,948,948,945,954,992,970,961,984,938,933,961,964,950,966,952,979,955,938,939,929,936,932,951,963,934,977,918,933,967,965,936,953,956,926,946,939,990,954,949,954,952,943,953,940,957,924,941,959,955,969,927,936,953,969,932,978,955,946,974,961,973,965,961,957,969,944,955,977,931,937,976,970,989,1049,1091,1133,1166,1230,1274,1230,1192,1188,1147,1090,1051,998,988,957,935,988,946,957,952,942,963,926,987,941,962,967,966,950,949,953,948,942,917,954,969,963,902,959,971,952,962,961,948,953,977,983,946,945,954,942,950,962,936,932,973,956,967,950,932,964,965,945,926,948,936,949,947,919,936,925,958,944,965,957,929,942,930,952,927,935,948,947,961,950,945,968,963,941,949,989,945,933,940,971,960,957,948,942,963,0
952,934,966,946,953,942,961,943,934,937,966,952,918,942,929,921,935,964,937,957,942,974,932,939,961,925,937,942,972,943,947,941,951,966,967,953,948,960,938,981,976,997,941,940,924,940,934,953,947,971,950,919,968,926,941,926,936,941,956,950,931,935,946,916,969,960,962,944,925,959,936,941,980,937,946,1074,1098,1101,1117,1144,1159,1154,1216,1233,1233,1257,1290,1267,1287,1271,1322,1303,1326,1322,1293,1308,1301,1297,1298,1286,1265,1243,1212,1191,1179,1149,1141,1092,1098,1106,1088,951,964,930,940,947,952,946,959,927,924,941,942,949,951,936,932,953,947,955,964,982,954,945,935,950,941,922,947,957,947,958,932,952,964,931,958,941,935,974,948,965,968,954,947,953,944,949,946,953,951,952,965,968,953,957,947,929,950,937,963,969,947,918,948,974,968,953,955,948,950,963,946,967,937,922,948,1
964,959,937,957,952,978,974,954,943,943,962,955,944,936,947,935,941,935,953,948,978,946,925,920,940,949,935,949,949,932,929,945,944,966,952,948,966,970,939,933,931,923,927,955,960,953,970,956,936,948,954,945,956,964,934,932,954,963,962,945,945,949,936,960,983,939,967,945,968,945,949,957,926,930,948,851,857,829,853,831,833,813,818,775,802,768,755,756,692,756,712,732,715,740,730,744,755,725,765,749,794,781,796,784,822,844,816,859,877,886,876,934,955,952,945,959,969,949,972,970,948,941,957,954,957,968,960,963,963,941,964,920,933,958,943,938,941,945,965,953,956,975,978,949,969,963,970,920,953,951,964,964,936,944,931,967,951,964,949,946,941,954,946,937,964,942,947,940,952,939,973,939,943,926,952,918,950,980,955,964,956,969,937,971,946,951,960,1
928,946,966,949,921,982,941,942,961,939,957,930,951,962,941,935,956,952,968,959,941,967,976,943,928,944,971,943,931,955,933,945,961,929,954,945,943,954,959,985,949,956,923,945,924,949,958,961,954,934,970,955,927,941,938,934,938,954,959,955,921,936,967,949,959,981,953,964,955,961,945,936,931,967,938,1002,997,1048,1009,1051,1045,1074,1081,1087,1102,1116,1101,1102,1119,1115,1099,1132,1111,1134,1136,1129,1118,1131,1133,1102,1093,1092,1065,1081,1044,1018,1024,1050,1031,1039,1013,926,957,935,954,952,945,975,958,969,945,960,924,965,916,977,957,942,973,946,952,944,950,960,948,954,930,938,979,933,953,949,961,947,955,936,928,940,960,974,965,960,933,969,945,960,959,949,941,953,963,951,956,938,966,954,938,940,914,949,935,935,954,968,948,955,965,954,940,932,945,971,931,920,936,947,943,1
939,953,967,949,943,925,930,940,916,976,931,920,946,971,946,955,959,949,936,951,972,939,938,929,974,983,951,961,968,949,954,933,951,962,945,948,958,951,966,924,946,953,954,930,965,958,920,957,954,944,952,944,962,948,918,953,967,949,951,964,962,965,989,938,944,959,960,930,952,966,950,945,955,942,933,877,865,877,843,824,828,819,818,792,785,782,758,734,760,745,735,759,740,712,744,763,731,741,751,774,755,749,789,821,789,837,808,857,841,866,872,959,944,964,949,946,939,957,979,958,934,978,973,961,941,980,970,964,940,935,943,939,943,961,958,961,962,961,938,952,922,940,933,939,945,939,945,933,944,935,959,958,941,966,940,977,943,965,942,966,954,923,964,939,945,948,934,940,968,942,946,953,953,932,972,933,922,943,984,951,976,948,944,956,942,959,942,1
955,981,941,966,968,968,942,976,951,958,947,938,971,953,909,930,935,961,953,943,939,942,974,940,932,980,957,945,935,987,969,957,912,933,946,956,937,958,957,934,933,933,950,954,922,963,943,972,949,924,960,946,939,959,938,949,960,922,962,943,961,935,967,950,955,950,946,965,959,935,945,927,927,950,938,952,969,940,961,938,945,958,975,951,966,1005,1027,1026,1107,1149,1166,1222,1260,1278,1250,1193,1122,1097,1013,1026,982,973,943,975,921,948,935,950,938,979,954,920,957,982,938,960,937,972,945,954,936,924,938,937,948,955,948,948,955,950,931,974,950,945,937,915,937,955,944,942,955,935,940,965,954,937,932,935,936,930,944,933,942,957,957,931,950,960,940,974,951,963,949,916,975,957,947,965,954,960,939,949,946,935,944,987,923,980,951,956,952,937,943,953,986,948,971,0
943,927,947,929,953,943,946,954,937,936,935,940,976,943,947,949,971,961,956,937,941,954,984,956,928,957,960,973,939,942,917,926,954,964,955,949,944,906,970,944,969,926,919,936,966,978,961,936,967,962,953,940,971,969,930,952,941,957,934,970,964,969,936,952,969,949,973,956,967,936,952,960,954,951,957,1059,1086,1105,1110,1114,1162,1192,1190,1195,1223,1236,1261,1220,1282,1298,1301,1313,1301,1309,1317,1313,1301,1300,1269,1271,1233,1246,1196,1200,1200,1160,1165,1121,1108,1107,1064,965,953,944,951,931,951,932,938,947,969,947,949,962,971,968,938,947,968,964,962,970,930,934,976,937,954,933,958,968,930,926,967,926,939,964,975,958,931,950,916,963,942,983,952,948,966,928,940,933,969,961,954,938,921,937,932,940,952,941,966,958,956,964,947,976,944,968,947,971,967,967,936,967,956,938,951,1
947,965,953,951,940,946,942,933,964,964,952,960,942,969,974,924,960,969,946,924,950,944,942,923,948,932,964,962,949,943,952,958,954,951,974,937,960,934,930,947,938,935,958,959,968,945,961,948,922,959,970,952,964,938,952,989,945,947,961,946,929,977,938,942,968,939,964,947,946,923,959,949,938,949,964,938,969,975,948,961,950,948,959,968,975,986,1025,1030,1107,1153,1196,1237,1231,1246,1214,1191,1137,1080,1051,972,980,977,965,958,929,951,967,958,955,953,975,938,952,937,940,939,954,927,985,947,960,937,927,952,970,931,955,935,932,961,934,979,960,929,940,956,947,960,959,955,940,943,948,931,946,948,958,939,964,967,929,933,937,935,943,933,966,947,959,919,936,937,937,951,966,956,948,943,952,977,922,967,955,981,938,953,947,951,943,948,917,910,950,956,961,959,943,0
965,958,947,958,927,962,943,945,938,948,944,967,959,936,933,934,930,944,967,952,947,946,939,952,946,942,968,934,944,938,949,963,916,950,939,957,966,948,949,953,925,944,948,959,921,965,954,960,950,961,964,957,947,924,960,948,945,942,954,966,940,960,967,950,963,943,967,949,975,963,951,935,941,937,941,1027,1004,1007,1053,1072,1075,1082,1073,1098,1093,1088,1112,1104,1097,1084,1112,1154,1104,1116,1110,1137,1104,1100,1114,1092,1119,1100,1075,1075,1043,1066,1038,1027,1012,1028,1027,940,984,951,934,951,920,946,938,926,947,968,941,972,967,939,920,946,960,954,965,964,955,949,936,946,938,950,958,957,939,930,953,940,949,941,947,944,960,968,951,960,929,907,969,954,944,947,927,935,964,935,936,953,957,960,946,928,946,907,945,966,950,968,958,912,937,951,926,954,978,960,950,960,944,952,954,1
944,974,961,955,935,948,915,940,969,924,959,961,949,930,938,955,936,962,927,913,953,955,927,973,934,952,981,957,954,966,936,931,950,949,965,964,949,976,928,947,938,936,948,935,954,946,939,946,953,960,938,964,937,937,914,927,948,959,932,976,964,920,967,936,971,956,939,937,931,964,927,965,929,961,948,947,982,959,966,948,929,958,933,961,962,1007,998,1044,1076,1127,1192,1226,1233,1262,1218,1185,1138,1077,1036,1025,979,984,957,949,950,933,961,943,932,967,952,957,947,965,939,944,939,936,935,965,952,946,947,944,941,968,928,930,943,935,927,973,956,955,939,942,957,951,949,948,948,949,962,935,934,952,909,951,941,953,969,958,981,986,932,955,944,942,945,932,953,939,942,942,956,938,932,973,970,986,953,949,959,965,926,930,931,949,943,938,942,944,953,943,965,977,948,0
926,954,955,968,940,954,935,955,936,950,954,975,935,975,963,937,948,963,953,931,955,936,973,951,942,951,980,961,953,951,916,946,960,961,965,947,974,931,936,963,971,959,979,935,932,962,953,958,960,953,964,952,945,944,974,952,931,956,947,960,984,952,940,948,960,946,965,943,940,917,990,922,962,959,937,1011,1036,1034,1030,1042,1077,1071,1033,1091,1085,1082,1092,1097,1090,1126,1128,1111,1122,1132,1126,1150,1133,1125,1143,1102,1100,1088,1057,1078,1070,1048,1053,1011,1029,1021,1025,953,934,931,926,968,953,955,943,962,947,931,948,950,954,946,940,899,946,937,921,930,918,937,952,927,955,938,926,959,973,958,940,942,920,923,942,936,950,970,964,967,958,943,944,940,944,932,952,968,945,935,947,983,947,958,954,964,953,957,938,945,946,932,939,948,955,939,972,961,946,957,948,958,961,956,948,1
956,951,947,958,978,934,961,919,942,919,967,943,961,954,932,961,922,936,932,955,956,964,959,988,923,952,938,950,948,930,973,943,938,1000,931,934,967,960,969,963,978,960,941,953,949,960,959,974,969,967,949,954,937,942,929,955,924,911,960,942,970,968,965,957,945,932,947,927,968,933,957,949,942,990,962,966,941,941,937,946,957,950,946,969,981,994,997,1048,1086,1106,1208,1210,1251,1254,1226,1177,1150,1085,1059,995,998,984,968,938,949,957,959,957,974,945,941,941,947,931,925,951,961,943,936,925,952,955,937,945,944,933,961,923,939,957,958,948,941,960,969,976,918,946,960,948,963,926,942,940,951,949,960,948,959,942,950,961,955,958,935,914,955,938,943,946,943,959,937,928,964,963,936,936,987,920,947,943,949,956,960,951,953,963,951,960,953,950,949,944,942,915,964,0
961,935,934,955,962,952,945,986,944,936,945,964,942,941,953,942,949,931,952,943,973,919,933,920,934,939,942,955,944,963,956,959,957,944,962,945,953,957,977,988,938,961,946,943,933,940,953,961,965,965,959,942,942,945,967,950,971,948,927,948,983,953,956,953,946,982,941,955,949,963,950,940,968,976,942,1055,1078,1126,1098,1127,1152,1195,1213,1191,1229,1236,1271,1290,1282,1285,1292,1320,1304,1320,1294,1298,1270,1297,1282,1255,1229,1251,1222,1178,1148,1173,1134,1128,1099,1110,1069,951,956,941,944,970,976,923,945,934,938,959,946,927,961,933,941,928,949,949,929,953,946,957,941,937,947,946,936,942,954,936,958,976,980,931,980,920,935,953,978,935,961,957,958,963,939,959,963,953,942,925,944,933,925,943,951,972,944,960,954,954,927,944,937,958,935,963,957,954,960,953,958,931,950,928,953,1
963,957,955,944,936,956,939,950,941,941,927,946,971,963,943,965,926,946,963,965,964,939,952,964,957,942,929,950,957,952,956,946,961,942,972,967,929,943,963,937,929,931,953,949,949,924,937,956,923,938,971,953,970,941,950,954,933,960,974,934,952,950,921,939,942,951,947,948,956,956,943,930,936,954,953,918,949,979,969,920,942,948,969,949,971,962,1026,1058,1077,1121,1185,1244,1274,1235,1240,1211,1137,1073,1028,1011,958,955,976,974,930,962,944,966,942,947,951,948,942,938,953,970,950,935,951,971,980,949,960,960,924,949,942,960,934,955,967,968,953,962,930,952,932,950,924,969,905,951,961,966,962,948,931,961,924,945,944,945,962,932,953,951,930,948,936,973,960,969,956,976,947,938,947,940,942,936,961,961,945,953,964,966,925,953,919,935,932,958,915,961,928,951,954,0
972,946,953,950,920,942,947,947,953,928,962,932,949,927,929,961,934,947,941,935,960,952,954,962,956,927,959,944,950,948,972,935,944,950,958,933,950,934,954,944,942,942,936,940,952,953,936,941,917,950,942,961,931,959,931,946,932,961,973,937,983,943,932,938,966,934,926,935,952,974,940,932,969,926,960,954,921,959,954,914,941,937,940,968,969,1010,998,1059,1089,1154,1194,1212,1230,1253,1228,1174,1150,1072,1028,991,975,999,975,959,944,978,949,937,934,932,932,943,947,960,957,966,966,972,956,943,942,958,948,938,980,975,948,948,933,945,946,956,947,950,953,933,953,954,957,953,963,954,937,946,947,951,940,967,948,943,971,943,956,955,937,977,957,937,942,954,933,925,934,933,962,945,950,939,968,957,953,935,969,931,950,926,960,949,927,944,935,950,926,941,966,948,930,0
970,942,965,943,964,973,970,960,947,905,947,931,957,983,934,980,937,952,946,952,937,947,948,934,965,961,955,972,947,929,932,969,909,936,927,961,950,950,949,972,950,959,961,940,940,937,917,946,953,943,951,947,907,957,968,926,954,946,959,961,963,959,975,949,942,951,961,940,946,947,961,955,979,955,939,866,849,860,837,849,814,834,803,808,782,753,762,757,736,754,722,756,710,736,743,740,734,757,762,778,780,788,799,813,819,833,839,860,850,874,881,945,958,907,939,936,960,953,942,938,947,970,963,950,943,959,937,965,946,943,923,926,943,1005,962,961,928,973,965,981,983,968,951,984,979,949,937,939,953,958,975,952,923,931,931,973,937,945,949,960,960,943,939,962,963,938,940,952,949,959,944,940,950,958,942,968,954,961,926,953,954,969,948,961,951,923,957,1
965,944,957,959,967,932,952,986,954,959,966,960,991,945,966,937,958,946,982,948,945,938,961,950,932,967,979,956,943,980,940,971,962,963,951,949,969,959,936,961,939,962,927,951,956,964,983,960,976,947,961,970,936,928,960,954,943,957,963,937,957,973,950,951,921,954,958,960,941,934,945,946,963,955,938,961,959,935,949,967,964,977,952,933,963,994,1000,1055,1052,1128,1162,1233,1247,1245,1237,1195,1134,1098,1043,1005,995,962,950,940,943,938,938,945,949,957,951,926,953,944,915,942,965,950,962,944,967,981,952,940,969,963,943,962,934,920,947,973,946,924,953,945,923,955,948,953,945,947,943,955,940,954,952,945,931,944,952,936,940,979,962,948,911,963,926,939,920,918,959,915,950,951,928,976,945,938,943,946,975,934,978,944,940,957,950,947,974,925,941,951,935,936,968,0
942,966,937,930,971,976,932,955,954,939,958,964,961,948,958,963,946,964,949,951,934,921,966,930,968,924,958,940,953,951,925,937,964,954,967,935,959,945,948,974,972,945,941,988,927,944,941,940,939,931,928,973,940,953,937,951,931,977,954,961,946,922,954,973,975,926,953,945,949,953,970,947,951,945,942,967,957,948,956,926,953,929,962,961,937,978,1016,1021,1078,1143,1197,1219,1253,1254,1239,1172,1125,1084,1024,1016,976,961,957,924,954,916,940,961,964,947,957,968,935,958,939,943,940,932,967,947,969,956,937,956,947,970,956,963,962,945,949,941,966,953,969,959,952,964,957,931,956,942,929,957,952,960,957,957,936,957,943,934,929,955,966,956,967,960,959,953,948,958,962,929,957,968,952,941,979,958,927,968,938,966,968,940,942,920,953,962,971,939,942,949,944,954,955,0
936,941,936,954,973,926,940,945,962,950,963,959,930,938,951,929,942,936,962,973,964,972,943,972,952,966,945,942,942,956,965,958,944,977,953,965,947,958,953,954,968,941,945,957,945,943,964,955,974,936,940,945,975,939,951,967,967,953,968,944,962,966,983,957,985,934,961,945,945,926,966,940,947,953,929,1074,1085,1107,1101,1142,1156,1144,1207,1207,1209,1256,1265,1245,1302,1309,1300,1300,1311,1287,1312,1294,1307,1311,1276,1265,1255,1241,1227,1178,1154,1186,1126,1117,1105,1096,1063,927,957,950,949,952,923,924,923,951,973,957,950,931,952,962,933,975,959,936,963,960,929,932,962,966,959,957,938,949,957,953,967,956,935,952,936,961,977,956,960,926,942,970,929,970,945,943,936,947,942,941,957,963,958,939,944,958,925,950,943,923,948,962,941,953,952,951,941,951,967,959,960,949,956,942,913,1
956,968,952,973,966,951,949,960,972,946,940,951,965,942,951,944,926,958,928,954,964,962,952,953,947,967,966,961,919,927,960,975,952,933,950,949,951,952,935,968,930,957,960,959,948,955,967,927,980,935,943,953,957,933,940,936,950,948,965,941,970,946,965,944,934,977,946,966,992,965,971,948,954,932,948,995,927,952,959,912,937,954,954,936,974,975,998,1052,1097,1130,1184,1247,1222,1246,1212,1209,1117,1082,1067,1006,1007,971,931,943,924,944,933,955,930,945,948,917,944,938,953,965,945,932,943,932,946,931,944,933,977,952,940,972,943,965,967,950,957,972,949,960,944,921,916,938,968,933,977,954,943,951,955,949,969,950,926,965,955,953,958,983,962,957,940,928,930,935,920,938,928,942,967,931,950,955,963,922,992,954,958,947,948,946,936,936,966,954,967,961,947,964,937,0
929,931,953,965,954,969,935,963,949,960,931,949,936,940,961,968,947,941,964,954,981,947,962,943,952,979,982,944,938,975,967,948,945,938,953,930,952,946,942,942,953,964,971,958,969,961,946,932,945,960,961,952,942,965,942,933,951,949,954,914,958,971,967,959,957,935,942,942,938,968,931,949,932,962,948,888,850,829,822,854,829,846,794,793,763,777,767,746,771,739,718,755,746,744,754,732,729,775,733,746,757,812,797,785,817,861,821,836,865,862,848,934,932,934,937,922,965,959,933,940,934,944,944,950,962,948,971,947,937,972,936,943,946,953,958,963,964,933,941,956,965,953,961,950,946,912,932,961,946,942,965,955,947,919,962,951,942,959,919,921,929,967,973,945,947,949,948,937,965,948,966,953,968,946,953,945,932,952,940,950,949,935,948,955,954,964,950,1
955,943,949,953,935,952,957,947,949,942,966,940,939,963,938,952,935,948,961,937,940,925,947,922,951,945,932,956,952,910,952,941,981,951,982,940,927,951,949,929,941,925,918,941,944,940,933,963,953,944,920,963,934,931,961,943,965,940,947,965,959,967,971,958,934,940,933,965,946,965,973,939,942,938,942,958,964,970,939,969,937,972,943,951,964,997,1025,1032,1077,1120,1195,1233,1246,1224,1238,1189,1125,1092,1082,1008,972,972,943,959,937,987,950,937,961,965,942,927,972,955,966,945,950,943,931,960,966,936,931,959,955,965,969,938,944,947,949,955,953,972,946,949,945,945,948,962,933,920,941,916,974,937,925,944,927,959,954,946,933,962,943,952,943,955,906,962,946,953,971,924,957,927,930,965,963,918,942,971,936,958,951,953,934,939,929,948,963,959,950,949,964,948,958,0
959,932,947,946,917,944,929,955,968,944,931,955,957,966,934,961,944,939,970,953,948,959,961,931,925,955,930,952,975,958,915,972,957,949,937,930,941,950,962,975,952,947,936,943,928,962,928,965,927,966,945,969,937,954,942,949,954,937,948,978,954,922,955,956,924,924,953,969,946,980,965,936,956,957,932,888,853,879,830,838,829,820,821,774,776,794,748,757,744,746,715,714,744,761,751,746,759,750,776,767,748,798,795,802,818,804,852,855,878,868,872,968,950,933,952,946,963,960,965,948,942,942,938,953,945,992,952,953,963,962,959,974,937,943,938,964,967,949,964,956,989,968,942,944,943,931,973,942,974,953,943,977,939,944,952,927,932,957,968,924,957,964,956,963,966,957,952,983,959,958,970,959,942,936,937,928,967,953,954,959,945,942,948,952,961,966,966,1
932,952,967,947,958,969,917,945,978,952,945,948,932,953,939,970,945,964,966,949,944,967,957,929,949,944,927,944,943,931,936,938,927,916,972,951,951,938,944,962,950,929,976,928,975,954,923,953,969,920,939,952,949,951,965,959,961,954,963,958,979,947,950,963,979,968,932,923,970,949,949,945,959,966,937,1066,1073,1125,1138,1159,1150,1173,1196,1237,1248,1273,1269,1287,1328,1264,1319,1298,1313,1320,1325,1285,1290,1249,1268,1234,1246,1247,1232,1191,1203,1163,1124,1117,1116,1096,1082,949,957,951,927,978,951,980,968,967,949,952,966,953,943,971,959,933,953,941,976,941,958,956,967,971,943,943,946,939,958,951,942,949,947,946,970,968,965,962,904,959,934,939,952,922,942,957,941,955,962,951,951,948,940,950,947,958,944,943,967,941,925,956,916,952,934,967,947,933,959,949,951,950,955,948,963,1
982,947,929,990,971,946,937,947,945,946,910,955,961,973,963,979,924,950,962,968,916,958,964,959,921,956,931,934,954,967,932,942,969,948,956,940,950,957,943,976,958,953,942,917,940,950,959,967,946,951,961,955,928,931,939,931,933,933,960,947,950,971,945,954,951,961,939,937,944,942,945,936,971,937,965,873,883,828,856,837,806,814,804,799,771,781,751,736,743,737,745,755,734,726,729,725,730,752,749,753,773,772,791,807,811,832,839,820,853,866,899,934,942,931,940,958,945,970,950,946,956,935,937,964,928,966,947,933,950,972,974,974,934,1003,958,958,940,950,945,994,980,940,972,940,952,945,975,941,948,952,950,943,971,932,957,975,952,952,936,968,943,968,976,934,948,968,958,933,935,947,946,991,948,964,924,922,949,938,965,960,955,928,966,954,921,937,943,1
951,946,940,956,946,932,958,950,972,931,936,938,924,945,984,973,952,939,952,962,941,929,936,975,964,919,948,918,964,951,959,940,966,923,964,935,932,928,963,935,942,957,967,943,942,948,933,948,940,971,942,913,954,925,955,956,949,959,950,964,944,940,935,939,968,980,964,950,960,972,945,956,962,945,959,875,851,859,857,847,823,813,804,781,767,746,753,771,740,724,716,728,717,741,726,709,739,755,752,766,777,766,794,811,785,848,823,852,861,886,854,919,962,954,958,943,958,968,939,948,942,974,959,953,959,938,956,959,958,956,951,951,945,938,919,970,969,946,952,957,955,938,950,934,941,939,957,940,956,914,934,956,940,942,936,917,935,957,952,966,955,958,948,972,972,956,929,937,935,935,944,935,950,950,936,935,960,950,953,977,966,954,947,966,936,951,962,1
951,931,970,942,970,956,974,931,942,941,960,957,954,969,948,957,933,967,952,967,979,939,968,947,949,990,975,971,941,929,966,959,951,945,931,933,947,934,928,949,967,932,955,960,931,943,949,945,924,926,979,968,935,914,930,959,937,951,957,950,958,955,939,958,964,928,953,954,941,950,978,950,936,960,947,913,974,942,910,938,967,972,946,936,967,1001,978,1028,1095,1149,1188,1220,1251,1242,1234,1214,1150,1077,1060,1006,973,994,963,962,970,927,945,978,935,945,959,941,916,932,939,949,967,936,944,947,952,971,955,942,952,971,948,948,959,956,947,958,954,945,979,952,922,973,951,955,975,923,931,949,949,968,944,974,945,925,953,932,920,925,951,940,933,938,971,946,938,936,950,947,930,963,963,942,952,956,935,938,958,969,923,956,965,980,966,990,980,935,944,968,933,941,954,0
923,964,948,950,949,954,943,940,959,914,948,926,942,964,951,974,957,939,949,945,942,980,949,935,939,982,939,940,961,919,964,946,940,937,941,948,933,946,956,952,942,951,947,974,945,937,950,971,951,947,959,937,937,958,973,955,972,949,961,958,949,937,951,923,943,960,963,968,928,964,947,952,923,946,957,958,943,955,926,933,940,927,965,937,969,970,1016,1025,1113,1132,1182,1224,1236,1230,1205,1163,1131,1083,1015,987,985,986,940,942,954,970,949,928,964,946,961,945,956,954,969,919,963,975,952,941,960,947,920,953,961,968,943,939,948,956,955,933,947,949,957,950,942,959,937,926,963,978,959,964,951,938,957,926,950,945,945,931,954,942,950,949,960,950,964,938,965,953,985,963,936,957,939,971,958,930,976,958,960,952,961,936,955,937,949,946,946,956,958,932,947,953,938,0
948,952,955,965,963,966,957,972,949,958,962,967,962,972,951,956,917,996,936,935,950,936,986,963,960,921,960,947,953,963,942,926,959,927,949,948,958,966,942,973,944,968,933,943,971,939,931,942,948,928,977,957,946,981,958,941,978,931,940,966,945,915,955,962,963,944,938,944,931,953,936,973,959,960,961,974,970,974,952,925,944,938,951,934,995,1004,1023,1024,1092,1133,1195,1246,1223,1247,1230,1165,1111,1117,1044,1030,968,998,965,940,962,962,944,944,946,953,949,951,947,945,973,948,939,973,934,960,964,972,937,951,971,935,945,944,966,948,916,950,950,932,953,954,959,931,946,928,962,952,969,944,963,957,936,969,972,956,959,932,922,940,942,962,961,955,929,1002,961,947,938,937,956,952,942,953,932,950,957,947,922,923,942,939,946,946,942,930,948,955,974,953,954,960,945,0
918,956,942,962,960,936,976,941,919,957,955,932,922,933,943,956,942,958,951,934,981,949,946,960,968,949,973,976,966,980,956,944,969,961,955,956,931,954,930,959,925,935,962,987,955,969,954,973,925,944,921,926,939,963,965,951,943,963,940,936,964,948,956,967,943,951,941,938,968,948,948,953,937,960,950,950,954,946,938,963,928,946,935,957,944,974,1013,1022,1080,1143,1161,1215,1267,1212,1223,1178,1125,1091,1026,1002,974,938,954,959,947,942,910,942,955,932,963,950,966,952,945,943,948,953,943,961,941,932,969,949,940,919,944,955,955,917,936,952,931,969,944,949,927,947,936,968,944,914,946,956,936,939,923,963,943,931,945,941,938,963,984,919,934,972,951,946,960,956,956,969,929,944,963,971,929,948,937,947,932,945,934,949,952,975,958,949,962,913,947,950,966,929,944,0
942,923,933,949,941,936,949,934,919,959,975,949,952,953,931,960,942,924,954,961,939,971,957,980,943,965,958,964,941,958,945,951,918,956,931,943,951,972,949,935,943,955,952,928,949,963,976,941,948,953,962,940,972,962,897,974,956,962,957,925,940,928,933,947,957,961,940,930,976,959,952,919,964,946,952,1050,1098,1098,1118,1182,1147,1151,1197,1215,1217,1235,1267,1274,1281,1305,1318,1314,1302,1289,1310,1270,1302,1298,1291,1267,1247,1222,1206,1192,1178,1140,1128,1103,1087,1088,1060,947,935,971,945,943,950,918,944,941,933,945,930,947,956,979,929,952,927,952,949,973,953,964,943,956,951,948,952,980,956,952,978,954,963,942,943,967,941,937,947,943,964,941,953,954,926,946,948,934,940,935,946,944,948,968,948,933,941,934,933,954,954,955,966,973,944,932,947,950,944,956,955,939,955,959,949,1
955,960,929,961,950,939,944,985,954,962,945,952,931,937,962,964,963,928,926,944,976,955,961,968,943,950,933,945,957,941,946,919,944,950,962,962,956,966,934,961,965,957,930,963,904,954,945,964,936,950,955,943,953,950,952,956,962,979,968,933,925,934,958,963,970,948,943,956,974,945,971,953,954,967,936,1068,1074,1141,1119,1114,1166,1193,1191,1227,1224,1222,1259,1276,1318,1293,1286,1288,1307,1301,1299,1313,1302,1270,1297,1237,1250,1222,1215,1202,1147,1148,1129,1121,1130,1106,1073,952,940,964,964,957,938,948,970,940,972,953,954,957,951,956,956,981,946,933,971,970,938,948,955,978,961,982,924,974,948,944,957,932,945,958,959,936,938,955,972,955,958,943,944,940,943,962,943,961,929,945,953,972,952,944,969,944,943,975,928,956,939,958,920,950,956,962,982,948,965,951,971,937,923,938,972,1
920,935,946,933,939,935,950,936,957,961,962,931,957,942,942,953,975,960,971,951,953,950,940,945,937,959,922,908,934,948,962,963,937,955,939,939,940,946,964,978,960,945,987,939,926,967,966,942,941,941,949,973,929,963,940,941,927,946,948,961,953,958,945,973,943,946,948,952,945,952,956,939,959,949,956,953,957,956,943,970,945,956,959,933,964,997,1013,1024,1094,1150,1196,1233,1255,1258,1210,1188,1120,1088,1033,983,977,954,950,937,941,923,935,992,946,944,919,933,955,933,931,968,975,967,949,953,940,939,928,945,961,962,946,963,937,965,945,941,950,953,944,959,964,926,979,961,927,958,938,934,943,947,959,955,957,936,947,978,930,939,946,939,983,929,943,921,926,944,985,943,952,931,937,963,956,950,944,957,948,962,965,960,951,945,946,940,945,945,937,942,943,967,977,0
944,959,950,973,918,947,961,968,957,944,954,933,934,928,930,992,944,949,944,940,946,950,939,957,972,986,940,940,972,917,940,932,948,973,947,929,953,953,963,945,944,943,974,966,947,941,952,953,931,950,957,962,951,959,971,937,963,967,956,938,941,975,967,965,950,967,943,923,948,963,953,950,975,949,939,957,970,933,949,959,940,954,941,934,958,958,1012,1047,1093,1135,1182,1227,1243,1253,1236,1190,1151,1062,1031,1030,971,965,937,942,938,931,929,960,947,939,938,962,938,946,932,957,928,959,941,934,938,943,949,957,957,949,960,953,950,952,932,955,947,951,969,944,963,946,963,959,967,939,960,970,953,954,987,945,947,965,966,978,937,977,926,943,936,935,959,944,962,955,959,952,970,936,943,947,937,951,956,946,940,954,949,933,954,959,924,981,969,935,963,954,958,941,982,0
954,978,942,944,946,945,944,957,992,950,936,933,946,947,959,947,931,940,939,943,963,963,964,965,951,957,965,934,960,963,970,943,945,956,944,939,922,960,961,971,944,954,960,933,944,945,905,938,942,960,971,943,947,950,939,950,948,961,948,951,962,946,945,932,936,948,972,946,957,973,948,951,943,964,939,889,870,866,850,824,823,807,816,783,772,752,771,745,722,744,771,742,736,747,737,760,749,717,761,753,778,772,788,773,796,826,831,841,838,876,874,941,937,950,938,963,979,934,963,968,941,946,973,936,965,965,955,960,953,966,944,925,941,964,979,927,952,967,943,956,937,961,950,958,954,952,946,962,956,977,929,959,937,943,939,995,957,963,938,969,969,930,949,940,958,971,946,949,960,930,945,944,966,950,909,972,942,937,953,937,939,932,952,969,946,954,983,1
929,943,959,969,954,949,958,960,957,930,936,952,941,961,944,956,956,961,939,940,922,937,957,927,929,945,944,953,960,924,941,971,921,936,941,929,962,951,956,922,935,959,964,940,951,958,956,954,934,950,929,937,949,968,933,970,943,936,948,944,965,942,957,938,950,963,957,940,956,962,934,932,958,968,947,991,1042,1034,1036,1051,1041,1057,1070,1091,1103,1111,1087,1118,1111,1132,1107,1122,1110,1122,1121,1135,1137,1100,1121,1089,1091,1087,1108,1063,1039,1084,1047,1040,1033,1039,1041,934,973,943,953,937,957,958,911,945,958,923,942,938,962,939,974,974,973,965,943,937,939,956,934,931,945,955,941,958,937,940,955,947,970,946,950,944,958,935,965,955,941,943,955,946,950,939,969,936,939,931,952,942,949,946,950,976,987,966,939,937,944,958,929,952,931,942,933,955,959,951,956,924,960,952,969,1
952,968,947,952,948,923,958,953,977,948,933,944,918,953,950,962,969,942,964,950,934,949,960,942,949,936,969,956,972,970,960,954,961,946,941,940,918,978,939,950,962,936,956,974,954,958,950,945,945,953,943,946,983,944,937,940,965,929,929,954,951,963,983,957,947,930,957,948,928,937,938,940,962,942,962,1053,1102,1135,1123,1143,1155,1171,1189,1217,1237,1255,1272,1280,1291,1306,1301,1310,1308,1301,1324,1303,1306,1274,1250,1239,1224,1249,1196,1188,1173,1136,1148,1122,1115,1092,1081,944,928,921,939,958,939,966,951,941,930,955,934,956,916,946,933,965,944,944,947,954,952,949,973,940,943,941,948,958,954,951,922,959,938,928,930,962,947,959,931,960,957,957,958,951,969,948,951,948,947,949,958,950,967,932,942,955,954,948,940,932,920,975,949,971,962,955,957,958,958,924,963,935,933,966,963,1
964,942,982,921,941,919,956,963,948,963,946,958,930,950,916,948,924,959,933,948,962,924,945,927,951,946,940,971,959,953,959,944,960,931,953,974,935,934,961,935,933,947,965,944,963,971,953,947,961,939,945,967,959,965,958,974,961,938,949,946,945,958,964,965,927,951,945,939,936,943,948,959,942,949,942,860,881,845,867,820,824,804,813,823,785,780,750,753,736,741,751,755,733,721,734,760,726,747,756,760,766,786,779,787,790,822,804,855,852,871,879,937,941,916,960,948,955,967,929,947,939,962,952,945,964,931,931,960,957,967,953,934,940,958,948,957,937,925,960,939,926,944,957,961,957,947,923,948,949,945,968,943,942,953,959,956,948,969,922,949,961,946,947,934,936,956,979,978,968,958,932,958,931,947,964,921,941,958,960,977,949,975,970,937,956,965,929,1
946,922,941,966,936,932,983,969,964,931,941,949,954,935,961,962,952,982,938,927,946,941,958,916,956,948,964,932,971,938,946,963,943,939,956,962,945,947,952,959,958,955,928,950,964,932,952,956,953,939,942,929,940,929,954,967,947,961,920,928,936,961,935,976,925,946,923,938,958,967,902,952,924,936,935,965,909,929,933,942,958,953,931,948,963,1035,1031,1060,1079,1145,1175,1236,1241,1249,1187,1173,1125,1078,1054,1015,1001,937,950,934,952,950,972,950,967,955,970,979,939,950,971,943,965,941,967,942,965,909,956,939,939,961,941,949,963,916,952,925,925,969,955,965,973,939,932,927,931,923,980,965,952,947,954,950,974,943,959,951,920,941,969,966,946,926,958,950,969,948,941,958,968,945,954,947,938,945,947,959,975,966,936,934,958,940,952,938,951,957,971,944,953,965,966,0
927,972,929,955,922,934,961,944,950,967,950,949,961,969,950,949,970,937,953,970,952,933,943,991,942,929,944,922,941,943,942,952,937,942,926,939,959,938,950,950,971,958,961,948,955,945,914,927,928,989,940,951,971,950,976,952,944,953,950,961,964,942,942,953,967,932,908,931,956,964,930,940,968,955,944,958,970,946,961,947,936,976,965,961,989,950,988,1044,1093,1119,1185,1208,1227,1241,1198,1190,1146,1084,1055,1013,994,1000,941,933,929,960,947,928,958,966,912,937,952,955,934,955,941,943,931,927,948,954,945,958,931,973,982,937,949,970,944,944,944,948,912,957,951,949,958,931,924,941,940,954,967,971,934,932,975,938,946,953,973,936,956,927,933,982,979,954,958,935,940,935,937,966,949,958,957,959,940,971,933,973,965,962,934,956,957,972,955,951,962,942,948,966,947,0
945,948,948,941,942,961,978,954,959,940,958,936,941,954,945,968,955,982,951,952,942,927,957,934,947,963,962,969,943,947,957,942,941,964,950,927,946,929,941,951,968,928,962,918,985,962,925,930,937,929,973,957,952,962,980,924,954,949,945,925,954,946,930,953,981,924,957,947,950,948,951,926,991,917,956,961,950,979,951,951,952,937,969,950,979,973,996,1021,1099,1149,1193,1228,1247,1223,1244,1186,1093,1099,1070,1012,998,975,958,941,955,952,956,927,969,937,934,941,963,949,951,977,944,946,950,953,946,949,937,932,939,971,952,971,969,966,939,961,963,950,951,986,976,925,920,928,936,954,956,957,935,967,958,959,954,970,967,944,962,949,912,960,969,948,967,942,934,936,939,923,939,949,940,956,945,949,952,937,961,950,923,933,961,956,947,942,962,932,960,945,977,945,931,0
970,941,947,961,941,956,958,938,955,936,950,959,953,951,969,947,957,950,962,945,962,951,958,950,945,956,970,970,942,958,950,947,937,939,938,955,958,953,951,948,958,943,948,961,929,950,944,958,955,960,947,984,933,939,935,934,931,937,963,934,954,944,950,970,969,947,957,964,946,968,930,951,941,939,940,1001,1000,1032,1060,1040,1086,1065,1073,1079,1092,1105,1136,1118,1111,1144,1154,1134,1150,1134,1138,1108,1124,1126,1126,1093,1089,1100,1063,1086,1086,1044,1049,1025,1016,1011,992,966,943,941,962,947,925,945,948,951,951,979,933,955,970,935,900,939,963,950,952,969,952,937,962,973,958,935,941,949,934,955,921,950,946,948,948,940,979,966,948,972,949,942,939,931,954,942,948,911,946,980,959,948,981,956,938,948,960,962,965,943,919,969,958,954,946,938,941,925,959,947,918,940,933,965,927,1
949,950,928,923,963,957,960,967,957,955,964,967,953,961,944,925,946,950,967,941,945,974,937,950,957,960,961,938,934,951,945,949,956,955,965,935,948,956,946,935,943,936,931,943,956,940,947,957,936,965,937,944,962,966,929,948,942,943,967,958,952,948,970,943,953,934,947,979,969,948,938,958,974,938,922,952,945,940,934,977,963,933,954,968,971,991,1001,1048,1084,1153,1200,1232,1259,1258,1216,1205,1144,1088,1022,1004,1003,989,951,923,935,982,949,972,947,962,949,960,983,963,944,948,934,948,953,945,932,970,950,956,944,930,924,949,961,983,949,936,930,940,932,929,945,936,941,955,939,917,943,963,969,928,968,929,946,945,926,948,950,948,944,938,924,960,932,936,942,936,932,937,957,951,989,955,946,939,923,936,968,941,922,946,953,980,958,920,947,930,935,965,961,947,969,0
953,956,960,963,965,947,935,942,943,961,955,949,933,953,974,958,923,964,955,961,909,941,923,961,940,928,959,954,940,947,955,960,950,979,935,959,936,946,936,950,949,967,962,936,939,957,953,952,929,930,963,972,934,968,973,946,940,944,925,944,919,956,961,926,947,950,943,959,923,955,937,946,942,951,941,864,866,855,866,829,833,796,825,762,777,788,773,739,779,751,747,769,732,734,739,750,721,770,730,788,781,793,770,811,813,822,831,856,871,868,873,947,948,952,988,970,952,976,905,967,964,959,947,950,950,943,940,954,958,947,941,943,944,919,953,942,948,955,950,958,955,943,964,940,944,938,959,979,934,955,921,981,959,950,986,957,956,941,949,948,931,976,947,939,983,941,942,974,950,940,945,946,948,969,979,949,979,946,969,966,971,954,952,956,925,953,957,1
941,956,948,976,936,937,940,965,948,941,951,965,968,966,967,926,945,953,957,921,945,942,933,950,963,949,951,935,950,978,943,958,944,958,951,943,931,958,979,951,945,923,956,950,934,938,947,966,954,950,946,953,952,944,943,938,931,948,944,957,959,958,955,951,948,934,967,970,957,942,944,955,959,929,949,947,965,976,956,949,974,937,975,930,966,988,1004,1050,1098,1124,1172,1229,1259,1272,1205,1191,1143,1076,1044,1018,1002,982,938,972,962,938,951,948,965,951,958,936,935,932,951,964,927,938,956,930,968,960,965,970,935,953,932,941,961,926,945,940,940,938,942,945,941,927,960,947,950,927,933,942,948,947,962,951,941,946,944,938,942,931,932,950,928,963,941,936,958,964,963,932,938,948,952,950,966,959,954,964,943,938,941,972,977,961,941,949,966,941,949,952,937,962,967,0
954,954,920,987,956,978,938,976,944,938,938,971,989,953,959,967,964,933,930,945,953,913,950,934,956,963,961,941,967,979,977,942,960,959,950,958,955,951,947,981,952,950,971,919,936,948,955,960,950,953,964,962,969,952,942,979,962,959,968,968,951,983,948,953,947,932,942,980,970,980,965,963,939,952,935,917,964,933,949,963,955,944,936,950,947,963,1006,1036,1087,1159,1191,1222,1245,1247,1206,1183,1133,1069,1042,998,964,971,917,972,971,961,951,941,947,949,961,948,912,954,923,969,942,945,956,946,970,960,936,933,945,951,946,959,918,943,952,937,946,953,977,957,953,958,942,931,945,938,944,966,957,932,953,953,955,940,955,968,962,948,941,938,952,932,928,952,946,932,960,952,953,960,963,946,939,977,958,972,930,937,943,961,973,957,934,960,957,978,958,958,954,923,951,0
962,946,934,945,971,942,958,955,965,979,975,941,944,959,935,959,965,973,953,959,969,932,957,945,973,922,921,933,936,949,963,921,978,947,961,967,947,963,944,971,943,938,955,967,947,934,967,939,931,942,945,947,957,935,950,969,938,961,940,937,973,954,939,947,976,947,940,953,929,967,966,973,939,949,956,888,844,860,854,858,820,832,800,792,759,762,753,747,761,743,739,755,724,747,728,741,762,747,761,774,766,792,781,793,798,817,816,861,840,867,870,947,962,953,959,928,939,933,947,951,960,958,952,935,941,988,958,934,961,982,938,934,938,935,928,941,958,922,965,954,963,938,944,939,949,961,996,934,941,956,928,981,966,968,940,939,965,963,943,935,963,991,912,933,926,942,966,954,967,941,940,959,953,955,947,934,948,931,944,933,936,936,966,949,962,935,950,1
958,945,967,954,923,946,952,972,942,961,942,934,965,939,944,962,952,943,943,962,943,939,926,931,941,961,960,967,970,961,939,952,965,943,976,915,957,969,955,960,966,945,949,948,955,963,970,934,949,950,960,946,914,942,938,960,969,957,958,954,963,957,945,949,977,951,939,921,949,955,974,951,929,948,945,852,863,833,822,852,849,810,803,757,783,760,766,754,777,729,739,714,718,714,718,723,774,722,735,753,772,791,800,813,803,816,813,827,823,870,866,947,930,925,946,961,954,951,959,945,919,945,974,933,945,930,966,936,917,942,969,939,968,959,946,954,954,959,973,940,959,936,938,946,944,954,952,955,970,926,938,977,968,958,962,928,924,964,943,940,913,945,976,942,959,944,950,978,936,948,967,951,960,960,955,946,931,939,975,946,945,944,958,936,933,974,941,1
951,975,948,960,955,945,935,922,965,941,938,959,964,944,964,968,954,967,960,980,963,965,950,960,937,933,958,965,974,948,947,942,975,970,966,931,942,938,957,948,935,959,958,930,920,963,936,939,965,967,971,952,970,952,938,949,963,985,972,949,954,952,943,915,934,951,981,972,957,940,969,926,948,966,939,940,946,946,986,954,959,947,956,937,978,984,1021,1028,1085,1108,1190,1232,1226,1235,1210,1194,1128,1097,1044,1024,978,992,928,963,977,926,968,971,946,979,939,954,953,965,953,958,951,933,939,948,959,943,959,962,937,973,972,949,961,917,971,953,958,960,942,956,922,975,911,959,928,948,945,961,964,951,949,961,950,950,930,970,945,953,950,960,951,952,953,941,978,946,952,930,926,976,968,953,964,965,951,943,947,917,934,952,958,930,929,937,949,956,954,910,925,969,922,0
937,948,946,960,972,940,922,966,926,944,947,928,975,958,924,957,960,937,951,936,927,957,954,944,936,958,950,944,934,934,981,940,929,951,947,973,927,939,977,957,960,966,938,981,952,952,966,948,974,952,949,946,968,931,932,953,929,939,942,970,956,930,956,950,944,940,943,915,958,953,945,950,944,964,950,1083,1111,1101,1107,1156,1198,1156,1191,1185,1226,1224,1277,1296,1262,1291,1310,1313,1296,1326,1313,1309,1279,1281,1267,1264,1223,1259,1204,1177,1159,1171,1160,1108,1101,1082,1064,948,965,928,946,966,963,953,955,935,962,968,944,931,956,951,951,933,958,916,919,972,945,951,946,965,942,945,944,952,937,958,969,952,937,969,955,913,961,936,941,964,942,942,954,975,935,952,935,930,935,925,956,960,931,942,949,934,953,953,936,947,943,941,962,953,959,916,961,959,963,936,941,942,941,975,953,1
943,978,927,960,949,914,950,940,927,956,957,947,928,945,924,939,972,917,930,949,994,965,979,946,929,953,974,956,968,920,918,941,942,962,952,979,962,925,930,954,973,944,943,954,936,953,969,932,948,961,939,941,945,979,947,968,945,930,951,927,956,942,961,942,928,940,968,944,940,930,946,955,994,954,941,1077,1081,1107,1134,1155,1168,1167,1186,1231,1213,1233,1243,1276,1300,1281,1294,1332,1325,1299,1320,1275,1294,1263,1282,1269,1257,1206,1196,1179,1159,1189,1149,1136,1108,1071,1074,950,942,970,946,960,933,955,935,954,937,971,924,920,966,978,947,946,935,943,942,951,961,939,994,922,959,944,946,962,936,966,974,946,960,933,952,960,929,968,951,973,932,952,982,951,962,946,949,944,946,937,954,922,940,930,955,961,944,968,964,980,966,950,932,920,960,957,947,939,956,965,945,939,954,947,949,1
977,929,953,934,946,916,946,954,973,949,930,924,944,941,964,959,944,949,956,969,946,960,939,958,962,962,911,972,948,962,969,924,941,949,967,921,975,954,932,953,922,951,951,962,926,956,954,964,934,947,938,948,943,958,956,961,957,954,944,937,939,958,917,964,951,942,941,934,934,945,965,959,959,963,939,965,928,949,955,969,964,939,915,942,951,994,1009,1000,1079,1152,1191,1241,1270,1267,1226,1184,1174,1080,1045,1012,1000,992,975,950,951,950,901,956,972,951,936,945,980,924,936,950,931,926,985,954,972,922,936,943,938,917,948,984,940,930,969,918,934,950,940,970,951,950,951,941,955,939,958,966,982,933,962,962,965,935,971,947,925,956,957,944,937,952,932,957,942,947,943,927,954,953,939,964,945,965,936,947,955,955,940,960,952,954,937,945,938,943,947,951,939,942,970,0
925,936,943,924,945,933,980,950,948,947,956,926,931,929,935,943,956,962,943,961,964,934,942,933,941,959,929,943,955,972,979,932,967,941,952,961,973,945,967,958,960,963,946,925,967,956,944,963,946,957,941,942,948,932,940,938,960,959,954,945,922,980,946,943,958,931,958,947,933,955,928,927,954,941,939,999,1001,1028,1062,1026,1055,1072,1101,1083,1092,1096,1105,1095,1112,1115,1137,1138,1139,1105,1145,1120,1126,1117,1096,1097,1093,1110,1088,1100,1063,1076,1010,1020,1028,1015,1011,955,960,952,946,945,958,944,956,946,945,956,951,970,947,953,941,952,944,956,945,962,964,952,957,953,965,941,936,957,922,962,994,947,944,963,951,943,940,955,940,968,921,964,937,926,934,953,948,959,955,959,945,952,941,955,912,945,923,944,956,937,938,958,932,956,949,950,960,960,959,963,918,951,964,955,957,1
940,944,947,943,942,975,955,916,934,949,949,952,946,956,959,942,954,949,955,965,957,958,943,937,942,950,924,979,971,939,947,967,949,970,922,946,955,955,939,918,949,922,961,955,951,951,972,958,935,955,953,974,932,927,942,965,953,963,952,965,954,928,933,939,949,943,970,946,941,972,928,934,947,965,955,923,974,941,931,961,944,949,940,964,986,986,1031,1071,1088,1155,1193,1252,1228,1254,1227,1186,1107,1096,1051,1007,964,949,946,934,947,934,933,930,966,946,931,927,932,966,939,949,940,976,942,959,981,969,959,945,961,945,932,947,969,975,966,964,941,953,949,937,927,961,957,966,952,954,955,939,951,969,955,961,946,942,949,962,965,938,970,990,951,962,933,953,951,947,930,935,968,962,932,961,960,952,948,937,956,951,940,931,934,929,945,952,963,962,918,955,947,961,949,0
931,967,969,960,948,946,956,953,944,964,941,944,955,933,975,947,948,950,957,941,945,962,960,966,929,940,939,910,954,948,943,964,955,954,954,954,959,941,951,919,951,924,964,963,943,928,995,953,954,936,941,948,935,958,925,961,958,956,943,947,927,973,961,967,950,946,948,967,942,937,966,934,969,948,950,956,950,960,935,965,943,957,959,959,958,1005,1022,1038,1094,1128,1203,1217,1246,1247,1234,1230,1102,1059,1076,1027,1000,971,978,956,920,957,907,963,968,921,963,950,934,926,944,963,945,950,948,955,933,946,922,942,934,924,943,982,947,941,965,940,942,944,944,958,946,955,953,948,954,930,945,960,954,941,961,968,967,953,946,934,949,949,967,950,953,912,951,965,933,949,949,975,925,962,928,916,937,947,949,947,975,969,956,935,929,926,958,962,962,922,960,951,943,986,928,0
953,961,953,951,929,960,951,957,925,942,980,924,939,944,930,968,920,961,965,946,956,925,921,940,915,982,944,948,945,903,963,969,965,954,945,964,967,962,933,956,945,946,934,958,939,958,939,938,973,945,947,933,972,936,967,960,958,931,938,931,926,984,948,948,967,929,947,959,979,983,957,950,952,956,983,881,853,871,843,824,821,814,818,811,777,745,772,744,769,771,727,724,742,755,718,761,773,748,764,749,763,767,786,784,810,828,849,872,861,828,892,957,950,925,958,939,960,975,959,937,953,947,924,929,952,956,959,949,947,957,955,922,986,958,953,968,929,953,942,939,940,942,964,954,946,970,924,963,973,990,967,943,951,958,929,936,937,945,951,931,964,938,937,973,966,961,946,952,927,942,966,938,943,953,951,969,959,965,954,946,948,946,961,959,952,963,942,1
953,966,946,933,958,966,950,956,964,947,968,935,941,926,924,952,959,954,952,959,945,923,929,965,960,933,944,924,947,935,943,961,971,924,979,939,945,919,949,915,953,917,936,958,952,956,949,949,936,957,931,968,948,967,963,967,943,931,947,957,921,961,946,973,948,979,960,947,938,945,968,945,967,946,958,1098,1087,1120,1120,1141,1147,1172,1165,1189,1239,1254,1233,1277,1285,1317,1281,1306,1304,1313,1330,1302,1307,1277,1265,1282,1257,1229,1189,1174,1148,1160,1159,1154,1105,1092,1068,956,908,959,968,947,958,935,917,966,943,942,986,919,965,956,949,957,943,942,960,965,946,942,957,937,952,964,948,955,958,960,942,946,956,929,915,952,967,958,970,946,953,956,952,933,976,952,942,951,941,943,981,940,990,962,935,930,948,936,922,973,923,937,956,954,956,944,955,945,966,935,949,978,916,946,963,1
961,970,956,986,943,953,956,964,950,940,946,936,920,964,934,952,961,967,946,995,931,956,945,929,962,958,946,966,968,946,939,948,935,940,938,929,954,968,964,932,939,925,935,963,932,940,964,961,958,957,940,950,945,929,961,947,970,943,962,928,944,944,956,956,951,948,958,947,943,959,940,959,929,936,931,968,930,912,930,951,947,998,930,960,972,990,1016,1055,1107,1140,1195,1232,1228,1262,1238,1182,1132,1098,1026,1015,978,948,943,948,924,960,958,958,929,934,950,931,966,927,946,953,960,953,938,948,956,977,977,958,936,941,924,943,958,945,947,955,944,957,950,956,953,927,980,955,940,933,958,959,960,944,931,927,952,942,937,945,961,940,953,923,930,941,956,946,962,946,947,959,943,932,969,927,948,925,934,942,964,960,952,939,912,971,939,964,959,948,963,941,958,950,946,0
921,960,962,964,933,955,978,961,966,950,956,934,951,967,917,956,950,943,957,970,951,960,923,939,951,954,963,952,949,979,961,929,924,955,954,947,942,978,955,943,950,968,940,950,953,953,931,959,958,958,957,932,978,966,951,937,946,935,934,933,936,942,929,980,958,949,950,952,946,951,964,968,941,960,958,957,940,924,934,976,982,980,956,943,969,977,981,1051,1090,1114,1195,1236,1270,1208,1209,1160,1167,1114,1034,990,995,963,934,952,954,936,943,951,962,964,925,965,952,948,943,975,975,960,941,916,975,942,954,953,965,969,951,957,987,980,967,951,939,981,919,919,957,925,958,931,936,932,944,932,953,948,944,940,928,953,950,935,936,987,946,932,961,936,947,955,960,938,945,959,919,956,961,936,956,929,935,946,959,953,951,946,953,936,935,935,965,949,949,938,954,949,923,0
923,958,945,961,950,950,932,942,948,947,970,938,985,944,947,952,947,954,934,953,963,946,927,959,959,970,951,923,955,925,965,945,945,970,964,947,960,953,947,950,967,958,945,945,965,960,932,957,960,958,930,920,946,935,940,962,937,968,968,968,967,932,955,982,948,927,948,947,955,959,951,937,939,957,927,948,947,939,944,965,953,948,921,945,957,983,1023,1019,1079,1129,1219,1240,1264,1229,1225,1196,1123,1092,1059,1006,1001,949,931,962,961,918,947,939,944,973,915,989,965,965,934,963,952,938,955,956,969,976,954,961,933,955,933,952,946,921,962,953,926,924,947,962,963,977,974,972,931,959,961,947,948,936,950,920,969,974,966,956,983,968,924,935,963,934,929,945,911,944,951,955,951,937,957,940,979,941,949,951,953,943,949,953,925,954,973,934,932,953,954,933,946,952,989,0
944,940,972,943,955,970,945,950,957,962,931,948,961,965,914,936,960,954,941,962,955,962,956,974,954,970,943,930,952,934,954,953,947,944,956,951,966,926,923,907,909,957,941,960,947,944,955,951,939,945,964,932,925,926,944,926,955,950,959,958,955,927,912,950,933,937,942,966,943,944,958,952,968,934,953,886,876,862,832,841,803,799,836,810,778,770,758,763,736,724,738,730,719,726,731,741,773,748,737,741,750,794,777,792,797,850,844,831,896,874,866,961,989,953,935,962,946,932,960,936,944,952,958,964,936,960,971,965,953,958,965,948,956,952,951,975,930,958,971,947,959,960,912,946,947,938,960,941,929,946,931,941,934,962,963,942,948,923,923,980,942,939,964,964,948,964,979,937,971,942,938,921,956,933,931,965,963,932,929,941,934,968,942,938,962,928,911,1
920,955,957,945,966,947,951,967,949,943,952,945,935,967,953,960,955,969,961,966,945,933,944,942,974,954,921,936,963,941,958,947,952,923,937,967,951,977,947,925,964,941,922,943,957,945,961,966,923,959,954,938,943,958,968,968,965,926,931,948,953,929,967,976,935,963,947,977,941,949,921,959,953,959,944,867,869,874,835,835,837,807,792,813,803,776,764,752,723,752,755,721,736,741,766,725,742,758,761,790,762,777,805,796,797,813,835,859,858,872,865,989,925,962,971,939,939,945,965,943,977,947,948,950,950,937,945,949,974,943,935,958,957,945,928,949,961,975,939,943,939,956,975,970,954,928,944,978,940,944,950,954,916,984,931,977,944,928,927,959,919,949,947,922,945,961,956,962,948,932,948,951,955,947,910,960,940,957,949,975,991,950,980,954,979,966,910,1
958,936,928,931,943,966,968,970,955,929,989,925,940,934,969,972,933,958,963,948,961,961,911,973,946,955,952,942,977,940,932,941,956,950,968,950,969,955,968,959,964,946,965,987,938,979,947,959,966,943,937,957,928,953,935,955,942,953,945,940,932,939,956,940,946,941,973,940,939,962,918,952,934,940,925,839,878,856,845,861,822,833,791,785,782,753,722,760,759,728,749,730,749,724,764,740,752,746,745,753,760,804,755,813,808,808,843,837,862,862,874,972,928,950,970,971,935,964,951,967,963,930,974,919,937,958,938,928,958,959,963,951,957,984,939,942,939,913,946,965,939,958,942,923,956,967,953,984,938,979,978,934,975,945,966,928,924,964,969,949,964,959,973,967,944,929,948,935,907,948,947,956,927,955,950,946,982,952,953,918,951,955,973,955,944,969,962,1
953,957,956,932,964,934,976,941,949,946,963,936,952,948,956,979,947,929,940,944,941,964,967,929,949,941,934,942,948,931,940,939,978,966,939,953,944,959,972,942,953,985,943,946,966,971,974,911,973,938,920,957,940,937,929,942,932,928,924,925,958,952,930,979,932,965,927,951,952,961,955,977,940,978,959,968,944,967,934,945,948,935,934,937,969,965,1007,1052,1077,1117,1177,1206,1270,1246,1227,1188,1134,1093,1043,1014,972,959,981,968,952,946,947,960,949,968,937,934,935,954,968,967,945,953,965,952,956,929,939,966,950,943,950,921,960,924,968,942,961,960,952,954,925,956,938,953,959,941,938,954,954,941,931,939,949,969,955,964,948,943,950,924,963,957,946,944,948,945,949,947,927,950,953,941,946,941,938,949,941,927,956,958,945,967,941,969,950,962,942,944,937,956,948,0
943,952,944,947,955,948,950,952,950,948,960,949,935,951,945,964,959,960,959,925,945,945,975,925,966,968,953,972,944,926,931,961,971,943,953,927,956,965,964,987,937,965,955,944,941,918,952,963,985,956,962,953,948,957,966,952,962,937,948,922,976,937,968,965,974,941,953,956,949,983,945,938,950,944,959,953,953,959,928,955,951,977,965,955,986,977,983,1030,1104,1125,1179,1205,1243,1240,1225,1184,1146,1089,1041,991,991,969,954,966,935,983,941,979,974,946,974,941,963,929,923,944,965,934,961,939,937,953,928,968,950,968,947,951,937,958,949,929,959,940,937,957,942,948,962,949,952,931,914,967,950,974,971,971,955,962,933,931,983,975,954,948,957,966,1009,961,962,940,962,953,944,953,939,940,935,957,958,925,953,931,949,949,969,942,939,961,976,935,926,953,948,961,955,0
945,944,957,944,943,931,945,943,939,987,957,943,933,929,964,939,985,959,954,959,954,943,913,944,961,957,942,933,927,957,962,973,917,938,950,953,988,928,924,953,936,967,954,935,946,975,944,954,961,941,941,960,958,945,914,944,949,935,954,933,947,937,942,969,939,957,959,956,957,972,922,962,935,952,941,959,942,903,955,950,946,948,952,953,962,976,996,1051,1081,1174,1214,1258,1230,1231,1237,1169,1137,1102,1048,989,997,965,948,940,944,931,969,948,974,957,923,980,935,957,899,919,905,956,963,930,939,948,931,957,958,952,956,971,936,965,924,967,965,975,968,947,956,968,951,939,957,958,924,971,980,923,970,952,957,942,950,947,941,940,923,963,941,938,950,943,928,975,940,934,941,926,936,953,968,944,971,942,964,955,963,952,959,941,973,935,912,979,937,939,946,944,969,0
952,968,941,941,954,969,958,944,977,967,947,939,946,951,967,953,955,965,933,957,946,922,946,951,942,966,959,943,961,958,944,945,950,949,937,971,940,933,928,948,946,964,960,928,952,953,971,927,943,957,948,963,962,948,963,961,951,958,939,937,918,949,943,948,948,935,951,972,941,924,933,967,956,953,923,948,957,936,931,944,956,945,947,947,944,981,1014,1063,1118,1138,1188,1231,1266,1226,1221,1195,1144,1078,1039,981,988,949,975,957,956,967,934,958,953,956,937,960,969,931,949,939,932,957,933,956,937,949,948,956,948,950,959,948,968,927,948,939,944,979,942,961,964,974,953,941,979,924,928,957,935,954,960,955,954,971,917,904,959,947,944,948,952,960,933,952,945,950,937,942,964,945,963,933,954,966,935,937,914,936,964,974,916,932,957,942,948,930,944,921,942,955,982,0
951,964,956,966,937,956,970,946,962,962,932,970,950,957,935,933,942,932,935,948,924,940,954,946,964,957,934,935,906,943,964,957,934,953,948,935,938,954,943,949,937,962,933,966,959,972,939,961,935,952,924,975,918,964,974,948,949,936,931,950,967,952,962,944,928,932,943,952,916,949,940,953,931,943,986,1100,1078,1105,1138,1133,1174,1185,1203,1206,1222,1221,1261,1287,1255,1284,1330,1312,1324,1307,1296,1324,1336,1299,1260,1289,1231,1200,1188,1205,1195,1156,1142,1111,1094,1086,1095,939,935,955,929,943,944,966,937,953,941,946,945,952,944,969,980,955,949,964,967,954,935,972,959,918,926,979,948,958,953,941,949,932,937,955,943,949,959,913,963,970,975,965,948,934,931,945,930,954,958,944,926,946,944,936,977,950,971,950,964,952,913,929,930,960,953,966,956,963,958,965,936,963,937,942,923,1
939,989,962,933,919,958,949,932,942,915,955,912,965,940,959,958,961,945,921,960,946,943,949,965,942,954,946,939,969,974,948,930,941,938,959,960,951,953,970,926,959,935,940,949,944,969,955,948,940,942,959,943,954,945,947,947,949,945,954,964,928,949,968,952,943,938,952,954,940,974,933,935,955,960,953,1025,1024,1036,1041,1039,1058,1054,1095,1065,1106,1119,1134,1133,1093,1128,1131,1128,1135,1142,1128,1113,1101,1123,1085,1096,1104,1084,1051,1049,1078,1043,1061,1037,1036,1014,1011,962,968,961,945,939,941,952,943,975,958,953,952,960,945,950,942,968,935,963,956,962,956,935,915,930,977,958,948,922,957,925,947,967,948,935,963,959,946,965,950,957,929,944,961,936,954,943,963,970,942,954,950,959,950,967,945,952,942,961,948,942,960,935,948,969,957,954,939,945,959,927,958,935,962,945,974,1
956,968,929,953,951,982,957,958,942,954,942,965,959,953,962,944,959,956,959,968,946,964,964,949,955,941,932,923,960,968,967,943,939,946,942,967,964,949,965,965,946,930,949,945,978,935,929,960,941,946,953,960,953,933,964,951,937,951,986,938,981,964,980,966,943,948,983,964,966,952,975,959,963,970,966,943,959,931,963,944,952,971,938,961,942,956,1000,1038,1070,1127,1147,1221,1257,1257,1228,1193,1153,1072,1051,1007,988,975,953,979,964,943,964,945,958,915,960,963,952,943,978,954,953,961,954,939,951,961,957,969,944,949,951,943,972,951,958,928,962,951,942,973,955,944,958,974,994,959,939,926,950,977,962,967,932,932,929,973,924,964,958,950,948,931,933,975,942,927,946,955,936,927,914,960,928,926,943,931,951,941,951,934,947,957,946,938,939,928,949,929,958,962,936,0
936,959,959,955,934,952,961,955,970,938,954,944,952,948,948,954,928,967,939,956,950,960,950,951,935,974,957,946,924,964,955,925,932,953,947,935,935,931,955,949,945,958,969,951,959,956,943,991,975,969,949,963,928,951,934,938,923,929,952,972,942,952,950,958,960,974,960,946,948,984,937,960,963,926,948,927,931,950,945,928,965,952,952,979,949,983,1012,1045,1065,1142,1157,1205,1238,1254,1211,1200,1142,1094,1072,1009,976,1008,954,941,932,929,951,958,941,938,976,947,952,934,926,968,936,950,953,946,934,954,956,955,972,946,961,939,945,949,972,950,955,941,947,955,927,944,954,961,949,938,956,928,935,973,970,958,929,976,950,938,923,969,959,937,950,945,950,928,931,946,956,949,951,942,948,945,921,943,966,956,975,943,944,952,961,960,943,964,938,961,968,937,951,960,949,0
928,931,935,966,977,945,967,939,941,967,947,960,961,946,958,961,941,968,985,930,945,953,942,941,937,926,939,969,952,956,951,949,977,949,928,953,954,937,948,983,963,958,959,914,937,932,941,943,949,948,948,962,963,942,951,965,938,944,955,942,940,946,943,932,958,952,929,955,931,924,937,944,953,949,923,1066,1080,1105,1101,1142,1151,1202,1164,1197,1209,1229,1264,1288,1274,1292,1310,1292,1305,1296,1311,1314,1299,1301,1259,1266,1235,1234,1208,1195,1195,1154,1144,1119,1089,1077,1047,955,927,949,959,945,964,972,952,983,981,930,960,962,955,978,925,945,947,966,957,942,969,939,957,963,935,942,974,924,942,948,968,952,955,954,950,943,947,951,944,962,964,958,961,917,930,923,961,940,955,953,956,935,979,940,964,950,957,949,953,954,967,961,975,954,948,936,942,988,928,952,946,958,956,951,956,1
963,963,940,916,981,949,936,948,911,961,929,926,942,964,946,958,937,964,963,948,973,919,951,951,972,949,959,942,968,933,942,950,949,960,937,956,971,900,965,975,942,934,947,928,968,936,963,912,981,964,963,939,965,946,970,927,990,965,955,947,934,953,970,963,950,958,948,948,953,968,948,940,960,983,968,945,947,971,955,950,954,931,940,965,966,990,991,1058,1064,1136,1173,1246,1278,1250,1250,1193,1150,1100,1049,980,987,973,956,978,970,929,916,959,951,938,965,929,964,948,931,923,936,974,964,953,964,972,965,952,962,947,949,954,967,930,945,939,968,946,956,925,945,956,946,939,933,939,957,955,958,935,949,947,960,963,937,952,957,961,934,924,952,938,963,947,948,942,941,930,963,967,952,951,946,957,929,969,936,962,946,970,975,967,939,957,954,962,947,946,935,946,962,0
967,989,968,941,940,958,919,966,944,951,950,945,963,976,949,955,960,951,950,959,958,946,952,910,928,961,958,947,922,961,933,969,947,948,963,958,941,943,944,966,958,939,924,944,913,940,960,936,950,977,951,945,944,945,948,927,951,971,939,956,974,947,906,943,950,939,937,960,964,942,956,941,937,942,946,882,857,855,839,861,827,827,803,813,794,773,779,777,742,734,749,718,739,742,735,743,736,757,764,774,758,778,788,779,833,835,860,853,838,842,868,960,947,955,942,965,959,959,962,939,932,939,953,952,939,960,936,924,967,971,927,933,962,955,936,955,972,947,957,913,943,961,961,937,963,939,913,928,955,944,949,939,951,943,941,943,943,960,943,933,954,984,929,949,975,937,947,966,939,980,964,956,978,950,953,954,945,967,958,936,960,949,963,936,939,947,938,1
911,952,949,961,951,967,953,933,947,921,948,958,963,960,974,952,969,931,983,956,951,961,945,931,939,979,955,952,949,948,959,948,957,957,945,927,917,950,931,958,910,934,964,942,952,955,948,959,965,945,937,990,960,962,925,946,944,959,952,931,965,968,949,942,943,951,931,949,939,927,939,949,943,937,932,986,948,958,963,946,968,933,927,969,977,973,994,1060,1083,1126,1221,1258,1245,1255,1204,1191,1147,1090,1056,1002,975,975,951,948,959,961,996,943,909,946,947,955,943,929,941,950,958,955,968,963,934,912,963,941,937,956,968,933,952,949,970,960,928,960,967,958,976,945,978,950,942,930,947,941,965,950,932,980,942,941,973,970,956,965,943,937,937,963,939,937,976,942,951,957,940,948,934,977,978,941,979,959,943,941,933,950,957,932,923,945,920,940,953,975,913,936,927,0
929,938,968,982,919,932,941,941,953,923,925,959,954,949,985,973,948,977,959,940,945,963,953,961,937,926,958,948,950,952,963,978,944,960,949,948,940,935,930,946,944,963,958,949,962,963,959,954,964,957,975,928,942,948,924,950,949,936,941,936,956,952,944,963,953,929,967,968,926,956,930,938,940,943,973,1066,1066,1111,1121,1165,1162,1158,1154,1206,1211,1240,1254,1288,1289,1330,1291,1298,1324,1308,1319,1301,1296,1288,1262,1259,1261,1234,1261,1170,1178,1150,1146,1154,1103,1070,1059,940,947,968,948,944,924,959,955,941,927,953,936,958,948,960,941,940,951,961,948,982,933,945,957,936,967,929,964,934,929,966,983,972,962,977,917,956,945,947,934,931,983,933,949,927,943,956,930,954,966,963,928,939,943,963,984,932,959,968,942,953,962,956,937,921,918,969,977,958,941,972,950,943,957,956,938,1
959,954,965,920,935,949,948,950,908,919,957,957,928,953,970,953,943,945,951,966,964,965,942,965,937,973,971,941,934,957,945,955,976,942,932,941,950,944,978,940,946,926,967,961,943,942,957,965,949,964,951,929,950,954,958,951,926,912,940,961,971,916,935,960,960,938,963,970,966,941,959,944,940,940,917,954,968,954,936,937,949,966,937,933,972,993,1003,1053,1070,1146,1186,1231,1290,1276,1234,1165,1131,1060,1059,1014,969,963,921,941,928,942,955,941,954,952,984,947,953,958,971,963,938,937,942,944,931,955,957,948,957,943,948,960,930,958,942,988,909,970,956,963,969,944,955,959,955,939,947,937,967,918,977,959,931,938,982,940,935,953,956,960,981,931,960,934,931,973,968,941,968,940,956,947,946,935,913,931,981,931,955,930,945,926,956,943,980,945,935,962,928,937,956,0
948,922,948,933,956,956,934,926,958,983,951,935,940,966,967,962,939,926,938,945,941,968,987,944,942,915,954,942,981,959,966,934,928,971,956,939,935,937,966,964,935,953,932,942,953,936,960,936,951,943,958,972,949,929,950,938,960,934,972,932,968,957,928,967,956,961,937,893,949,954,943,965,941,930,920,944,934,939,957,939,932,910,933,967,960,992,993,1031,1087,1139,1190,1225,1236,1236,1229,1167,1120,1103,1038,1006,957,960,972,939,966,945,945,973,941,954,964,988,931,937,944,940,953,944,967,943,956,919,955,952,961,944,951,936,943,950,962,949,944,965,949,935,930,963,950,934,951,966,960,950,956,926,970,941,949,946,964,948,938,958,947,955,932,940,934,916,947,948,924,953,943,914,925,934,933,949,964,969,954,964,938,990,955,971,980,947,948,939,955,928,967,933,945,0
975,933,958,932,966,931,932,937,949,960,971,954,939,945,934,920,967,946,956,952,966,965,936,975,954,951,952,942,956,927,962,950,947,957,958,967,949,956,954,933,951,947,957,953,993,952,976,957,917,958,988,947,954,950,948,970,955,956,967,947,925,931,942,935,957,951,940,957,947,953,934,936,967,950,936,1018,1041,1028,1047,1054,1064,1059,1068,1099,1100,1106,1130,1108,1104,1140,1096,1126,1121,1141,1116,1146,1100,1136,1122,1088,1070,1102,1087,1059,1060,1048,1060,1047,1013,1024,998,945,940,972,952,933,940,964,936,954,953,963,956,963,955,931,971,946,935,956,949,942,943,946,959,937,947,949,959,924,968,935,955,967,947,945,965,941,962,948,956,950,946,946,948,956,971,945,938,959,953,928,941,964,969,957,957,945,957,956,956,915,976,951,946,955,955,957,949,948,936,946,951,938,936,961,968,1
959,941,955,941,939,950,934,935,963,947,953,936,962,965,946,944,945,917,924,960,958,938,957,959,970,933,940,952,966,971,940,961,935,941,962,962,963,927,965,939,931,969,956,954,972,947,964,950,932,927,938,949,982,934,973,967,989,936,947,958,972,961,979,946,955,923,946,951,933,937,947,975,937,927,964,951,962,947,941,941,940,941,937,966,976,997,1001,1024,1088,1127,1163,1242,1248,1241,1230,1166,1149,1084,1041,996,989,959,939,968,932,936,972,971,943,922,979,943,975,956,966,948,964,941,959,946,966,938,942,939,941,943,962,949,958,983,958,926,941,921,967,958,932,972,949,931,936,960,952,938,967,913,964,982,921,950,945,947,960,934,947,932,927,964,935,919,952,945,930,958,956,987,947,933,940,936,933,950,967,918,945,958,928,966,922,959,943,939,977,965,937,950,929,0
946,953,952,973,949,951,974,936,950,964,930,972,924,973,963,950,926,948,936,944,960,941,942,962,944,949,958,951,966,931,962,973,924,963,971,963,962,956,967,949,915,965,949,956,941,942,946,952,955,948,963,961,955,958,938,933,960,969,951,971,941,956,919,970,964,942,965,936,963,955,930,943,975,972,959,885,855,857,855,850,821,808,819,784,808,755,735,752,723,715,714,760,758,741,739,738,730,735,790,785,744,797,788,811,801,814,852,847,854,894,826,948,926,981,951,954,948,969,970,968,964,950,952,959,969,929,972,964,938,934,973,930,957,930,936,946,960,951,956,942,985,934,936,952,924,924,954,960,966,915,953,947,955,939,953,947,942,990,958,953,937,913,951,958,943,928,957,949,969,935,930,968,960,946,979,962,939,947,946,923,979,950,934,939,937,944,954,1
965,963,970,928,959,945,923,970,949,965,972,971,969,932,959,927,963,940,947,953,961,946,940,934,966,954,940,932,969,967,972,959,964,946,959,947,940,957,973,924,966,944,945,932,972,933,974,926,958,943,934,903,954,944,951,934,967,972,951,940,940,948,948,948,933,951,947,933,961,941,951,940,948,949,948,1058,1096,1134,1116,1126,1167,1152,1171,1214,1220,1248,1254,1256,1299,1288,1318,1302,1317,1321,1314,1291,1291,1274,1283,1264,1231,1219,1212,1193,1158,1185,1127,1114,1099,1084,1061,952,958,954,950,961,935,932,933,954,949,971,970,924,949,932,949,941,929,960,985,942,962,939,939,948,955,958,952,973,947,937,1001,946,962,930,967,936,936,933,957,939,970,956,981,968,960,948,950,947,944,948,957,932,928,925,936,931,943,946,951,916,922,935,932,953,957,924,972,930,958,925,976,958,941,945,978,1
946,946,908,944,949,945,927,918,943,983,939,949,921,948,940,956,947,930,952,924,979,932,957,956,938,943,963,943,954,948,950,962,958,961,965,936,964,966,949,967,962,983,950,960,949,949,955,940,966,949,964,946,935,948,964,966,963,938,955,928,944,931,929,963,964,949,955,954,927,964,934,936,950,980,977,859,843,831,840,840,822,783,810,801,795,754,752,746,727,743,749,727,744,710,745,752,743,739,759,752,768,785,800,787,828,819,857,867,873,874,864,952,969,943,929,888,944,956,940,940,961,938,932,947,946,939,964,941,919,935,975,965,953,955,950,939,945,952,945,946,955,952,939,977,963,952,946,943,942,939,931,957,962,945,958,990,948,943,965,936,951,954,945,921,948,958,951,957,973,943,972,945,982,932,959,923,943,933,970,949,990,955,944,953,952,940,948,1
956,949,940,949,949,936,939,943,962,946,965,963,966,972,940,954,978,982,978,973,930,968,976,965,942,960,940,931,948,958,949,953,922,962,938,950,942,948,968,946,962,943,941,931,946,940,937,957,928,930,950,954,961,936,957,939,982,942,948,938,958,953,959,947,964,964,986,956,960,945,964,962,938,975,950,950,944,933,931,963,951,947,960,951,940,971,1005,1043,1098,1144,1191,1238,1204,1221,1235,1205,1116,1075,1043,1039,970,982,936,968,933,959,963,952,936,964,960,962,967,957,948,958,948,978,955,956,938,944,966,935,946,959,978,940,949,949,925,952,960,953,955,948,950,931,943,936,965,936,945,963,948,959,954,926,946,933,948,960,976,939,971,972,946,945,942,943,959,939,931,963,955,952,954,957,947,982,950,943,933,955,935,935,968,940,962,954,962,945,934,932,976,950,961,0
946,950,948,958,935,952,955,988,951,972,980,943,934,963,913,951,956,974,954,949,951,948,954,956,941,954,966,939,933,963,915,954,964,950,955,951,948,952,938,934,942,964,950,951,951,965,946,952,940,927,935,969,944,963,915,930,947,951,948,929,971,948,938,965,961,971,934,958,958,961,966,974,961,968,973,945,961,937,963,928,957,945,916,955,966,999,1002,1050,1096,1158,1174,1227,1259,1242,1239,1179,1123,1109,1023,1014,994,962,975,973,950,949,927,951,937,936,963,938,951,939,964,932,955,937,966,962,950,976,952,932,965,955,946,938,925,936,952,930,945,950,962,929,935,952,941,958,964,959,946,949,923,955,954,943,937,945,964,942,973,953,914,952,978,945,985,919,925,941,941,955,946,954,970,970,963,953,960,934,938,942,936,954,948,941,943,968,926,942,951,954,978,964,938,0
930,979,955,932,933,924,925,939,956,968,941,946,948,948,955,961,953,944,929,944,928,932,952,937,958,957,979,945,950,948,942,968,940,935,951,962,950,942,933,982,937,959,971,959,938,944,949,947,959,936,947,940,974,966,947,941,952,956,959,935,923,972,933,960,953,926,935,929,951,952,954,962,921,939,947,1083,1106,1145,1121,1148,1139,1157,1190,1201,1215,1246,1285,1245,1274,1284,1312,1305,1290,1308,1309,1326,1278,1288,1289,1274,1245,1238,1215,1215,1173,1172,1143,1116,1128,1087,1075,963,964,971,953,941,904,952,957,974,915,934,938,972,943,977,952,944,952,946,953,942,957,956,927,945,948,956,946,976,956,970,959,923,950,940,961,947,933,941,954,964,937,936,967,935,969,932,972,941,969,953,960,941,963,922,935,973,944,939,957,971,967,943,941,924,938,988,927,946,953,943,955,959,968,925,996,1
933,962,942,946,922,939,969,964,967,944,970,969,952,953,924,945,935,966,936,927,954,960,987,983,959,966,954,990,968,962,949,939,943,951,951,965,952,947,962,958,938,949,961,964,980,957,927,954,984,931,953,949,956,956,966,949,957,969,960,922,928,970,950,939,906,969,934,944,932,963,967,930,964,934,966,856,854,841,838,825,814,800,794,791,802,761,764,756,773,746,746,746,739,746,742,722,740,737,764,765,792,759,825,800,804,823,820,872,837,854,840,944,963,957,942,933,961,954,946,961,954,972,954,961,954,958,952,966,941,953,941,967,943,946,964,954,927,935,965,925,953,946,964,937,954,946,960,970,964,948,953,974,931,955,931,946,929,938,982,917,964,962,980,944,945,949,982,949,945,976,935,940,932,944,975,935,936,949,960,946,966,964,937,954,971,963,972,1
956,957,925,952,938,954,952,993,926,951,974,943,921,960,927,967,982,949,971,939,947,940,958,955,989,963,936,932,956,940,970,968,963,943,947,957,939,942,967,932,949,968,958,940,929,950,964,944,934,948,957,941,952,962,945,958,955,976,974,957,971,983,951,942,968,939,921,942,942,934,959,963,949,947,933,853,858,842,815,839,833,821,809,808,802,781,785,746,749,752,747,742,735,727,725,755,736,762,763,768,781,813,787,834,829,801,842,847,855,881,857,931,946,944,919,946,956,951,970,962,956,927,950,970,963,933,936,930,956,934,951,945,955,956,939,974,928,955,924,959,957,974,940,982,943,954,956,939,945,949,966,937,947,936,919,950,941,914,961,953,955,950,959,946,937,946,943,932,968,973,943,964,945,915,951,960,964,950,962,932,972,944,936,957,940,981,972,1
958,952,929,966,928,941,940,965,936,967,947,947,938,942,948,937,935,917,946,921,958,950,961,947,963,934,945,949,937,955,928,938,970,946,964,920,944,949,963,958,959,926,927,936,943,950,939,925,986,944,965,940,918,967,958,942,941,927,974,969,964,965,950,932,936,958,952,911,941,954,941,929,975,952,964,855,874,874,836,829,829,809,827,780,793,781,766,757,742,745,746,725,719,724,749,731,739,742,760,742,746,785,778,807,837,837,842,858,828,864,871,949,955,956,949,948,957,931,968,957,940,939,955,955,955,934,945,940,954,932,946,936,949,943,944,964,954,960,929,944,947,959,973,964,972,962,955,964,940,973,976,936,947,939,956,977,923,961,954,934,971,968,937,938,976,956,949,956,932,959,926,963,925,959,956,959,945,951,974,958,961,945,941,959,946,964,937,1
948,953,935,941,946,943,947,992,953,942,954,975,946,963,944,933,957,946,948,938,951,933,936,954,971,941,947,963,963,972,940,944,950,929,957,930,960,948,906,964,943,935,936,966,917,960,966,957,983,957,956,929,936,961,946,969,962,960,955,944,923,937,958,937,972,929,964,941,930,972,945,969,956,961,952,1000,1018,1043,1043,1033,1065,1082,1074,1063,1055,1120,1071,1116,1125,1110,1134,1126,1134,1120,1146,1106,1140,1110,1087,1095,1067,1107,1088,1080,1090,1046,1072,1020,1006,1036,1013,947,944,920,959,949,968,947,950,927,944,941,925,930,952,934,952,978,953,954,978,958,964,968,936,935,944,972,959,969,940,954,941,984,945,945,953,945,962,938,962,984,982,967,955,980,952,927,946,950,947,967,963,937,967,958,938,924,934,951,981,956,925,941,962,946,960,949,921,949,921,993,958,961,946,923,962,1
946,956,951,964,962,953,951,937,963,947,954,948,952,953,975,957,955,949,950,926,959,966,946,919,950,943,948,936,964,939,930,947,934,935,964,944,939,962,949,958,936,947,980,929,979,944,939,964,967,941,984,937,917,958,938,951,943,941,950,933,990,924,953,953,956,958,939,942,949,943,946,966,951,943,948,961,949,931,966,959,945,954,951,951,971,990,1031,1062,1081,1132,1179,1208,1241,1258,1205,1184,1123,1094,1047,1004,976,953,988,956,946,937,936,935,934,956,954,932,936,962,943,939,950,943,950,949,942,954,950,943,971,951,953,954,969,950,939,966,979,975,978,930,937,941,981,959,958,965,943,958,978,936,979,943,942,981,958,961,937,959,959,972,937,969,926,953,955,936,942,951,974,942,935,950,965,957,945,933,927,953,934,940,931,953,945,942,973,979,950,949,962,958,953,0
950,943,956,936,924,939,962,934,952,956,941,952,925,944,894,917,899,943,968,925,938,945,934,926,965,972,947,949,952,972,941,946,950,933,928,950,924,929,962,951,948,955,950,956,940,952,943,937,941,957,935,982,959,950,973,960,962,951,952,947,922,934,932,963,941,989,942,967,928,953,966,937,973,955,952,1092,1077,1105,1103,1132,1148,1172,1189,1174,1233,1241,1279,1271,1291,1288,1280,1313,1312,1298,1306,1269,1294,1280,1253,1264,1250,1220,1213,1208,1149,1189,1128,1131,1126,1078,1071,952,954,932,1007,972,942,943,958,937,988,962,960,985,950,953,936,912,963,952,954,963,919,977,940,953,984,953,933,913,938,949,942,961,918,943,941,947,939,964,942,938,922,919,944,955,972,920,933,935,940,965,944,957,948,945,918,946,967,971,931,959,947,959,997,939,936,957,953,945,944,963,948,963,967,968,957,1
963,940,942,946,949,968,971,942,946,950,917,978,949,933,930,955,920,946,967,924,973,952,949,947,945,948,946,961,949,947,960,946,948,964,962,945,953,948,950,958,946,971,938,979,961,937,949,947,961,970,922,928,944,953,948,968,908,955,945,958,956,929,951,951,951,952,928,951,949,966,954,945,925,930,971,972,956,965,937,936,962,945,956,959,960,961,987,1042,1086,1172,1187,1236,1233,1247,1240,1195,1130,1086,1045,989,1006,964,954,950,947,949,950,957,948,942,934,963,936,908,969,936,949,940,932,923,952,968,959,949,932,971,935,967,966,958,964,948,936,931,934,972,923,946,933,953,943,942,959,961,932,931,950,936,985,953,972,958,949,967,962,944,953,952,944,961,941,940,941,942,979,959,946,953,951,964,942,953,951,972,949,935,964,958,928,941,949,964,970,939,936,958,938,0
970,957,941,952,971,970,979,951,927,925,932,957,957,939,972,945,940,943,949,963,953,934,957,961,939,970,962,939,951,943,955,955,975,951,943,947,962,955,936,955,965,931,966,958,950,943,932,922,953,926,977,953,946,953,941,941,949,937,949,946,950,923,953,970,960,926,935,968,936,952,942,964,939,951,932,955,933,957,943,978,966,932,955,942,976,992,1040,1032,1102,1142,1221,1246,1275,1269,1224,1180,1141,1072,1042,1006,981,939,953,941,964,964,967,964,932,970,944,955,971,953,928,945,937,944,911,938,952,949,956,961,937,938,958,945,948,920,955,955,957,939,952,954,951,947,952,935,969,968,932,944,933,921,965,940,936,955,942,968,950,951,931,941,963,944,933,950,941,935,953,963,964,960,926,953,945,957,955,918,947,953,957,945,968,942,955,964,963,968,961,926,940,950,986,0
942,946,924,966,958,950,959,947,975,935,956,943,950,961,936,961,968,957,939,967,926,941,925,944,977,934,961,929,967,960,944,931,940,927,968,915,934,959,918,945,961,940,961,939,958,950,932,952,931,948,974,967,951,930,954,956,930,965,959,975,964,937,977,959,936,959,954,951,931,961,946,954,948,959,917,1009,1017,1017,1024,1050,1066,1076,1078,1072,1113,1070,1112,1102,1118,1121,1143,1127,1135,1124,1102,1122,1132,1121,1090,1098,1089,1129,1076,1099,1076,1066,1040,1016,1056,1028,1034,973,951,961,964,958,945,945,956,984,937,961,940,951,966,960,949,946,961,945,971,940,960,951,939,927,952,975,950,943,967,956,948,941,952,941,925,954,936,944,925,962,965,959,984,933,961,943,964,940,962,940,949,941,958,947,941,947,935,948,985,963,958,943,945,952,959,948,960,926,942,960,950,950,914,953,937,1
941,947,948,964,945,962,940,976,956,949,934,995,964,968,941,945,950,950,963,951,931,949,955,959,936,930,985,956,935,967,949,957,952,983,947,952,959,953,964,964,943,942,965,962,952,916,928,931,951,958,928,952,963,953,943,947,930,937,926,940,945,967,953,949,933,946,943,949,963,953,959,958,959,954,936,869,886,850,845,856,827,799,811,772,782,778,760,771,752,729,737,728,725,734,752,742,748,743,740,753,784,767,794,791,817,812,857,868,876,877,848,929,955,944,966,948,935,938,972,961,957,915,951,971,939,961,955,922,918,949,976,948,948,926,968,958,945,944,937,950,931,955,948,932,968,927,963,970,942,966,940,939,968,938,926,950,912,953,941,932,959,933,953,964,932,921,926,929,957,968,957,936,941,940,935,969,937,943,957,955,961,980,950,942,941,942,962,1
966,921,962,932,915,950,955,937,933,940,948,956,967,972,932,934,959,941,922,977,929,949,954,963,965,932,964,952,954,950,965,960,942,936,956,971,962,928,928,977,986,939,924,957,940,981,957,941,925,967,957,950,944,926,942,957,952,959,938,942,947,918,946,950,940,949,954,941,956,969,936,946,921,964,956,957,909,952,963,953,924,974,959,964,939,980,1005,1017,1065,1101,1191,1222,1265,1235,1219,1205,1143,1081,1069,1007,965,983,986,952,975,969,965,959,952,950,922,934,968,957,942,956,965,932,942,946,973,943,966,971,966,940,947,951,944,968,955,948,959,977,934,961,943,950,950,955,955,951,934,942,941,941,963,943,931,952,954,960,941,979,948,950,930,957,955,934,945,951,940,945,928,953,938,959,929,924,921,962,952,944,947,920,952,947,925,950,966,948,942,936,972,930,945,0
941,943,962,940,939,956,973,932,961,963,960,930,955,927,951,975,961,903,915,974,950,899,943,950,945,947,932,947,944,969,916,979,943,929,968,962,940,932,948,948,959,945,960,935,938,955,944,962,972,939,958,974,943,947,976,968,952,977,945,949,955,953,969,941,932,973,948,945,923,964,951,938,920,966,959,884,897,853,840,817,819,796,780,795,769,787,771,751,746,742,714,716,742,737,727,765,756,771,747,763,785,811,784,798,818,812,803,855,872,877,868,931,952,947,948,943,957,974,939,953,969,956,931,946,946,940,954,967,946,943,940,944,938,935,946,955,957,936,963,937,988,948,929,948,957,930,945,926,972,934,955,924,971,973,946,933,926,971,946,958,930,935,950,959,935,960,939,948,958,913,944,938,960,962,953,949,957,965,974,928,951,973,952,955,941,965,951,1
943,943,959,974,967,974,944,945,952,971,956,954,936,947,990,944,954,954,951,957,944,941,952,961,958,958,961,929,947,927,953,924,951,978,966,944,961,954,964,913,964,973,959,957,959,938,942,953,943,952,979,943,912,958,919,932,940,949,954,955,944,956,933,959,958,945,949,925,964,950,959,946,968,955,961,876,844,858,839,845,813,814,827,812,765,782,751,760,745,732,710,728,737,720,726,751,744,728,774,772,776,785,801,813,813,827,831,864,834,870,913,930,935,948,965,983,950,965,951,960,951,961,966,967,954,986,928,937,973,953,976,939,950,947,945,953,963,958,966,943,947,987,953,961,973,936,968,946,929,989,952,939,962,956,952,947,941,960,949,932,932,955,937,932,922,957,932,953,980,942,953,936,951,962,924,938,963,954,954,950,934,976,945,963,925,952,933,1
953,970,919,958,947,958,955,947,945,951,947,954,950,963,959,946,940,937,932,946,957,950,933,951,954,937,966,932,932,949,932,969,955,932,960,941,957,934,944,956,976,941,962,955,919,969,974,942,951,961,949,927,954,934,974,952,945,925,939,970,970,954,963,952,957,957,945,938,935,957,973,957,977,964,963,1016,1014,1021,1048,1026,1043,1039,1077,1066,1073,1087,1082,1115,1114,1112,1119,1174,1171,1140,1099,1109,1091,1107,1130,1111,1091,1100,1085,1079,1072,1049,1024,1051,1009,1030,1018,955,961,943,939,966,947,929,940,969,921,949,967,953,946,972,947,937,980,969,947,947,971,956,983,944,917,943,960,953,933,967,933,928,945,945,941,956,956,939,954,942,944,964,940,970,940,932,934,960,950,962,955,937,977,969,964,971,932,977,963,938,925,934,959,949,946,959,941,961,939,953,949,966,970,946,954,1
927,967,946,956,948,948,937,950,946,935,974,961,951,943,961,950,967,955,966,946,945,950,946,979,954,978,967,956,957,956,949,954,928,969,960,953,940,920,967,953,938,936,909,965,939,944,963,961,934,933,960,938,960,952,944,940,936,956,968,954,984,928,938,962,928,948,954,957,947,956,974,949,951,977,952,876,836,843,853,823,815,815,794,794,799,789,756,752,734,746,741,731,728,764,707,741,730,704,756,750,796,794,781,806,811,803,858,843,851,870,865,950,954,927,929,927,953,937,959,952,954,930,943,913,951,961,964,940,960,954,959,956,970,958,964,957,957,976,926,950,979,972,952,952,937,916,951,960,939,961,970,939,940,946,964,967,946,958,931,934,938,964,949,957,943,964,947,954,936,930,955,956,958,955,926,942,951,939,949,951,956,951,972,970,930,963,918,1
940,935,935,961,955,937,960,946,944,946,990,955,952,935,966,923,964,955,936,964,949,973,966,945,959,930,951,948,976,956,965,942,911,928,972,927,963,965,963,951,946,940,971,952,945,954,939,970,911,951,938,960,941,941,933,942,940,958,940,944,954,969,950,947,958,953,929,914,954,920,952,935,944,941,951,938,917,947,945,938,914,934,960,953,972,972,1002,1062,1086,1126,1199,1222,1251,1241,1229,1185,1155,1085,1048,990,993,973,945,982,966,909,952,941,952,950,958,940,941,939,949,950,974,959,928,953,976,938,931,971,947,956,941,946,951,924,959,955,940,961,948,967,948,944,964,946,958,942,949,962,953,979,958,962,953,978,966,925,980,955,944,962,960,953,949,943,945,928,930,975,930,940,931,954,939,955,969,940,942,961,959,919,976,954,973,960,946,940,951,951,947,938,955,0
940,946,973,926,944,964,960,930,952,968,949,948,956,917,945,963,950,954,946,957,939,931,957,935,966,946,961,948,934,959,925,948,939,966,970,931,954,936,953,938,973,955,936,969,969,966,959,968,950,922,986,974,964,964,964,960,940,948,944,944,961,962,939,934,931,972,955,938,945,954,941,960,955,956,941,951,961,945,941,957,930,970,959,964,968,987,996,1060,1086,1160,1169,1243,1246,1249,1215,1178,1145,1076,1064,973,1004,986,963,942,927,933,947,923,955,896,950,936,961,968,949,957,953,923,977,958,962,972,960,951,932,958,936,952,973,934,938,948,981,947,913,947,933,943,971,952,970,944,970,947,965,968,958,927,930,959,941,933,946,966,936,928,945,968,952,966,964,965,962,958,930,943,956,932,952,934,966,942,938,962,967,966,959,969,985,945,936,948,928,938,953,938,968,0
953,963,940,970,965,950,969,948,926,957,967,928,970,970,937,955,922,977,929,943,945,969,953,978,924,953,936,952,947,948,957,921,949,917,963,951,971,941,958,955,934,928,951,941,940,945,969,946,965,943,937,957,941,945,951,944,958,921,974,956,919,927,924,941,928,920,952,941,961,941,956,934,976,927,954,873,901,863,856,852,829,810,797,769,767,786,760,746,765,737,721,733,752,712,716,723,740,752,760,747,782,788,778,801,805,823,809,834,870,850,892,944,944,941,965,952,952,948,951,939,936,928,936,957,929,951,945,943,958,942,937,953,947,939,927,946,946,927,967,977,950,954,968,924,977,928,969,951,948,942,952,948,956,941,963,950,946,945,945,969,954,937,935,939,933,961,945,965,970,954,944,949,937,933,948,946,963,953,966,922,952,961,970,970,961,963,954,1
910,943,958,964,962,941,936,937,953,971,944,959,959,937,947,957,963,958,946,957,949,938,953,976,947,960,952,973,969,953,937,960,987,946,963,910,950,931,942,954,978,951,932,946,956,936,954,972,948,951,961,960,960,931,978,941,965,939,947,954,964,933,953,957,971,948,961,942,954,926,918,967,964,935,948,1055,1086,1089,1122,1159,1156,1158,1198,1212,1205,1241,1262,1257,1281,1307,1295,1311,1326,1318,1334,1294,1288,1290,1285,1234,1270,1248,1200,1177,1198,1160,1137,1100,1096,1081,1068,945,943,980,943,959,931,951,943,921,939,940,997,930,921,957,948,930,942,938,950,962,940,927,937,976,939,963,933,950,972,938,947,945,944,945,957,977,951,962,919,939,963,984,941,952,940,968,972,957,962,951,950,966,961,966,928,959,950,948,972,978,941,972,939,960,973,950,961,949,949,946,943,975,947,962,922,1
965,969,939,941,953,938,955,919,936,946,934,940,930,958,958,937,961,946,957,939,963,951,968,961,967,930,940,962,920,942,965,929,975,955,949,946,940,977,945,949,950,955,957,960,925,942,956,948,938,962,922,921,942,957,940,955,955,937,922,931,954,927,925,968,953,950,926,956,959,920,926,943,940,951,929,938,940,981,970,970,939,938,953,954,950,982,1013,1046,1085,1127,1204,1194,1274,1257,1204,1182,1131,1082,1065,999,968,964,923,929,960,969,946,961,938,969,949,945,927,966,945,927,974,943,955,940,959,961,965,961,934,950,964,933,927,941,941,953,939,961,950,962,957,944,964,944,954,956,976,940,949,958,948,948,943,933,929,963,949,964,979,950,972,998,954,960,942,941,950,951,979,923,986,953,969,946,931,941,935,951,944,951,974,968,959,921,974,947,937,950,961,947,944,0
957,936,924,929,951,955,919,967,923,937,949,945,970,945,926,991,953,941,971,962,969,955,948,935,966,975,957,938,947,946,946,967,957,956,923,949,960,941,938,944,938,917,950,959,950,963,957,956,940,923,964,930,930,936,953,972,939,955,909,971,937,934,939,961,928,963,952,934,939,941,944,952,948,931,961,951,954,950,938,962,938,957,932,954,973,992,1015,1049,1091,1170,1203,1225,1245,1242,1214,1192,1148,1088,1026,1004,974,994,951,943,937,972,957,958,967,924,958,946,936,964,945,969,950,959,956,934,953,968,946,956,939,952,950,931,962,954,962,947,941,924,953,965,939,927,957,949,934,936,985,973,954,937,945,954,951,975,958,948,931,967,959,952,946,940,960,960,956,935,970,986,943,965,940,958,957,970,959,935,941,955,915,928,942,926,954,966,956,952,956,947,946,970,941,0
949,946,958,953,972,956,957,945,961,918,950,938,954,936,960,944,933,926,945,977,919,938,974,930,923,949,928,949,934,932,943,933,953,963,949,971,940,928,949,944,950,941,935,949,936,958,961,938,961,960,945,940,943,956,905,955,938,960,941,939,933,930,954,960,959,940,939,967,955,924,938,982,917,936,958,932,950,934,948,950,926,945,965,975,972,1006,1026,1047,1082,1139,1198,1213,1227,1245,1202,1161,1152,1109,1055,1007,967,964,929,939,926,963,973,933,926,941,930,965,965,982,927,958,950,950,950,972,958,926,972,934,951,956,954,963,969,936,954,940,946,966,935,947,950,954,956,942,973,932,964,965,959,970,963,946,954,923,933,938,941,954,947,949,975,914,924,935,964,950,936,943,937,972,952,955,957,962,957,936,953,948,933,934,918,952,955,928,911,934,958,974,968,943,974,0
949,936,949,951,973,929,964,958,944,948,951,943,938,947,945,930,964,950,928,949,934,960,950,958,952,933,971,887,954,964,988,909,956,936,965,972,967,919,955,958,965,923,937,942,938,958,985,948,948,949,952,952,943,956,960,963,933,927,959,948,959,956,971,954,945,927,933,957,942,968,939,954,990,947,927,963,938,941,950,977,952,978,959,978,974,986,1007,1065,1094,1123,1181,1235,1254,1245,1233,1166,1128,1098,1024,1012,989,986,946,959,954,955,931,948,967,958,959,940,919,925,983,950,934,931,987,963,971,958,966,923,938,952,922,943,965,951,964,945,932,949,945,937,928,948,955,955,964,957,928,940,977,921,967,937,943,947,944,931,919,973,929,941,930,930,979,951,955,952,980,933,929,939,950,966,930,959,956,932,963,955,952,977,944,953,976,959,941,944,946,922,961,938,961,0
915,936,953,932,952,936,942,945,928,972,955,949,952,949,918,941,940,977,940,951,963,976,952,946,948,979,945,950,953,920,944,943,949,964,975,933,953,946,938,965,952,958,974,920,954,933,949,919,965,948,976,970,952,955,916,962,940,960,971,953,948,947,915,948,946,955,944,968,934,962,970,956,949,936,966,975,947,961,935,931,960,938,946,951,985,1018,1022,1057,1107,1132,1198,1206,1220,1229,1219,1166,1140,1085,1055,1005,984,974,941,951,940,946,954,941,931,938,932,942,980,946,953,937,964,954,941,972,937,937,922,954,954,943,980,937,932,937,915,970,953,948,978,949,954,958,979,950,958,924,947,955,958,962,951,935,957,958,935,945,917,963,941,980,940,942,919,913,939,961,960,942,927,966,952,934,919,933,958,953,941,943,966,928,955,965,952,956,986,971,953,943,946,966,948,0
925,972,949,979,956,939,984,949,974,939,974,936,953,932,926,970,937,955,968,965,949,951,944,956,936,934,968,922,962,955,948,962,965,915,963,950,952,955,935,963,931,944,963,911,960,962,977,974,945,952,983,955,940,958,960,943,930,957,935,924,947,957,940,921,955,962,955,978,948,970,949,949,957,945,963,1064,1093,1115,1147,1123,1151,1163,1204,1215,1236,1253,1232,1257,1292,1281,1298,1287,1308,1303,1328,1301,1288,1300,1253,1235,1252,1243,1209,1202,1165,1145,1132,1138,1106,1081,1072,969,953,957,959,948,954,935,924,967,951,940,935,958,971,973,933,952,976,955,952,960,965,936,962,943,945,929,943,917,947,940,954,953,940,937,935,928,952,940,953,937,925,943,938,945,953,964,939,944,946,944,949,948,964,946,931,958,923,962,992,943,940,958,963,966,958,916,957,963,938,954,940,979,958,966,945,1
945,964,959,948,917,955,910,930,953,945,941,914,944,946,939,942,944,964,918,949,954,957,958,932,941,932,962,966,926,921,961,963,953,958,934,925,984,977,949,934,929,938,960,965,944,956,948,952,933,929,939,938,943,940,971,965,946,929,949,945,967,969,968,956,969,944,960,915,951,960,952,930,926,972,954,1047,1090,1104,1123,1159,1168,1164,1197,1201,1243,1236,1252,1254,1311,1304,1314,1325,1304,1298,1300,1277,1298,1298,1261,1270,1235,1196,1212,1210,1159,1134,1150,1120,1135,1086,1056,971,915,952,967,935,954,941,940,930,933,955,946,928,919,918,989,958,948,928,931,938,955,944,947,946,943,964,958,949,956,955,939,925,946,940,964,923,924,962,931,962,953,922,960,959,946,967,949,922,955,934,931,939,946,977,944,945,962,951,972,941,972,939,954,960,961,949,946,963,923,966,953,971,946,961,969,1
964,949,944,950,952,965,941,966,911,955,926,965,925,952,919,966,942,955,940,952,918,975,958,918,971,927,944,966,946,982,936,938,930,947,920,962,963,949,953,937,939,962,951,935,931,946,937,937,950,989,959,919,909,918,943,965,971,953,942,935,930,952,961,939,960,928,937,957,948,915,953,954,938,946,935,946,947,918,956,954,933,958,956,949,970,986,999,1047,1090,1139,1144,1230,1268,1237,1205,1166,1128,1108,1053,1008,989,981,955,939,963,942,961,946,953,952,935,957,949,969,953,955,942,952,946,945,947,947,966,942,949,958,943,939,959,945,952,952,956,936,940,968,951,976,937,952,935,975,951,945,963,954,940,955,971,940,952,952,977,943,966,964,941,940,959,955,951,935,965,953,959,950,946,947,941,943,931,941,939,962,954,946,955,976,936,949,927,953,936,937,962,930,962,0
951,912,924,959,938,955,953,941,926,942,963,941,952,952,977,953,949,958,953,965,950,953,958,927,941,968,951,972,935,952,935,956,950,938,927,951,946,959,960,958,936,964,944,950,943,941,926,956,936,957,956,942,949,945,952,964,964,958,966,963,965,963,957,962,947,938,937,951,963,930,952,958,969,938,953,943,933,927,947,945,941,950,939,964,961,996,1012,1020,1097,1146,1185,1232,1252,1247,1244,1185,1138,1082,1038,1023,975,968,959,943,965,946,939,942,941,954,957,969,952,941,950,951,957,946,913,935,959,929,943,945,974,963,922,944,979,943,924,963,975,949,948,955,951,956,959,946,947,963,973,937,979,957,953,948,945,935,931,969,965,957,979,958,953,961,948,971,977,968,952,939,931,964,963,912,949,966,970,942,942,953,976,927,954,957,952,928,960,935,947,948,928,934,956,0
930,949,967,935,965,950,968,951,932,967,976,949,979,948,937,976,949,929,955,932,946,938,914,925,943,947,945,942,959,932,940,947,950,971,956,979,958,953,945,945,967,959,961,959,954,941,934,960,958,959,946,965,944,932,917,948,946,940,960,952,936,973,941,926,937,911,918,944,950,953,960,942,967,967,969,962,948,964,943,938,920,943,967,933,981,983,1025,1033,1094,1128,1185,1201,1243,1239,1239,1178,1121,1075,1033,976,961,974,965,930,945,986,934,938,943,954,964,975,952,954,941,948,942,955,935,937,927,924,947,977,947,960,935,915,941,963,948,945,958,954,912,940,961,964,968,990,935,948,935,919,929,924,932,944,931,958,907,960,950,954,929,945,959,977,934,953,960,932,916,965,944,963,976,948,945,956,947,928,937,969,941,941,981,958,955,951,956,945,937,938,933,947,961,0
941,964,943,938,948,970,948,959,953,936,940,944,961,965,950,965,973,972,954,962,941,966,945,951,952,954,944,970,956,941,947,946,965,950,974,922,959,940,956,957,957,945,968,933,933,980,961,952,969,936,948,962,950,945,950,950,971,946,948,966,946,935,952,936,969,947,947,985,978,965,934,951,979,950,986,883,869,855,856,833,846,807,789,779,783,782,745,772,785,733,730,729,740,730,726,743,783,729,742,778,777,759,791,829,806,815,826,873,828,874,876,974,955,958,951,938,954,960,961,988,966,931,952,966,956,984,942,946,966,959,935,938,948,942,967,940,963,971,954,972,935,961,950,938,966,910,948,952,922,949,950,961,948,952,953,948,946,950,948,961,949,967,950,977,953,921,935,952,920,952,952,953,938,950,969,938,927,964,950,952,972,931,957,933,964,979,972,1
927,962,945,969,931,948,953,965,935,938,945,939,951,983,955,931,952,957,950,970,966,941,938,953,968,952,939,958,928,936,954,951,959,956,944,920,972,929,971,955,978,954,938,966,952,946,942,959,968,956,969,930,956,963,936,926,958,962,961,940,949,948,957,948,925,972,969,973,951,969,948,915,935,954,926,1032,1032,1031,1052,1035,1055,1054,1068,1099,1090,1100,1108,1111,1114,1127,1098,1140,1140,1116,1138,1128,1098,1129,1112,1083,1135,1102,1053,1083,1068,1050,1029,1040,1032,1006,990,953,956,948,937,925,939,949,959,946,945,955,942,959,936,936,939,942,942,962,930,941,941,946,946,967,953,966,963,956,953,927,964,940,929,971,939,961,967,934,963,969,956,955,972,947,925,957,945,980,923,958,957,958,963,951,958,915,943,951,976,957,942,939,951,947,936,955,968,965,945,936,942,955,946,940,976,1
942,955,957,945,950,935,938,942,954,932,939,961,952,925,969,935,934,966,944,958,962,932,930,968,942,972,960,961,966,937,938,938,967,919,925,936,938,971,944,982,962,948,966,937,942,939,949,974,971,955,934,928,945,948,944,958,944,917,973,950,963,960,950,930,928,948,945,971,945,960,925,940,940,985,953,962,963,958,934,977,970,947,961,962,969,966,1006,1020,1091,1107,1166,1224,1248,1237,1218,1171,1154,1085,1021,1002,988,967,936,964,943,939,942,943,949,935,947,918,944,936,933,965,953,971,925,944,953,984,953,926,941,947,938,951,950,966,957,958,971,948,932,948,930,969,954,941,948,947,948,937,962,964,946,931,942,922,987,950,920,946,965,942,972,939,954,964,965,935,930,950,961,948,949,938,952,959,950,959,979,933,941,941,934,959,944,957,951,950,940,941,959,952,956,0
941,948,952,951,947,943,957,947,968,961,951,958,926,951,952,971,930,992,954,953,963,955,957,929,933,961,944,958,930,973,946,941,934,938,951,932,960,958,954,954,941,971,969,959,920,972,931,967,973,929,974,959,966,944,929,955,930,947,949,948,940,930,941,960,929,941,966,976,946,954,934,923,972,964,949,882,858,858,853,834,841,814,794,775,801,780,755,779,770,743,737,717,764,745,732,740,723,743,768,756,772,781,789,808,831,849,853,847,856,878,899,964,958,958,950,946,951,937,945,925,944,959,958,954,936,958,940,952,927,963,934,953,938,978,952,957,948,934,950,969,959,950,994,934,948,943,934,947,958,967,953,935,955,926,960,953,955,954,948,935,950,962,936,941,939,957,971,984,940,961,945,933,941,952,955,962,966,910,981,931,949,943,964,951,946,962,956,1
942,948,934,971,922,950,976,951,929,963,919,924,938,952,940,931,952,954,962,982,956,928,956,950,943,938,951,985,947,978,943,950,900,931,937,942,961,927,967,953,953,924,962,966,950,942,965,944,956,949,933,947,945,949,944,934,938,947,927,955,971,961,968,938,952,942,955,983,950,950,946,963,941,927,942,945,935,949,936,963,950,993,962,938,968,1001,991,1083,1083,1137,1196,1244,1255,1255,1181,1170,1133,1091,1048,966,964,951,948,934,930,945,898,944,949,945,977,951,975,937,937,964,948,935,931,957,935,964,953,948,934,957,964,935,946,947,935,920,938,952,980,967,960,969,946,949,984,931,943,958,947,946,951,945,947,949,941,958,928,940,943,933,953,943,943,938,969,960,946,915,912,938,964,936,937,960,938,937,945,949,942,942,953,943,934,946,942,950,962,957,951,970,944,0
960,958,943,947,953,933,934,930,938,964,965,973,934,959,932,958,936,928,936,940,957,963,937,960,957,966,922,956,966,937,935,963,948,972,947,929,942,955,938,950,945,941,946,951,962,974,959,949,954,963,950,943,948,915,940,945,933,935,950,918,941,928,938,963,955,956,943,928,971,937,958,949,955,932,954,924,954,953,933,932,943,962,962,928,977,973,1011,1044,1075,1114,1221,1226,1261,1260,1240,1189,1131,1092,1039,1002,985,971,938,945,938,950,959,934,928,964,983,960,947,974,933,954,943,942,923,957,936,964,958,952,946,989,971,939,944,927,946,952,949,945,932,962,948,968,969,950,936,926,923,937,929,958,966,945,941,961,957,928,955,940,950,934,931,932,931,981,934,960,927,940,948,941,951,945,956,959,967,973,962,976,975,937,923,953,951,962,950,952,928,957,947,959,939,0
948,954,939,960,937,935,932,939,960,968,952,936,934,945,948,951,960,977,958,970,942,954,950,942,920,937,972,950,950,936,947,943,962,943,952,951,941,949,940,927,951,979,941,955,935,948,964,947,973,954,933,947,941,945,941,945,953,958,965,944,944,939,971,940,953,929,955,959,928,945,965,953,974,936,936,851,873,867,839,823,830,817,812,796,767,773,747,741,738,764,740,725,725,709,719,720,735,749,779,756,754,759,780,825,824,854,822,859,859,849,884,924,964,970,931,937,961,967,965,961,925,940,948,943,967,956,941,961,951,948,950,943,941,942,961,918,979,959,914,942,927,943,962,943,967,944,971,952,961,938,951,943,920,960,943,937,949,940,960,937,942,957,951,951,941,954,959,944,936,929,976,969,956,974,955,960,963,949,932,931,928,925,959,965,954,950,956,1
960,946,973,945,954,930,960,952,971,969,952,935,930,958,944,940,971,942,956,950,940,975,920,959,928,930,951,985,948,976,982,949,973,936,953,929,940,948,942,964,944,930,942,937,927,959,961,943,964,957,948,949,967,947,954,930,944,948,970,955,944,964,932,964,952,960,951,951,931,968,909,945,929,967,963,952,929,948,947,961,947,947,973,941,967,969,1005,1031,1084,1108,1184,1224,1251,1255,1226,1181,1148,1110,1060,997,986,954,946,944,925,945,947,970,951,953,952,944,953,954,940,953,959,923,907,932,945,948,934,953,968,938,951,937,987,973,962,957,954,950,950,950,955,947,953,945,959,949,942,954,929,947,948,958,964,941,942,930,956,926,947,925,937,950,964,937,936,967,942,944,959,915,931,952,949,974,926,942,921,942,918,950,917,953,947,942,956,943,932,957,935,961,958,0
932,975,959,950,964,944,927,960,960,935,939,960,951,951,963,940,939,957,955,952,930,961,947,959,971,953,938,948,935,978,947,940,954,933,959,927,939,926,958,970,924,930,933,948,954,933,967,943,945,942,953,949,935,973,968,946,949,962,948,913,943,951,958,965,957,958,933,964,973,984,935,930,966,950,955,847,863,863,837,833,814,798,838,785,778,772,772,778,761,738,734,742,743,748,730,740,729,757,732,760,771,775,806,813,819,830,827,850,863,898,898,967,936,953,955,919,965,959,937,931,957,956,944,983,930,930,938,973,972,941,954,954,950,956,971,942,959,950,985,966,939,966,938,963,977,968,942,937,939,971,937,946,961,919,937,945,951,982,939,954,951,950,944,958,940,962,957,950,931,964,928,975,969,946,952,969,923,976,976,936,959,951,958,954,949,927,964,1
960,969,950,968,958,941,925,941,951,937,929,902,946,957,965,957,949,954,937,947,914,940,938,960,954,971,990,961,932,965,958,939,953,964,952,942,939,947,949,953,943,943,928,941,955,908,949,981,978,955,958,931,926,956,942,972,921,949,980,944,927,952,923,921,933,951,937,956,955,943,956,960,945,936,956,963,975,944,927,950,968,940,952,928,964,969,999,1052,1072,1141,1157,1238,1221,1255,1223,1181,1117,1086,1040,1018,979,969,954,957,925,945,980,945,956,944,962,959,945,949,947,965,944,915,973,940,970,943,929,914,969,920,939,953,968,942,958,930,932,941,941,952,937,961,962,947,954,955,944,953,939,968,979,948,950,950,986,937,965,937,954,942,947,949,929,947,946,929,957,943,965,922,948,963,957,960,968,945,914,939,945,959,956,959,955,930,940,936,958,921,918,935,954,0
922,952,922,970,938,955,934,974,941,953,954,933,941,937,964,956,963,957,966,930,936,971,957,946,942,933,947,938,943,935,967,946,955,936,933,934,965,918,954,955,948,940,935,939,978,975,953,950,976,950,966,928,971,962,964,951,948,953,913,963,928,956,949,951,951,947,923,936,961,984,962,942,940,961,915,1076,1093,1107,1138,1135,1176,1146,1194,1213,1228,1245,1277,1284,1314,1277,1279,1313,1317,1320,1295,1316,1290,1267,1286,1275,1264,1214,1193,1186,1194,1168,1137,1116,1109,1069,1068,952,956,952,935,948,926,974,930,984,939,943,940,932,935,954,942,929,955,956,921,954,965,966,960,932,962,931,965,934,970,896,930,966,928,954,976,934,958,936,946,936,923,969,913,961,956,952,936,939,958,905,975,956,967,944,956,943,947,956,954,953,913,933,943,929,940,953,958,938,956,939,934,941,961,953,964,1
963,945,974,932,936,954,983,935,939,935,935,935,947,958,956,940,969,927,946,969,945,941,969,936,943,947,934,945,915,938,972,949,944,927,939,937,916,952,945,946,965,942,937,939,936,952,943,962,954,940,934,919,945,946,941,971,943,948,940,911,971,948,957,934,933,978,940,946,936,957,967,970,948,949,965,926,944,936,955,935,942,950,947,946,950,999,1006,1030,1089,1120,1205,1198,1241,1253,1197,1204,1140,1099,1058,991,987,962,954,944,962,956,939,944,991,951,940,954,958,968,954,946,945,953,930,979,941,923,968,953,955,942,956,937,960,935,955,938,950,940,935,937,943,955,944,950,934,954,969,936,952,937,942,963,989,900,946,937,956,958,950,963,968,954,950,970,942,949,932,939,957,964,937,954,940,944,948,954,948,962,940,966,946,940,970,966,941,957,946,956,980,949,948,0
954,916,976,959,933,933,945,957,954,937,945,976,958,953,963,944,946,938,962,974,953,937,957,942,949,961,952,941,954,965,949,939,944,956,935,954,948,934,960,935,946,958,945,948,940,923,952,954,906,960,927,961,942,934,946,948,963,935,953,948,973,955,987,932,944,957,962,969,927,952,953,946,917,959,954,971,933,937,961,913,934,960,953,933,964,971,995,1026,1073,1154,1173,1236,1265,1243,1239,1174,1189,1077,1036,1017,987,965,963,956,977,983,948,949,971,929,964,944,947,954,922,944,944,942,956,935,932,955,935,946,960,945,909,963,934,946,951,962,931,957,950,959,950,956,953,936,937,933,969,959,981,948,937,945,939,966,949,956,923,953,943,951,947,925,955,977,952,951,968,935,945,966,936,935,975,950,942,938,929,941,951,941,962,967,980,974,947,956,946,963,937,937,932,0
945,963,937,948,946,957,967,947,948,929,930,946,965,956,983,963,917,955,935,958,919,947,932,927,946,962,973,938,944,940,958,965,972,974,960,955,956,940,953,936,935,939,942,937,941,965,935,957,955,952,932,988,936,963,953,971,967,957,944,949,973,942,954,936,960,934,944,940,940,978,946,959,968,953,958,1069,1089,1092,1135,1126,1166,1184,1197,1191,1257,1230,1281,1268,1285,1298,1314,1300,1302,1306,1303,1311,1293,1309,1276,1263,1245,1209,1207,1203,1209,1171,1120,1096,1116,1088,1051,963,931,940,938,931,934,953,959,962,936,954,921,925,946,949,968,935,944,956,956,954,947,955,935,939,936,941,957,948,962,923,969,952,933,935,932,964,952,926,969,939,943,976,936,941,954,940,953,941,932,931,946,960,962,967,949,937,937,994,931,940,956,935,927,977,934,934,944,965,956,963,950,936,945,924,943,1
937,944,942,928,946,949,949,935,938,937,956,945,967,944,951,920,953,943,946,966,964,937,924,946,940,962,970,961,968,967,942,963,972,968,959,945,957,969,967,949,933,951,962,961,935,915,954,969,957,949,945,938,944,957,932,963,956,954,938,937,935,988,974,954,947,954,949,955,909,963,938,959,976,943,917,1091,1099,1092,1149,1152,1160,1183,1174,1223,1249,1255,1253,1273,1290,1296,1273,1315,1299,1343,1302,1304,1308,1277,1266,1230,1228,1219,1226,1195,1166,1155,1133,1141,1122,1063,1092,948,956,951,957,947,960,969,929,951,953,927,953,947,951,979,941,958,947,950,942,981,952,930,924,931,945,933,935,956,977,964,966,952,943,935,965,942,967,949,946,938,945,940,918,934,947,943,951,965,948,952,953,896,940,953,963,952,956,943,973,945,962,946,952,912,925,935,959,964,947,936,937,966,939,942,930,1
951,970,955,929,939,950,948,920,926,936,952,925,937,921,960,943,933,962,957,945,979,941,957,954,952,934,943,964,966,958,969,972,975,926,961,928,942,972,955,940,944,944,971,937,953,924,954,959,971,945,974,931,949,912,946,964,944,956,974,923,955,925,907,947,944,962,938,968,907,970,979,955,942,943,961,1011,990,1048,1035,1053,1087,1054,1114,1083,1080,1101,1097,1136,1117,1095,1139,1130,1138,1133,1110,1120,1110,1117,1080,1100,1095,1110,1083,1061,1068,1042,1067,1033,1042,1015,992,937,947,976,959,959,950,959,957,938,941,935,955,961,958,936,942,920,952,958,951,949,926,944,971,927,954,953,944,934,952,932,947,951,936,959,958,925,957,943,949,965,945,962,959,976,932,952,931,959,955,962,947,965,956,923,977,957,957,967,948,963,958,944,935,935,987,956,924,947,948,958,938,937,950,955,936,1
945,952,958,969,970,955,975,984,932,921,963,958,969,940,923,949,971,941,951,953,964,949,939,989,944,971,968,949,939,952,895,955,948,969,956,936,939,952,936,946,931,940,953,968,951,958,950,949,952,939,956,966,958,938,942,943,958,918,978,942,976,965,934,956,956,933,984,944,963,972,958,947,949,949,931,939,939,942,931,956,949,948,937,964,997,956,1002,1038,1075,1148,1186,1252,1247,1232,1210,1194,1119,1096,1059,1023,998,976,948,958,941,974,944,929,935,930,963,934,945,924,928,973,950,952,939,934,950,965,933,972,929,953,925,967,961,967,945,947,944,964,946,955,960,977,922,954,928,952,940,941,926,932,940,948,960,946,947,924,964,964,913,971,943,984,942,958,933,944,952,924,964,955,945,943,948,985,949,958,958,967,970,962,953,962,949,934,930,921,960,928,944,943,950,0
947,950,961,946,953,944,963,937,967,937,919,939,941,966,964,975,973,950,961,965,967,954,952,941,957,943,958,930,971,917,936,963,930,926,927,948,940,975,945,968,936,963,973,947,944,952,957,967,935,957,946,943,969,940,946,972,973,936,941,963,953,945,949,972,967,965,947,927,943,943,935,954,959,930,939,962,973,968,947,942,975,954,947,965,940,980,1014,1059,1081,1155,1198,1224,1240,1255,1236,1194,1168,1106,1055,1023,982,960,965,966,957,937,950,966,946,943,941,953,941,926,956,969,953,967,945,970,948,924,922,952,929,976,951,943,955,970,943,952,943,953,922,953,959,952,969,957,955,971,926,932,960,976,968,936,927,952,938,932,945,910,936,948,940,935,956,943,959,962,960,967,947,957,955,950,964,950,958,955,940,947,969,958,954,925,944,963,943,927,944,949,965,922,972,0
961,937,937,941,957,972,990,944,937,945,938,943,951,952,940,931,931,965,922,957,955,945,953,952,949,970,949,963,932,927,959,930,976,984,959,959,955,930,991,949,927,935,976,951,930,939,944,962,966,929,966,949,955,960,949,941,952,970,942,932,942,968,967,943,984,938,967,987,965,966,925,951,950,936,971,949,949,943,947,950,967,948,951,985,981,979,1010,1042,1094,1150,1165,1199,1261,1231,1253,1185,1135,1075,1028,1019,985,954,943,933,960,957,945,944,908,938,934,956,968,932,952,971,957,945,942,937,954,961,939,936,954,950,960,921,961,957,959,940,954,955,944,944,948,927,948,958,945,950,954,963,960,927,957,916,956,948,948,933,955,945,935,927,938,958,957,929,938,940,936,937,960,943,946,968,953,947,974,939,937,973,949,931,935,961,955,956,937,937,929,954,962,957,944,0
938,930,950,943,916,937,948,971,955,934,955,943,946,954,952,954,938,945,967,944,956,973,945,973,941,961,948,948,937,935,957,950,955,951,959,932,952,951,960,960,964,949,949,952,945,981,914,948,964,938,944,943,949,943,951,944,925,946,954,949,938,936,956,940,959,925,940,954,933,952,947,974,922,936,960,1075,1077,1116,1094,1115,1161,1163,1193,1203,1211,1268,1273,1322,1267,1301,1286,1284,1334,1289,1288,1310,1296,1266,1251,1246,1234,1223,1220,1195,1192,1164,1167,1149,1125,1097,1093,941,947,960,967,963,937,934,952,941,956,951,966,944,941,953,934,947,950,954,911,958,952,943,941,944,954,953,932,973,931,959,940,933,929,932,974,923,956,942,932,947,948,956,913,963,936,935,943,942,958,943,936,953,947,946,959,957,953,966,961,958,920,964,946,925,965,941,971,930,939,939,942,941,973,967,916,1
960,953,936,940,966,957,960,994,956,938,943,947,962,934,923,963,939,933,965,943,963,976,983,940,951,936,942,941,934,946,937,958,948,960,949,971,956,944,961,945,967,984,945,939,950,942,963,936,971,922,949,950,957,941,929,935,964,954,960,982,924,954,943,977,936,969,943,956,915,959,959,932,941,958,955,976,960,961,925,923,953,938,971,973,986,961,965,1031,1080,1131,1180,1180,1264,1242,1236,1202,1134,1108,1032,1004,968,976,944,956,952,957,943,964,928,953,942,947,955,962,968,934,941,938,941,944,963,968,961,955,953,950,935,951,961,952,943,943,948,951,948,935,951,933,971,939,963,968,964,941,958,939,954,930,938,951,949,934,942,958,945,938,933,929,957,966,951,978,947,940,955,955,939,951,965,942,944,948,944,941,956,934,946,943,956,949,925,965,949,956,958,951,939,0
930,938,950,934,978,942,948,950,942,959,967,947,958,949,910,980,948,960,918,917,962,969,923,974,947,966,969,967,931,942,935,973,976,949,986,955,951,934,980,962,935,960,947,980,948,923,955,960,939,943,964,917,911,953,941,940,949,953,944,948,933,971,953,910,964,926,956,965,951,929,973,963,966,957,961,893,877,869,868,844,823,814,831,799,737,769,733,757,748,736,765,746,728,710,718,745,761,758,748,762,737,788,799,809,796,799,846,839,841,882,851,934,925,936,943,956,926,965,963,952,945,944,972,958,930,916,970,973,966,939,972,956,961,954,948,956,962,932,949,968,929,939,946,938,952,974,953,949,919,962,965,951,951,954,964,945,936,944,913,942,973,920,928,934,968,952,948,955,940,941,922,950,962,941,966,928,958,941,933,952,951,966,968,946,946,946,947,1
958,961,939,957,948,921,970,983,947,957,938,916,933,929,940,951,925,964,931,969,961,960,969,947,937,946,927,959,964,929,946,973,937,957,940,956,933,951,949,928,961,922,938,943,938,942,944,948,943,951,959,943,944,951,930,947,937,958,936,955,925,941,946,947,926,950,966,963,1011,949,930,956,951,942,950,961,930,943,947,951,962,958,946,948,979,986,996,1039,1087,1148,1195,1240,1236,1245,1211,1197,1153,1069,1058,1026,969,953,958,942,955,945,954,938,960,947,937,961,985,954,933,968,929,944,937,947,957,947,947,957,949,977,960,964,954,948,944,933,948,961,930,941,951,978,944,963,967,972,922,971,963,957,961,959,939,948,943,960,936,932,935,949,936,954,951,940,942,945,925,941,933,975,965,946,957,939,955,951,942,919,929,939,956,976,949,937,958,937,963,949,951,943,951,0
952,943,943,931,963,948,936,959,955,946,972,956,908,952,955,986,951,947,978,970,954,940,930,946,941,947,949,965,948,943,974,958,937,949,976,953,948,933,959,950,972,961,909,952,949,947,967,962,942,955,954,976,939,914,938,959,954,962,958,950,952,958,934,942,948,917,954,956,939,945,959,938,932,944,928,869,845,866,814,832,831,797,839,761,775,790,748,748,747,735,740,736,719,753,747,746,743,739,754,753,769,776,802,804,821,824,821,854,859,862,902,920,969,931,936,943,961,946,952,959,972,908,960,950,956,972,960,953,954,940,938,975,950,965,918,952,973,961,952,935,962,950,973,970,913,958,957,971,930,952,973,949,946,952,969,967,930,931,961,954,930,947,933,959,940,974,932,929,965,943,955,961,961,928,973,946,960,939,955,953,939,964,938,944,946,944,935,1
949,943,954,928,922,940,911,993,948,938,955,961,949,959,940,960,945,926,957,939,932,940,944,938,929,926,982,963,951,965,944,941,959,964,937,964,935,951,953,918,962,953,956,964,969,936,951,965,968,944,960,931,964,948,981,957,938,927,949,962,946,935,943,940,952,945,983,953,945,955,940,946,948,964,984,874,887,867,873,843,827,805,811,800,789,778,770,769,763,732,728,691,718,747,712,731,763,775,755,773,796,757,793,799,799,816,829,831,857,864,852,951,953,943,960,958,941,919,977,936,965,938,950,942,957,961,951,963,960,962,926,948,923,953,927,932,952,937,960,932,970,946,976,944,933,941,916,957,953,953,926,946,928,951,968,935,947,954,970,947,951,950,958,920,956,972,947,958,955,948,940,933,921,938,948,982,944,971,942,965,955,915,966,964,974,952,955,1
960,962,952,945,981,922,945,946,936,928,946,970,944,945,936,951,957,943,964,963,976,929,954,965,953,929,924,956,941,957,965,948,944,984,928,974,958,951,929,947,964,917,967,961,949,934,927,951,956,954,959,964,938,967,939,944,932,966,940,950,944,932,955,949,938,931,957,968,954,938,958,928,939,968,927,934,944,943,920,953,950,986,962,976,961,981,1023,1030,1075,1151,1195,1204,1257,1286,1208,1168,1143,1083,1057,997,1002,975,950,926,943,959,955,969,926,925,941,966,943,961,965,964,982,946,941,969,971,964,965,940,960,939,941,974,952,931,954,938,943,932,946,940,933,938,937,968,949,924,949,949,971,983,979,936,952,924,928,977,933,963,961,961,947,961,965,948,959,954,958,946,967,922,950,985,976,940,949,966,947,968,958,939,939,939,949,954,952,981,960,947,968,945,948,0
936,940,953,961,969,954,959,978,930,932,930,944,956,963,953,960,955,920,926,963,952,940,970,941,984,968,909,967,956,948,950,977,977,938,962,943,935,932,926,942,930,954,936,965,964,958,941,978,951,941,937,981,932,956,954,954,954,967,944,950,957,961,928,941,952,921,961,948,935,942,951,956,920,950,937,891,856,868,837,824,807,813,791,808,792,765,760,775,767,757,747,738,749,740,745,698,729,764,777,748,769,759,783,834,837,814,829,827,850,854,880,953,939,956,928,946,958,936,934,944,973,947,953,971,942,953,933,976,956,965,971,963,934,966,938,905,963,955,927,928,982,957,929,953,946,966,957,942,960,937,933,952,943,975,957,941,938,940,963,930,957,948,959,936,950,947,936,945,935,958,959,938,959,926,956,934,924,954,962,966,944,917,948,938,950,971,937,1
979,986,979,971,961,942,977,960,937,963,958,957,938,931,949,978,986,954,953,979,954,959,940,982,934,957,953,936,949,955,955,933,961,955,953,938,926,954,959,959,945,928,942,959,904,952,974,965,971,952,953,957,988,957,959,946,931,947,931,926,934,951,926,940,946,954,966,940,962,948,946,974,917,939,919,1113,1089,1085,1110,1130,1163,1159,1196,1203,1231,1230,1293,1250,1286,1308,1294,1320,1306,1282,1297,1305,1292,1284,1276,1235,1260,1202,1232,1195,1185,1144,1124,1126,1073,1100,1092,940,947,960,956,964,946,946,946,947,947,951,928,977,973,947,961,936,954,930,927,942,989,977,941,993,942,945,982,961,940,950,943,951,935,959,948,963,929,994,942,971,972,964,949,959,927,937,970,970,962,953,955,923,928,940,958,950,956,926,950,934,945,952,918,962,927,970,950,931,927,949,961,961,937,969,966,1
945,947,926,952,945,956,937,940,933,964,944,913,920,945,965,962,954,952,942,937,964,934,931,966,971,966,961,947,932,941,949,950,925,945,981,919,963,968,951,962,940,962,977,971,964,941,954,933,942,960,960,945,938,949,943,962,957,946,922,942,940,960,947,953,985,945,967,958,957,976,966,938,952,931,953,1096,1090,1107,1116,1138,1157,1165,1174,1214,1212,1251,1260,1262,1283,1282,1297,1292,1324,1317,1313,1313,1311,1258,1274,1225,1229,1228,1224,1198,1150,1169,1150,1142,1086,1086,1066,936,925,950,923,960,920,935,963,939,970,937,937,984,941,959,952,940,947,933,971,946,937,905,930,945,952,953,962,961,944,975,928,945,955,951,936,969,954,968,967,948,942,924,932,930,944,963,942,964,992,939,939,965,946,936,957,909,951,957,959,953,955,970,957,946,948,963,953,923,959,937,967,968,941,962,945,1
954,987,955,944,949,969,968,956,956,933,980,950,941,944,963,966,990,963,948,950,939,937,937,931,961,941,955,939,953,934,919,916,921,943,957,963,953,943,933,957,934,941,940,946,943,954,932,958,953,943,956,942,937,925,917,929,935,946,945,955,926,953,930,952,950,939,957,955,950,963,936,947,968,947,943,966,964,982,944,974,944,970,977,949,994,978,986,1026,1091,1148,1179,1234,1251,1288,1235,1192,1108,1076,1030,1008,977,951,930,972,959,942,955,957,931,979,949,931,915,950,937,945,934,901,949,933,955,949,968,963,933,951,972,938,940,939,944,959,982,965,943,940,959,953,969,953,964,931,942,958,949,959,958,951,928,930,966,956,975,965,924,957,950,963,937,959,973,913,952,990,933,955,947,974,947,933,937,941,958,953,961,950,927,954,974,960,963,921,932,938,940,960,952,0
964,937,944,989,946,931,947,970,946,966,938,928,968,925,935,945,943,967,961,959,966,935,960,946,947,960,953,956,956,952,926,931,931,946,937,919,943,961,959,968,942,938,948,948,934,965,948,936,973,956,944,934,976,964,930,949,936,942,944,952,959,978,938,958,954,948,943,942,972,961,951,940,955,959,955,958,947,960,937,926,931,934,935,942,973,1005,1015,1069,1092,1127,1176,1231,1248,1238,1209,1158,1134,1088,1043,1009,970,969,965,964,932,954,938,957,926,934,959,970,952,982,948,949,944,960,965,935,936,949,934,950,933,942,944,967,958,937,949,960,977,948,990,937,925,992,964,962,965,943,960,971,964,949,939,947,957,913,945,933,945,943,945,954,956,937,966,953,949,971,952,933,947,960,959,955,942,954,966,922,951,943,936,966,972,962,951,944,950,947,938,952,946,955,950,0
949,939,946,965,979,905,956,943,943,944,949,956,922,934,943,965,923,922,935,961,924,956,947,960,932,920,957,959,942,961,948,949,944,952,946,944,979,962,967,954,980,950,938,956,962,928,951,969,968,940,944,930,960,959,911,953,956,943,939,957,947,972,929,963,963,942,943,949,969,941,965,966,952,957,945,950,950,950,949,929,947,925,953,956,963,976,1002,1071,1076,1126,1191,1220,1251,1237,1251,1173,1124,1100,1026,993,960,968,957,960,949,932,946,971,939,1000,955,934,938,941,951,961,972,904,934,921,938,953,936,964,960,946,957,930,960,944,929,960,946,939,979,957,957,946,947,943,961,961,928,965,952,933,929,960,950,929,953,960,950,920,939,955,923,969,961,909,950,954,944,961,967,920,962,935,944,944,946,943,950,939,943,959,946,954,980,948,944,963,967,956,953,947,933,0
932,952,979,916,949,975,960,957,950,934,950,955,940,958,955,951,949,951,962,938,955,933,942,937,967,970,944,959,928,933,939,960,944,970,961,950,938,950,926,908,953,928,956,963,942,927,950,949,956,948,969,960,945,936,959,952,952,940,948,934,979,941,938,964,957,955,975,966,964,902,940,943,957,937,971,1065,1126,1111,1110,1147,1143,1156,1207,1198,1256,1251,1271,1285,1277,1277,1295,1293,1280,1301,1297,1297,1277,1287,1297,1251,1254,1258,1238,1183,1175,1164,1156,1147,1112,1073,1069,936,962,947,946,954,948,959,963,941,950,953,942,957,956,981,957,969,956,936,942,946,970,958,936,955,969,946,950,952,956,963,934,937,934,960,948,939,939,925,941,943,935,955,950,967,938,950,956,950,926,944,964,929,913,950,948,968,965,951,975,953,939,945,944,931,958,955,925,951,941,975,947,965,966,924,912,1
950,959,950,928,953,938,992,925,938,945,955,956,934,958,943,965,917,954,957,956,943,971,955,920,937,951,946,957,959,964,957,951,981,968,939,972,960,961,927,939,964,938,963,949,944,945,945,949,925,944,924,962,964,961,926,938,918,970,958,934,945,936,968,951,957,957,938,940,962,951,941,964,942,951,938,978,990,947,955,988,942,933,937,958,959,995,994,1054,1101,1138,1194,1221,1271,1267,1220,1173,1127,1053,1060,1005,1008,934,978,956,940,950,936,973,975,964,938,954,949,967,926,932,966,944,957,962,952,931,947,946,930,950,954,949,955,928,948,950,934,942,960,959,963,936,958,964,934,961,951,949,974,942,942,931,935,954,933,924,941,974,947,961,961,960,948,969,948,924,932,936,993,928,971,932,947,967,948,957,960,959,950,947,952,938,955,941,925,943,949,997,950,933,965,0
960,967,950,968,932,960,969,947,949,953,935,932,964,943,979,940,940,930,961,939,957,934,983,941,934,955,951,951,961,979,947,939,963,971,958,968,964,954,921,948,925,965,953,934,948,974,972,908,969,962,937,942,942,965,939,934,944,956,952,946,938,974,967,947,969,952,944,961,948,962,961,954,924,948,945,1056,1066,1113,1120,1165,1169,1176,1192,1207,1226,1245,1257,1259,1278,1317,1284,1285,1308,1312,1317,1308,1290,1305,1281,1243,1263,1261,1227,1198,1181,1173,1152,1126,1119,1086,1064,941,950,951,964,953,944,956,936,951,952,963,972,954,966,935,946,981,949,958,923,953,971,940,959,936,962,938,967,967,928,934,957,925,953,948,938,949,956,955,938,943,961,946,954,978,956,921,934,979,941,937,966,969,962,963,956,954,957,941,961,938,947,953,933,924,934,960,977,928,941,951,947,940,969,946,953,1
974,924,954,957,955,915,951,918,956,959,934,989,928,961,966,955,952,945,955,950,964,937,951,943,935,938,939,962,953,932,959,948,953,969,925,941,949,963,920,948,957,942,948,965,948,935,941,939,962,946,948,938,937,937,926,954,957,953,959,959,944,925,955,940,936,919,958,946,959,919,967,929,942,921,969,970,952,945,951,953,934,933,966,947,966,1004,1026,1058,1072,1131,1179,1200,1234,1222,1238,1211,1144,1121,1056,1011,976,968,971,961,968,987,949,911,927,958,974,958,929,947,947,947,960,940,944,921,915,957,950,931,942,966,958,947,945,957,966,927,965,949,940,982,974,960,931,973,949,955,945,958,947,950,949,938,919,950,948,943,951,962,918,943,935,930,945,967,966,982,947,966,945,947,938,971,939,944,973,946,958,942,976,961,963,916,961,964,947,967,928,982,968,960,953,0
941,949,956,911,946,925,932,933,952,945,939,967,965,951,948,933,964,960,954,948,980,946,916,958,943,981,937,967,961,949,958,947,923,940,950,953,953,970,946,948,979,944,954,953,947,945,959,946,954,949,956,945,929,961,937,944,966,937,936,957,951,935,976,965,954,959,948,961,963,928,946,941,933,953,972,1055,1083,1129,1138,1146,1162,1183,1212,1218,1216,1222,1288,1287,1286,1295,1299,1313,1337,1310,1325,1313,1283,1271,1275,1249,1253,1222,1198,1203,1179,1133,1154,1112,1130,1077,1070,962,973,933,946,952,984,931,954,959,972,950,925,954,950,970,919,942,946,969,962,937,971,954,945,915,937,954,944,938,962,949,940,936,949,939,955,962,966,942,967,959,965,955,931,952,946,957,964,953,944,948,964,935,949,973,965,940,933,950,922,942,953,949,928,935,946,951,933,945,933,949,955,968,976,930,962,1
931,927,953,950,974,941,979,946,938,967,942,941,948,951,941,954,958,965,960,949,954,940,956,944,952,949,941,963,938,937,926,936,946,957,970,955,958,917,951,930,928,965,947,955,959,953,950,951,959,959,966,964,956,974,958,953,919,942,933,944,951,964,928,957,941,967,947,947,935,941,955,924,948,939,939,944,951,927,958,962,940,966,947,947,976,1008,995,1041,1100,1116,1179,1243,1266,1252,1220,1199,1157,1082,1017,1010,969,948,941,940,947,943,933,939,986,956,948,962,909,947,953,928,948,944,957,949,950,952,937,959,954,954,944,951,948,960,953,968,935,976,940,980,931,939,960,959,931,967,948,929,944,944,947,959,965,923,948,931,953,941,943,941,940,954,920,966,971,970,937,909,982,935,940,944,965,962,944,963,953,940,944,918,991,939,946,943,939,966,951,940,953,956,930,0
976,955,946,953,952,960,944,955,954,969,965,932,973,950,948,943,940,961,959,930,949,975,955,916,912,948,947,940,955,947,943,914,958,956,968,942,957,983,967,966,961,953,950,955,906,949,955,923,955,954,954,968,963,936,949,936,932,976,958,923,969,955,942,930,962,917,938,948,949,917,968,940,966,950,955,851,881,881,836,797,805,829,788,792,790,785,764,748,772,772,711,759,708,732,733,740,752,731,788,786,772,776,821,802,819,788,835,815,856,881,851,941,943,965,953,949,960,966,975,960,921,925,938,952,947,949,937,939,970,944,965,969,924,958,935,925,961,947,950,954,963,938,955,941,974,966,940,948,952,959,937,975,931,968,948,954,947,935,960,925,958,961,941,952,952,945,955,950,955,965,946,931,964,948,965,934,946,967,943,924,954,936,964,947,978,954,950,1
920,932,966,923,926,969,932,958,942,953,957,961,953,933,937,961,956,944,946,944,943,955,940,961,926,950,961,926,949,948,944,972,967,968,944,962,966,970,958,944,933,960,957,956,935,953,960,963,945,931,944,935,945,954,977,936,959,954,964,986,972,949,957,958,948,960,922,939,975,953,946,953,947,944,936,887,855,854,871,788,801,785,796,769,784,813,762,722,745,749,730,704,746,707,733,725,738,760,761,774,791,766,763,774,783,824,844,850,842,870,876,934,950,945,939,944,967,945,951,933,961,937,978,965,935,937,946,958,936,952,962,958,950,944,959,940,922,966,940,965,950,953,948,956,930,918,956,949,962,954,961,940,949,960,975,962,965,956,952,953,953,948,946,941,964,942,927,959,941,963,946,972,944,962,951,943,945,927,926,935,962,984,933,948,945,971,951,1
957,979,940,940,944,961,950,952,929,967,957,931,942,935,950,945,946,922,960,950,949,934,931,950,975,966,937,902,923,941,962,941,951,948,978,956,941,933,951,965,977,953,945,937,956,927,953,959,938,965,933,942,935,969,968,966,937,968,944,1002,955,948,928,940,918,955,941,953,953,955,941,935,957,942,968,900,862,862,839,839,822,784,787,782,769,746,777,751,744,756,737,769,722,733,729,735,766,760,775,747,774,776,809,795,804,835,839,856,838,862,886,955,971,955,962,965,954,938,950,969,959,951,932,953,929,946,920,967,962,936,978,955,958,937,951,940,942,945,937,946,950,949,942,980,974,933,955,945,936,945,953,936,950,950,948,972,956,940,960,965,951,939,956,931,961,945,972,943,971,950,945,970,951,948,953,945,934,949,948,975,934,930,949,947,946,919,936,1
954,941,963,948,949,946,950,942,957,942,941,969,949,977,951,957,965,944,955,990,946,958,931,950,950,935,958,915,915,934,973,945,959,963,963,947,955,945,957,962,929,967,925,933,966,958,945,942,959,942,950,963,926,966,992,963,929,938,928,954,937,966,953,949,936,954,962,932,949,952,938,959,939,978,928,962,972,960,938,945,959,963,944,951,973,985,1021,1030,1049,1159,1168,1232,1244,1245,1207,1188,1145,1095,1054,1012,994,983,960,959,966,974,931,960,940,933,941,960,929,951,936,933,948,954,948,970,965,954,941,949,932,939,957,942,949,933,961,941,954,971,965,953,950,947,966,942,954,918,949,960,938,961,956,961,977,946,955,979,957,953,931,946,946,941,959,949,967,946,968,949,939,946,940,951,954,953,959,966,954,936,947,962,958,958,925,932,937,956,923,948,981,938,959,0
949,939,964,945,931,941,954,950,959,942,937,950,976,955,961,957,954,949,946,954,953,946,937,945,948,928,923,938,959,953,950,946,968,943,959,905,954,966,913,959,935,933,942,946,926,943,943,952,942,970,967,937,963,943,940,976,948,964,957,951,927,953,937,956,943,941,937,966,988,956,932,951,958,936,965,1094,1075,1113,1118,1146,1182,1179,1208,1198,1214,1270,1248,1285,1261,1280,1260,1291,1299,1336,1297,1296,1301,1286,1258,1240,1236,1211,1197,1217,1174,1146,1168,1120,1092,1089,1087,932,963,927,943,978,956,943,936,949,944,937,967,951,957,943,941,959,955,972,965,946,953,958,943,964,956,962,939,965,954,963,936,943,959,939,922,970,954,954,968,950,948,925,944,938,967,950,974,963,941,985,968,941,952,950,946,961,937,934,943,957,962,950,943,966,950,973,939,925,964,963,958,949,962,944,957,1
949,954,954,948,962,956,946,941,947,942,956,946,960,957,942,942,963,950,955,937,966,955,963,950,942,924,954,953,939,965,970,961,950,957,930,919,951,971,962,945,939,945,954,973,949,934,955,958,962,952,954,934,944,951,963,971,954,942,944,964,948,944,967,957,963,940,972,918,961,946,960,929,942,943,960,956,966,961,942,954,956,970,951,953,986,957,1016,1042,1110,1144,1181,1210,1268,1244,1199,1160,1138,1074,1063,1018,996,946,974,964,960,980,983,962,945,947,969,920,953,916,957,951,908,953,941,940,963,955,926,942,948,938,943,947,970,940,955,954,959,936,928,936,934,961,936,933,945,957,963,953,956,931,939,963,952,934,949,937,920,936,936,950,961,944,958,932,975,941,957,940,947,925,935,945,973,927,929,938,952,952,934,944,927,981,966,921,963,967,958,955,958,960,947,0
948,928,938,952,950,972,933,957,950,943,940,934,963,955,958,926,933,946,934,953,961,973,960,941,931,931,951,959,982,948,942,960,972,934,958,946,940,936,977,995,969,957,946,933,971,956,949,955,957,946,942,974,959,976,949,964,959,936,947,935,938,942,977,943,916,921,941,986,962,933,977,947,957,942,944,943,934,951,919,958,930,927,940,967,950,1010,1040,1058,1135,1147,1165,1223,1264,1239,1249,1190,1129,1120,1047,996,1013,954,955,941,948,940,947,955,966,967,956,945,933,953,943,966,959,943,939,949,955,933,949,934,943,951,949,932,938,950,938,951,935,961,962,960,950,937,943,960,941,973,931,919,949,950,936,960,932,931,956,967,978,925,979,917,968,938,939,957,948,929,956,962,932,941,968,935,943,952,949,942,970,952,956,952,957,950,974,948,936,950,980,957,932,947,955,0
935,938,950,948,947,939,969,964,966,948,935,966,953,964,954,962,966,945,959,929,951,938,925,915,954,941,922,967,949,920,930,969,954,965,941,957,955,957,934,961,959,953,928,948,935,979,948,956,929,929,955,940,945,925,935,921,944,956,963,951,959,974,934,919,946,959,941,926,952,951,944,941,967,943,976,868,845,862,845,828,847,795,795,775,761,796,759,777,755,756,763,761,713,760,721,760,755,748,756,778,753,794,793,804,817,827,848,843,846,886,881,960,930,960,951,953,948,959,957,943,954,938,937,939,929,955,943,958,945,967,943,950,934,938,950,954,936,924,953,960,955,933,946,944,961,932,988,979,926,961,942,921,944,960,971,946,945,945,933,945,957,930,952,945,977,927,960,977,951,968,968,917,960,959,948,936,983,971,994,949,956,978,950,967,954,950,944,1
948,945,945,961,942,959,927,939,965,971,942,939,945,977,968,972,957,975,949,969,953,944,963,945,948,944,947,958,937,955,941,940,931,970,962,934,946,952,956,922,992,977,960,973,965,943,956,983,948,947,935,954,947,974,930,954,950,954,958,940,925,938,948,944,952,892,971,959,964,954,963,949,948,984,935,960,949,965,937,946,956,932,933,938,958,983,999,1058,1092,1141,1194,1261,1253,1267,1233,1192,1134,1093,1057,1008,980,968,948,962,951,915,959,953,941,987,917,944,958,935,950,945,978,949,941,952,955,942,942,948,956,943,944,976,937,943,942,946,946,952,949,922,938,959,980,939,963,913,959,961,945,948,953,965,953,952,951,939,967,947,966,939,958,961,945,972,959,936,942,909,970,945,949,1004,942,956,967,963,963,954,948,952,930,962,958,958,971,951,937,962,963,946,946,0
966,935,949,972,918,962,953,938,972,916,935,958,946,950,947,962,956,965,940,950,965,955,973,969,919,955,962,958,989,964,942,945,942,962,949,919,948,950,940,930,933,976,940,962,940,951,992,951,950,944,958,963,919,932,956,957,921,951,939,932,944,948,960,937,942,949,934,926,959,947,948,933,962,940,920,970,953,950,958,951,941,922,944,951,959,985,1032,1032,1079,1131,1189,1233,1249,1235,1233,1195,1132,1092,1058,1016,995,986,959,974,947,935,955,931,950,968,939,979,948,952,940,937,935,962,963,946,930,964,940,941,948,954,955,956,946,941,944,954,951,943,951,956,932,968,964,963,984,936,943,966,950,966,950,940,925,946,952,942,952,953,957,938,940,975,945,961,923,963,941,945,929,913,985,917,942,958,961,930,939,958,952,937,981,970,936,952,939,952,950,936,939,955,969,0
973,968,972,937,968,955,925,956,932,926,927,964,950,946,956,950,964,956,970,957,928,937,959,952,932,949,935,978,934,935,962,970,946,944,934,971,953,945,960,964,936,908,965,943,967,943,963,948,933,952,927,937,959,961,937,933,958,958,948,939,984,949,945,939,947,948,936,951,949,982,948,969,951,945,937,949,965,957,954,932,938,938,958,956,990,999,1002,1027,1097,1117,1167,1186,1243,1242,1207,1198,1160,1072,1034,1020,990,966,948,943,957,977,938,941,963,962,938,981,979,949,945,947,946,960,933,943,957,969,987,937,969,953,973,934,952,937,938,941,949,944,972,953,950,968,947,951,937,955,930,942,941,929,941,954,969,946,948,946,924,952,939,951,963,931,969,948,965,910,984,939,953,944,953,934,928,950,940,971,952,972,932,944,976,945,945,936,934,965,935,956,952,937,989,0
943,963,948,974,936,955,955,936,964,944,937,945,957,959,959,966,948,954,948,965,938,934,952,939,948,926,922,953,941,952,946,955,965,954,945,961,951,961,921,947,937,939,961,971,953,963,935,960,925,958,947,956,953,961,953,963,968,973,961,939,943,954,943,945,957,964,938,952,929,944,951,983,931,931,974,924,958,954,974,941,943,942,946,957,949,970,1014,1032,1081,1138,1188,1232,1243,1241,1230,1185,1139,1053,1027,988,962,969,943,920,951,922,959,956,950,950,956,935,937,955,925,943,943,922,959,954,931,969,948,955,933,932,952,918,976,962,955,950,933,957,938,984,957,940,951,940,952,951,951,970,946,955,934,955,936,978,937,908,942,975,950,978,954,940,924,915,937,956,942,965,959,947,958,968,935,939,959,973,983,969,933,953,930,940,961,969,956,975,969,934,980,971,963,0
976,965,933,963,942,930,961,962,945,946,966,916,958,933,944,955,962,934,982,960,983,947,921,987,948,944,941,946,967,947,939,927,963,957,917,947,930,963,953,927,980,981,951,929,916,940,938,941,961,949,929,951,941,956,934,962,939,943,945,956,945,970,905,951,941,952,941,945,964,959,958,959,961,963,959,951,943,954,944,960,966,979,958,948,956,984,1009,1031,1079,1156,1178,1232,1256,1232,1216,1184,1130,1096,1049,1007,1003,965,970,930,944,962,963,929,959,931,955,962,912,918,946,934,924,959,927,963,955,938,933,954,952,950,924,935,946,951,977,968,977,955,949,973,966,970,956,942,962,936,943,938,959,939,974,924,947,941,957,947,941,941,954,919,956,917,943,930,971,944,934,955,965,965,974,942,944,960,947,957,946,950,939,958,932,929,953,961,952,963,925,947,942,942,964,0
953,948,940,938,948,930,926,945,951,956,967,937,964,952,945,940,962,960,961,935,931,957,938,964,953,944,931,953,941,912,949,933,947,960,956,939,949,972,947,941,945,952,955,952,936,929,925,941,965,971,966,960,930,937,947,954,944,960,961,935,961,948,943,933,946,930,979,984,930,956,940,951,954,958,962,1059,1083,1098,1142,1142,1137,1173,1194,1211,1243,1251,1271,1273,1296,1296,1303,1276,1307,1286,1286,1302,1297,1297,1282,1244,1244,1224,1212,1192,1154,1136,1142,1089,1101,1073,1056,952,967,944,954,946,931,944,962,934,947,945,953,949,937,964,929,959,929,952,943,946,944,942,965,965,941,943,941,917,948,933,925,944,959,967,939,934,938,963,948,946,958,961,929,954,966,953,972,951,939,934,949,929,940,957,935,942,962,941,934,929,949,950,919,951,965,950,932,942,974,938,967,951,946,943,949,1
964,964,965,957,942,960,950,929,953,962,945,930,941,957,951,933,949,961,946,948,969,941,933,955,962,942,953,945,939,932,924,956,954,980,967,945,949,938,946,961,911,933,970,954,929,941,935,960,979,956,962,954,947,974,950,959,949,942,956,957,962,952,967,942,975,950,930,979,953,933,944,938,961,938,937,1080,1094,1118,1130,1121,1149,1178,1180,1203,1213,1253,1266,1296,1286,1284,1297,1298,1307,1325,1318,1328,1280,1283,1285,1232,1229,1215,1206,1187,1184,1153,1152,1137,1106,1075,1050,936,935,964,958,957,971,948,941,967,962,954,980,968,934,943,935,935,960,932,950,963,980,945,936,926,938,925,954,978,916,963,943,961,943,942,930,978,961,951,927,952,934,944,941,953,930,971,962,968,955,926,946,952,936,978,963,938,944,935,949,952,951,962,968,944,937,924,938,954,927,946,914,951,931,948,946,1
955,936,968,939,933,965,966,922,960,958,925,954,981,971,939,955,943,946,954,944,962,965,949,943,947,947,931,920,930,943,951,949,975,935,936,946,936,935,938,945,926,951,935,953,962,968,961,969,956,967,936,947,933,944,964,931,974,938,961,909,961,929,956,951,932,972,956,944,940,954,956,942,955,938,964,863,876,846,847,852,837,795,829,773,791,772,768,747,730,717,763,722,712,718,738,754,754,760,750,754,752,773,814,804,799,819,831,853,853,828,858,957,947,941,948,969,973,934,943,942,988,944,970,985,987,957,950,956,960,932,897,949,973,964,918,932,932,958,960,945,963,956,962,948,960,943,960,950,921,944,926,934,937,943,949,962,950,932,953,932,947,959,978,961,966,939,956,943,955,944,936,976,953,948,934,936,968,936,954,936,952,939,961,956,947,942,944,1
960,938,932,938,940,967,949,954,939,953,958,953,958,975,961,957,957,973,965,973,975,945,947,947,946,960,927,970,976,924,967,959,947,966,946,931,956,939,939,956,946,981,935,953,907,950,937,951,970,947,930,953,943,959,955,950,962,932,948,938,951,970,966,980,933,950,953,958,937,931,939,935,966,950,953,959,945,953,937,959,979,971,946,917,961,971,1013,1051,1065,1151,1192,1235,1247,1246,1248,1187,1132,1081,1047,1032,982,971,947,953,947,967,949,966,957,965,967,940,972,954,940,969,955,961,954,961,956,950,959,955,955,973,965,956,955,972,965,922,970,944,973,954,923,964,956,947,917,926,934,960,967,955,925,936,968,958,979,954,957,961,930,947,969,923,919,949,956,963,941,944,945,942,943,944,937,946,971,961,938,966,935,959,958,933,943,948,940,965,961,964,956,930,923,0
943,942,946,968,950,951,944,931,952,958,933,948,942,949,974,953,946,965,927,954,941,957,950,951,917,942,953,945,931,939,940,945,939,974,929,946,942,922,940,957,939,953,940,966,948,918,971,956,906,943,926,942,952,952,967,928,946,953,949,979,941,949,947,952,954,966,932,952,971,954,950,949,926,944,962,886,842,863,868,850,841,799,803,782,804,775,755,745,750,729,746,724,748,728,703,750,725,753,755,772,785,774,778,805,827,823,823,845,850,884,869,946,952,952,951,964,954,967,951,959,944,979,972,961,959,934,954,974,960,931,932,930,930,956,948,942,927,944,911,945,976,928,960,964,954,955,949,949,975,961,940,954,953,940,963,950,936,949,964,933,950,948,959,926,948,930,941,964,952,959,974,935,951,958,959,952,982,953,926,921,928,963,930,951,973,939,962,1
975,963,968,946,945,963,939,920,969,933,970,952,968,955,935,956,940,940,961,957,950,975,947,957,939,921,926,934,942,932,933,977,933,938,953,968,938,947,963,961,942,963,934,993,968,967,948,954,968,959,957,977,1006,946,942,967,943,928,963,946,974,960,948,951,928,945,957,967,961,945,949,976,941,934,942,859,888,850,829,839,826,837,805,791,757,769,751,748,760,712,741,719,736,738,741,779,717,754,762,756,776,783,776,803,814,812,816,841,861,861,906,954,969,941,948,962,988,956,924,938,975,959,940,934,977,941,951,950,943,917,956,935,926,937,930,945,927,953,931,915,934,941,964,961,944,926,973,939,940,978,951,919,973,952,941,951,962,950,950,961,956,954,943,948,945,936,939,941,934,954,960,960,952,970,959,964,973,961,949,976,968,976,937,939,937,924,935,1
957,957,934,950,916,962,958,969,945,952,944,965,954,956,965,948,942,937,956,928,946,949,942,946,951,934,955,949,950,978,925,964,970,926,951,969,983,970,952,936,974,919,965,953,967,953,956,970,944,956,931,948,953,948,935,932,948,947,960,945,927,937,947,973,967,943,929,927,943,973,931,960,937,964,953,992,1045,1032,1021,1046,1057,1058,1078,1097,1078,1107,1122,1150,1129,1127,1134,1135,1144,1164,1121,1108,1117,1115,1114,1125,1099,1074,1058,1061,1075,1046,1035,990,1026,1023,1009,947,939,951,967,935,947,960,931,960,946,940,944,944,957,948,940,973,950,955,940,952,940,943,965,947,941,920,953,944,950,940,948,941,955,953,946,976,915,924,972,956,956,957,941,945,961,970,935,971,966,921,920,956,953,950,964,944,949,956,987,935,968,948,947,924,946,920,937,951,985,941,962,970,927,948,962,1
943,959,945,950,942,923,950,949,941,938,920,950,940,930,962,951,964,948,949,912,935,936,967,948,961,947,939,933,966,950,929,936,952,950,941,947,987,952,956,955,956,967,966,949,960,935,946,946,956,941,959,929,954,957,930,954,972,954,949,947,909,954,984,963,930,963,957,952,938,941,951,947,938,953,961,1083,1093,1118,1124,1156,1158,1172,1172,1210,1231,1246,1258,1270,1279,1311,1309,1338,1326,1328,1328,1298,1267,1293,1257,1249,1272,1224,1227,1171,1177,1174,1122,1130,1105,1098,1047,954,973,916,932,946,938,930,951,959,979,947,902,968,959,922,958,927,958,971,938,943,947,926,973,927,951,916,966,955,958,962,933,950,946,924,938,934,944,946,948,934,921,967,973,930,934,937,928,937,961,959,936,926,944,947,926,971,941,942,946,935,954,928,924,965,942,972,973,937,925,952,957,955,961,957,924,1
936,951,939,948,930,956,938,927,970,968,939,946,934,946,941,938,928,942,952,951,940,942,940,952,940,951,946,913,951,947,973,921,961,938,955,945,963,952,966,944,942,962,960,943,949,953,931,974,936,928,946,915,953,977,925,962,939,927,943,947,950,930,946,942,940,978,900,953,938,960,979,947,934,955,965,984,1022,1014,1028,1059,1055,1081,1057,1076,1070,1086,1091,1116,1099,1120,1113,1109,1139,1127,1126,1106,1106,1099,1097,1116,1104,1072,1099,1063,1047,1064,1020,1021,1038,1018,1032,953,938,939,949,950,953,966,961,958,950,960,954,932,967,974,949,960,946,953,934,978,958,938,959,943,976,967,964,952,936,941,936,938,948,980,918,954,921,940,943,980,948,948,956,935,964,983,951,951,943,973,965,940,953,957,935,932,955,971,946,898,950,951,962,916,948,967,918,986,937,967,937,978,948,938,924,1
950,966,945,956,963,924,955,919,929,977,943,955,944,955,945,930,948,948,951,924,925,975,985,950,946,941,934,938,941,939,974,936,940,953,939,926,988,943,959,937,966,957,974,957,955,956,966,929,961,944,951,961,953,951,965,964,930,935,962,924,960,927,957,963,962,955,1004,950,975,937,958,947,961,954,961,1081,1106,1122,1087,1135,1177,1179,1190,1221,1239,1260,1267,1278,1289,1312,1300,1310,1284,1314,1268,1281,1275,1308,1253,1273,1233,1228,1235,1219,1193,1172,1115,1136,1103,1088,1039,948,954,960,969,938,959,977,942,943,954,944,960,968,966,963,957,942,970,944,954,974,953,925,940,958,943,961,957,954,949,933,941,971,939,933,953,953,947,958,938,948,940,933,961,941,945,927,928,968,944,968,963,929,968,924,962,931,956,919,963,955,939,955,980,981,951,922,950,950,957,942,960,953,961,929,955,1
935,937,964,938,937,944,983,944,896,968,948,966,954,931,945,922,939,955,925,939,942,950,947,975,972,971,926,952,950,948,973,951,947,950,952,942,924,965,937,941,979,955,946,955,957,944,922,941,954,961,943,949,940,971,961,942,966,974,939,930,945,985,952,928,967,937,957,929,942,930,957,955,927,950,982,947,962,953,946,922,953,940,937,956,956,1011,1001,1038,1073,1135,1182,1232,1272,1231,1228,1163,1150,1071,1037,1011,973,965,968,933,951,925,963,939,978,951,936,938,945,928,943,957,949,945,936,936,965,956,951,939,954,945,951,925,951,941,937,933,966,948,954,942,952,937,940,955,932,946,947,920,949,955,938,935,967,945,950,923,936,945,938,938,936,942,963,921,942,962,941,933,955,951,961,954,940,964,955,952,950,965,951,946,954,953,947,965,969,957,952,951,964,931,955,0
932,957,949,951,943,960,950,954,965,970,938,954,955,923,952,955,969,958,955,950,949,939,980,948,930,953,912,971,973,943,934,955,942,913,980,931,952,942,938,945,946,938,968,977,940,940,937,955,951,946,966,960,953,948,939,939,967,924,968,925,941,950,978,942,926,926,953,933,955,947,955,961,955,954,969,866,869,861,850,836,817,807,825,777,793,801,774,748,735,743,727,731,740,710,713,726,773,752,784,779,765,750,808,808,812,822,824,849,846,883,870,977,920,937,959,944,930,925,950,935,963,946,979,943,941,952,978,936,939,961,958,946,915,911,946,927,952,963,972,981,928,939,946,963,930,946,933,951,938,935,957,953,957,941,945,947,961,950,920,898,952,968,945,963,942,938,955,952,945,986,954,959,950,946,944,985,930,940,975,965,944,951,946,951,929,932,931,1
934,953,924,943,952,966,973,968,946,934,937,956,957,960,923,937,919,963,953,935,944,946,941,986,952,964,943,949,935,964,957,982,958,943,931,920,950,947,950,928,926,959,955,957,947,949,955,950,952,951,941,948,938,952,957,934,950,949,960,916,954,962,972,960,947,932,927,940,951,960,956,936,956,945,934,951,941,950,949,946,935,925,937,943,980,979,1007,1046,1085,1159,1174,1250,1261,1249,1204,1197,1115,1109,1035,1012,969,976,948,939,948,937,935,952,964,965,957,927,958,952,935,936,928,943,956,970,926,950,969,948,936,935,934,977,971,949,953,943,939,947,948,962,937,903,945,960,937,940,953,952,944,972,926,968,942,950,938,966,955,961,941,961,955,928,947,941,973,934,964,944,954,950,970,947,932,964,939,958,922,933,940,940,963,935,917,971,932,944,940,951,947,921,959,0
939,945,944,957,940,936,931,935,961,957,967,929,956,935,939,971,921,960,946,955,946,956,910,966,938,925,966,951,953,943,945,943,935,947,955,961,964,948,947,942,939,939,946,952,945,965,950,960,970,961,966,947,926,953,950,949,967,946,984,938,965,961,949,940,960,964,940,969,954,949,944,946,956,945,960,857,848,880,833,812,814,832,789,804,767,768,765,752,744,720,714,757,754,768,744,738,712,738,756,749,798,738,790,772,799,831,837,836,856,853,865,976,955,958,966,944,945,936,933,972,945,934,928,933,940,968,968,957,957,938,970,966,937,946,985,965,953,955,955,950,934,943,936,953,979,946,941,948,967,959,982,958,943,944,950,938,964,967,935,933,958,952,942,951,947,964,941,954,942,950,931,948,930,933,949,941,944,970,945,915,934,940,981,913,939,949,946,1
960,950,957,939,939,968,957,946,932,943,968,936,940,935,956,960,976,961,947,958,925,954,962,943,957,971,943,937,973,954,959,960,919,929,937,912,947,943,950,952,957,969,960,930,935,937,945,934,967,945,965,957,947,947,934,950,955,965,950,943,970,924,943,949,945,933,970,969,939,956,958,941,959,912,962,1074,1097,1131,1102,1143,1127,1197,1169,1209,1225,1267,1296,1263,1273,1303,1277,1286,1326,1309,1298,1297,1307,1305,1279,1261,1239,1241,1216,1208,1172,1144,1139,1141,1108,1081,1077,936,913,959,949,961,962,983,933,974,938,951,972,977,963,976,954,943,957,962,961,948,954,933,945,970,971,957,947,951,946,954,948,977,966,917,936,960,951,939,944,931,947,959,957,967,970,956,951,956,954,943,938,972,965,932,978,949,935,969,968,937,945,964,960,933,947,947,922,944,967,937,956,971,941,964,950,1
945,969,979,937,927,953,945,953,969,963,936,936,959,967,962,949,936,953,944,959,942,947,955,955,954,939,948,962,950,940,921,939,950,967,947,932,950,955,958,948,944,952,935,965,951,951,928,941,953,928,969,965,952,942,933,957,948,958,950,969,962,928,956,934,969,943,966,943,956,945,947,968,942,956,958,961,955,952,965,931,951,946,935,939,956,992,973,1039,1098,1161,1165,1221,1257,1261,1228,1165,1131,1101,1047,989,980,996,946,947,938,939,981,959,957,951,951,976,925,962,946,964,966,977,955,961,940,920,953,942,924,954,948,939,923,941,941,945,939,952,944,945,942,958,956,958,950,962,973,992,956,936,957,944,933,969,938,936,948,955,926,937,960,957,951,927,953,955,956,933,965,983,933,904,978,928,943,955,928,940,974,966,939,954,966,938,962,976,954,956,955,966,963,0
918,976,952,943,934,955,971,967,963,943,940,933,966,934,950,932,932,945,942,920,952,946,951,914,953,934,934,930,954,968,944,905,964,941,935,921,970,947,964,940,933,945,954,983,970,976,949,956,943,933,941,945,949,955,961,951,939,942,931,932,966,933,920,962,974,938,927,961,945,919,938,939,965,954,947,971,958,934,940,962,959,913,941,942,952,990,1012,1052,1078,1153,1193,1210,1248,1250,1206,1199,1168,1070,1043,981,979,947,921,972,932,944,956,933,935,939,953,978,969,926,956,945,946,960,940,942,966,961,946,944,969,921,922,941,940,951,941,955,957,961,948,931,955,939,955,936,929,966,976,955,954,965,948,944,944,951,950,924,971,941,959,961,925,969,945,928,947,953,954,967,934,946,965,965,957,962,945,973,933,952,964,953,954,923,957,939,926,951,952,950,964,932,981,0
957,978,956,939,942,930,951,958,955,938,955,953,962,970,954,958,949,971,944,954,961,960,926,933,963,970,946,960,941,946,946,941,947,972,968,933,936,945,963,950,949,956,965,953,951,935,950,946,969,950,935,949,963,953,958,965,943,949,963,968,967,947,951,940,976,953,946,968,943,954,949,948,948,931,976,1091,1076,1102,1126,1131,1176,1169,1202,1205,1235,1232,1283,1293,1310,1294,1316,1322,1310,1300,1322,1293,1279,1306,1261,1245,1247,1242,1230,1209,1187,1168,1128,1126,1107,1086,1071,978,969,973,943,937,939,930,962,929,951,957,935,972,954,944,943,960,926,943,948,968,959,947,951,940,920,940,953,936,963,932,951,947,948,941,963,942,960,968,954,940,960,956,954,933,955,955,969,973,925,937,972,945,973,922,950,947,951,941,970,950,928,964,933,919,967,930,970,938,930,930,971,958,951,917,937,1
966,945,940,997,944,952,954,961,930,958,929,950,947,941,929,941,951,984,945,939,940,965,928,968,961,944,929,963,944,929,954,945,951,962,965,960,954,952,938,946,950,911,942,945,971,947,952,952,932,946,937,923,948,956,967,932,945,987,955,945,967,951,951,977,964,942,951,941,934,947,941,939,956,968,976,1014,1044,988,1035,1048,1044,1059,1077,1091,1121,1093,1111,1107,1085,1128,1123,1127,1126,1118,1121,1133,1123,1112,1106,1104,1112,1080,1067,1059,1065,1048,1036,1044,1023,1058,1000,974,945,929,936,954,945,926,978,932,915,954,949,941,950,958,957,949,971,935,941,968,954,957,947,937,950,954,933,930,948,917,969,940,953,960,949,960,948,956,941,938,959,951,926,940,940,953,956,973,979,956,956,968,942,946,953,956,977,968,926,945,975,944,947,920,960,935,917,940,937,944,949,919,932,950,958,1
951,924,935,948,953,935,936,941,953,929,949,967,959,952,967,952,962,978,950,942,936,966,939,962,932,949,932,946,970,962,965,948,936,938,932,953,924,927,945,969,954,933,943,957,934,951,943,931,955,937,953,966,959,939,937,943,934,933,964,949,977,921,943,935,913,942,954,969,969,953,966,930,939,957,954,857,867,861,818,856,846,819,810,814,789,792,773,771,752,748,730,761,738,712,728,719,743,754,727,779,775,773,774,813,838,824,857,846,877,870,897,926,946,944,928,949,919,951,925,988,934,968,931,950,937,947,954,967,954,970,942,946,964,925,957,949,956,931,978,934,947,951,957,941,932,945,939,957,943,961,939,956,931,951,909,967,949,960,943,958,947,957,970,936,939,965,956,960,958,927,973,955,954,940,945,967,956,965,954,966,926,943,942,951,950,956,958,1
952,971,959,963,937,967,952,951,946,916,943,977,964,950,955,989,945,947,977,955,946,973,975,958,952,955,964,960,941,960,954,964,961,960,963,950,955,967,945,941,950,944,958,929,948,959,936,971,924,949,975,951,955,953,929,951,932,921,970,946,922,951,935,955,927,922,909,975,956,941,942,941,931,930,957,915,891,834,861,821,818,825,811,809,777,763,783,736,737,750,753,728,723,736,736,744,732,729,752,744,789,785,820,807,801,806,854,831,844,856,884,939,957,965,945,936,955,936,950,919,965,954,968,943,955,940,935,937,960,932,954,960,962,935,929,991,961,955,945,966,954,934,944,950,950,933,940,939,934,950,949,935,967,957,969,940,947,940,940,966,946,964,983,955,962,942,954,951,951,941,984,958,938,949,940,966,915,955,921,956,958,958,935,975,948,964,982,1
981,937,948,939,950,956,967,964,956,941,946,981,950,950,949,953,925,928,952,960,968,954,929,940,943,949,973,962,935,930,968,926,949,940,944,938,979,937,939,975,948,963,962,932,936,929,926,980,955,961,933,947,952,946,946,952,960,964,952,960,944,951,949,946,943,959,947,945,944,949,936,960,938,941,966,960,949,987,960,968,940,942,914,954,978,980,998,1041,1081,1136,1199,1239,1275,1239,1217,1178,1133,1109,1043,1011,974,954,946,949,954,950,951,942,933,933,946,969,961,919,940,935,928,933,923,963,948,954,923,934,958,967,921,942,967,928,977,974,954,964,951,953,948,989,929,950,946,927,933,933,936,942,943,945,970,954,948,964,950,966,954,972,963,972,944,940,950,980,971,965,970,934,948,934,946,961,946,955,948,961,978,947,921,957,952,990,940,944,939,958,966,954,924,0
948,961,962,966,943,968,941,956,953,943,962,934,924,952,951,925,992,944,928,958,957,963,933,952,955,958,956,936,916,972,939,930,933,929,962,942,939,953,949,951,936,966,959,943,957,940,929,958,951,934,940,935,943,954,931,949,938,951,907,941,936,936,934,964,947,958,988,942,951,966,954,981,958,974,932,937,967,960,980,939,937,963,969,955,963,1002,1030,1007,1086,1153,1195,1240,1257,1234,1249,1179,1140,1051,1027,1003,965,971,953,924,972,950,960,940,998,964,922,947,897,938,980,938,944,964,1002,927,931,945,918,944,946,939,958,950,966,949,948,969,958,944,924,960,966,940,916,910,936,962,958,923,965,937,960,961,928,942,953,979,947,948,956,919,963,969,937,942,972,949,978,968,939,940,947,940,955,950,932,938,930,942,960,966,951,945,959,948,985,960,943,951,951,964,971,0
969,925,943,934,932,943,951,992,960,952,970,941,933,964,927,980,942,942,937,937,953,972,940,931,933,946,944,942,947,908,958,959,948,958,958,958,954,931,941,948,935,965,943,947,944,952,937,957,957,913,966,955,992,945,944,963,951,945,933,953,927,940,946,936,966,964,956,964,936,943,960,937,955,962,937,1015,1007,1022,1033,1039,1076,1066,1071,1115,1088,1085,1092,1128,1117,1114,1112,1111,1128,1137,1124,1137,1124,1121,1107,1089,1098,1098,1100,1098,1072,1046,1046,1040,1017,1019,1014,940,971,935,955,971,938,971,938,980,928,964,906,977,943,949,955,957,941,971,941,931,922,950,961,962,954,965,931,958,958,928,941,967,939,956,952,941,964,946,962,959,929,948,951,949,969,917,933,981,979,960,971,960,958,937,954,945,954,942,970,950,993,957,955,944,936,964,941,964,959,956,948,944,923,965,965,1
954,976,938,934,974,935,916,954,955,970,949,945,928,934,969,962,946,949,971,941,977,957,943,965,968,948,976,959,944,962,949,956,932,969,926,946,941,943,933,966,964,937,935,951,920,949,961,944,950,968,971,954,936,937,931,949,977,930,972,924,930,959,940,926,950,948,950,967,947,965,948,951,962,935,978,871,875,864,840,835,838,789,799,787,789,749,767,777,762,736,746,729,745,742,737,731,732,766,752,763,778,776,807,803,838,817,847,842,872,867,868,952,940,976,951,950,929,970,965,961,943,961,952,946,969,928,966,950,959,948,959,946,964,957,933,984,942,973,952,958,977,960,956,937,932,948,968,962,970,920,944,944,959,936,953,946,961,945,941,963,927,913,945,943,968,920,957,926,924,962,942,920,944,939,950,934,951,931,966,962,949,957,948,947,942,945,965,1
976,948,928,927,944,930,954,962,942,946,971,960,942,939,963,965,958,962,960,960,950,932,969,973,925,939,930,936,978,949,976,947,941,936,947,968,922,963,919,955,901,925,972,957,924,989,971,947,932,963,987,965,947,970,956,964,956,937,966,925,936,921,955,946,948,956,936,952,941,926,950,942,973,945,950,1090,1099,1131,1126,1171,1129,1165,1189,1232,1250,1234,1245,1293,1279,1274,1300,1310,1300,1330,1303,1287,1298,1285,1273,1245,1274,1222,1207,1219,1164,1150,1157,1123,1107,1071,1098,951,924,936,949,961,941,954,928,937,940,928,960,960,963,928,943,921,949,934,962,909,952,944,959,969,959,955,972,950,936,927,962,970,938,967,930,973,939,952,951,926,955,955,947,959,946,952,935,952,936,955,967,947,967,949,923,941,955,952,963,942,940,959,983,978,926,941,944,956,955,962,926,949,965,939,947,1
959,934,964,936,934,950,959,968,946,958,932,962,954,953,959,975,938,955,950,947,936,980,938,956,932,956,910,954,942,952,947,970,961,956,935,945,959,955,972,968,968,949,933,960,934,937,955,954,960,970,964,970,944,937,958,966,980,981,955,982,961,953,939,950,952,971,946,957,924,961,950,931,942,957,930,1034,1019,1062,1025,1033,1017,1052,1097,1073,1105,1104,1079,1122,1127,1110,1099,1127,1119,1122,1151,1125,1132,1129,1102,1102,1108,1086,1063,1082,1063,1051,1055,1037,1023,993,1017,970,984,986,955,935,951,945,966,946,960,946,933,950,970,945,973,949,956,977,986,957,932,972,924,931,963,941,948,954,951,923,951,959,959,930,934,937,928,963,955,995,930,932,965,957,963,936,936,939,945,967,937,932,968,949,936,960,980,955,955,971,938,992,936,971,931,961,948,930,969,945,951,941,961,936,948,1
953,946,932,949,958,960,968,942,954,947,960,942,943,923,942,967,951,937,954,924,966,946,940,972,957,943,974,946,946,925,965,966,938,916,933,945,920,934,941,919,959,974,976,940,971,941,943,942,957,955,929,954,954,951,945,962,945,946,943,977,979,958,939,944,958,957,930,936,951,933,963,942,974,945,957,949,937,948,964,961,964,943,971,958,979,1006,1003,1065,1109,1122,1210,1212,1265,1274,1223,1178,1122,1092,1041,1018,962,960,970,945,946,927,960,944,952,946,948,970,965,959,960,944,923,950,935,951,953,959,957,941,943,956,954,984,943,961,955,958,963,971,935,945,948,922,944,965,935,968,940,922,951,952,973,969,937,950,934,946,928,947,956,941,955,949,961,959,925,974,937,977,938,944,935,969,952,929,932,944,973,935,956,960,910,945,956,955,949,944,957,956,924,944,957,0
946,939,925,954,942,935,951,962,951,939,943,957,950,942,955,942,957,961,951,949,978,911,945,934,954,911,974,933,975,969,938,962,959,945,947,946,962,966,939,944,929,974,963,965,946,954,934,945,952,925,956,930,939,953,954,975,937,943,926,954,957,960,924,934,980,950,936,940,967,943,976,916,927,946,963,869,855,889,862,839,842,830,798,796,779,788,776,763,751,764,735,741,767,741,748,745,751,754,750,784,784,819,818,806,818,817,830,828,833,902,872,946,954,948,939,939,924,954,936,967,946,957,958,950,946,937,960,955,943,943,948,959,950,970,939,931,971,948,931,956,935,968,977,949,944,953,967,947,948,959,925,955,952,961,927,947,968,930,919,949,953,937,949,958,936,952,944,924,944,963,938,949,957,956,975,944,940,930,947,936,929,952,931,957,971,930,927,1
929,917,947,978,985,951,941,988,967,960,944,962,965,917,946,975,909,927,943,953,945,943,959,939,934,932,933,947,949,950,934,932,935,930,947,949,979,960,950,941,977,971,963,942,965,979,946,985,928,958,951,947,939,934,954,980,983,933,952,979,942,960,937,920,978,963,956,947,935,928,943,940,953,951,936,1013,1035,1037,1035,1024,1071,1063,1064,1079,1083,1104,1097,1094,1112,1134,1122,1119,1154,1119,1130,1136,1147,1119,1119,1095,1075,1111,1069,1062,1051,1079,1052,1021,1052,1006,1043,959,946,978,929,945,932,968,946,937,938,946,951,953,962,937,954,961,969,951,911,937,951,963,937,960,944,930,963,911,953,976,973,960,962,943,939,953,944,970,961,938,934,948,955,956,916,923,951,957,947,953,957,949,969,946,959,944,932,951,969,944,969,971,967,973,951,952,950,954,964,964,939,944,971,931,955,1
952,933,972,947,937,943,947,977,973,925,939,939,935,962,955,982,943,949,938,937,918,939,959,941,943,960,942,955,952,967,931,935,951,943,930,920,954,957,962,953,954,934,943,947,974,951,962,940,950,953,945,991,946,948,970,938,945,944,962,953,933,957,946,946,952,951,976,938,967,968,969,928,930,957,955,1080,1081,1116,1099,1133,1142,1186,1204,1201,1237,1265,1250,1294,1300,1296,1288,1304,1301,1299,1272,1311,1300,1293,1278,1261,1252,1237,1209,1198,1168,1180,1146,1130,1104,1085,1072,973,948,965,940,957,928,946,948,954,962,964,949,956,967,936,980,973,960,927,972,931,957,979,936,957,951,949,964,931,962,952,939,940,951,923,936,968,962,980,976,941,942,944,931,942,954,928,950,959,943,960,946,940,964,955,930,927,979,936,990,953,954,959,964,973,943,915,928,961,961,928,952,957,958,972,938,1
959,938,948,953,967,932,931,939,932,974,954,965,957,949,921,954,924,944,954,951,970,945,952,935,966,947,975,964,933,939,940,954,959,949,956,951,947,964,963,952,932,941,951,955,965,959,970,976,945,978,947,949,947,965,937,959,950,953,959,949,918,956,928,943,953,948,968,920,945,960,966,934,967,925,954,1090,1095,1100,1103,1151,1156,1211,1220,1230,1227,1239,1248,1304,1282,1292,1297,1326,1301,1329,1318,1317,1302,1274,1248,1244,1248,1255,1205,1183,1159,1137,1141,1126,1105,1094,1094,940,957,952,971,982,950,951,929,937,972,938,907,977,934,958,960,944,976,945,968,944,942,934,978,970,939,931,963,950,973,951,932,973,956,943,929,939,944,932,940,940,972,910,951,954,971,932,983,951,935,960,973,956,950,963,966,962,954,946,959,943,957,943,961,958,955,944,955,938,927,938,928,947,945,957,949,1
961,951,948,963,968,964,951,950,967,965,943,945,953,946,928,948,935,941,963,936,937,979,950,949,950,946,941,950,943,949,947,963,938,941,934,942,940,944,976,929,933,946,939,941,960,954,942,956,931,955,974,936,934,925,942,944,952,947,931,927,944,933,958,955,934,954,941,937,939,950,945,943,954,943,920,1051,1087,1106,1098,1130,1149,1212,1188,1216,1199,1252,1244,1277,1282,1310,1301,1304,1320,1349,1283,1299,1284,1259,1253,1276,1250,1216,1242,1193,1189,1151,1141,1132,1120,1085,1070,918,981,968,972,935,952,972,979,932,919,928,955,970,957,961,951,946,961,928,936,942,973,962,947,937,947,954,925,965,957,967,959,939,946,975,938,961,957,913,973,960,954,945,953,959,935,971,920,987,937,964,944,958,936,963,949,929,957,964,955,978,939,977,929,952,947,958,958,937,962,953,953,958,945,950,964,1
949,947,971,946,957,960,956,940,964,957,936,959,952,970,941,953,952,976,924,951,949,945,935,966,951,958,946,964,960,941,951,946,964,995,972,963,955,948,946,952,939,923,947,954,957,899,970,978,950,947,949,972,943,947,969,935,929,954,976,953,936,937,980,953,933,939,942,939,951,953,961,949,930,926,947,951,952,934,954,970,941,949,944,956,954,973,995,1033,1088,1155,1186,1224,1230,1276,1228,1181,1130,1115,1016,979,990,946,958,923,948,980,960,933,945,961,944,965,937,983,954,973,952,963,951,963,945,959,961,937,943,971,939,940,942,958,962,947,959,955,948,941,985,968,953,932,939,927,955,958,952,930,949,940,967,923,956,965,966,944,932,966,955,964,948,958,969,935,951,909,928,933,953,939,956,969,932,943,958,931,942,951,951,972,956,946,956,937,952,947,949,955,986,0
952,927,965,960,929,924,942,921,933,974,927,941,947,930,921,955,953,963,940,940,959,969,945,973,955,955,971,935,939,953,935,937,969,951,934,950,939,923,947,947,957,953,953,927,984,983,946,940,969,944,927,923,945,946,957,953,959,947,957,965,961,947,958,948,977,932,943,945,935,956,966,932,933,937,924,1023,1031,1042,1049,1013,1024,1055,1072,1087,1070,1087,1093,1097,1132,1111,1111,1128,1124,1140,1106,1111,1113,1115,1102,1119,1066,1086,1069,1063,1065,1067,1046,1040,1013,1040,1033,959,934,951,944,948,960,946,956,966,939,923,928,953,944,956,939,929,968,975,907,959,955,944,939,916,944,913,982,950,942,928,963,955,951,968,926,953,953,967,942,944,949,968,946,948,977,948,946,951,959,953,951,961,967,944,960,962,924,942,922,949,971,951,952,943,924,945,946,967,961,941,967,952,937,946,953,1
955,960,931,952,939,940,939,984,946,926,951,967,966,942,947,971,947,968,964,947,955,951,945,949,935,911,928,984,945,963,961,967,986,927,983,938,970,948,949,924,950,965,953,955,955,949,936,966,968,954,935,931,927,954,961,951,924,937,951,919,939,967,949,957,955,938,938,963,942,949,931,951,965,958,934,1009,1034,1056,1043,1041,1072,1057,1065,1113,1085,1106,1125,1120,1103,1130,1152,1097,1118,1108,1146,1121,1128,1110,1092,1089,1135,1083,1074,1060,1061,1064,1038,1031,1016,1029,1007,943,936,958,940,967,925,967,932,937,951,932,952,962,965,943,922,968,924,949,962,965,937,941,938,958,949,961,934,944,946,964,940,958,944,932,942,962,940,954,934,925,960,943,938,952,932,982,959,957,935,918,960,950,947,975,943,958,936,954,954,908,954,970,958,985,929,956,947,957,973,931,945,968,937,950,946,1
958,938,972,948,947,951,939,938,947,938,950,943,946,961,963,927,941,965,978,958,971,970,973,969,950,964,958,964,949,938,944,965,973,946,948,964,947,946,944,947,952,930,923,951,955,971,960,943,920,943,950,944,948,937,957,924,941,972,983,952,965,936,975,951,958,944,965,950,940,957,952,914,923,940,960,858,870,856,868,836,823,812,790,776,773,769,771,786,716,739,745,712,736,717,708,724,759,728,738,765,757,774,830,827,810,815,840,841,842,874,879,924,957,942,967,963,912,963,967,951,931,943,946,938,916,970,982,961,940,977,968,976,973,946,957,914,942,934,946,944,948,951,966,940,933,965,922,966,971,951,951,954,967,946,940,949,945,942,917,941,935,927,961,961,963,956,948,934,948,928,950,966,912,942,944,942,954,940,940,936,957,962,957,958,938,968,970,1
938,927,937,931,950,942,927,945,941,931,959,936,939,922,948,953,955,953,955,951,949,954,959,934,947,967,932,966,906,953,945,956,946,952,949,945,918,951,930,942,960,964,925,926,940,956,932,956,967,949,964,931,951,936,936,949,958,934,922,945,953,959,935,949,965,955,919,956,948,967,970,948,964,953,953,951,948,951,937,931,974,944,947,949,966,997,1013,1038,1064,1124,1199,1219,1250,1244,1209,1190,1138,1075,1029,1021,985,996,945,943,931,952,929,949,954,967,967,965,953,944,942,951,939,929,932,967,943,928,940,957,944,940,945,971,968,922,939,956,943,900,946,960,937,965,947,965,979,938,962,949,968,945,939,947,955,946,939,942,933,943,955,960,939,960,948,964,976,957,935,958,956,953,931,965,961,947,960,935,918,962,944,929,939,939,936,948,957,953,937,938,941,951,952,0
956,946,957,949,921,964,933,955,945,947,954,957,939,934,965,960,942,970,941,939,944,931,933,964,933,912,975,938,932,959,927,962,965,955,939,916,950,967,912,947,967,951,933,935,937,942,954,975,960,938,965,949,941,944,973,932,924,966,956,956,953,945,973,953,960,935,926,949,952,953,962,969,946,961,929,980,963,954,947,969,971,937,934,960,994,976,994,1073,1092,1133,1171,1240,1224,1266,1204,1198,1151,1087,1053,1017,970,956,930,964,951,960,940,975,975,959,945,954,939,972,940,955,945,962,939,955,948,944,970,952,946,939,978,940,949,943,951,957,984,943,924,936,969,946,954,959,934,979,931,984,960,954,974,951,919,942,954,944,966,958,980,950,945,956,943,949,943,964,928,952,929,957,942,942,950,959,928,934,954,963,951,939,976,957,932,955,955,951,956,938,946,927,941,0
962,955,981,957,968,950,925,946,951,969,947,933,954,947,966,958,962,936,983,939,952,952,933,945,942,976,938,953,937,944,976,942,975,951,942,953,984,948,954,938,970,945,962,973,935,940,952,943,955,961,977,933,968,956,948,952,953,954,940,948,937,965,950,970,961,947,940,966,959,941,951,941,933,945,988,1035,1001,1037,1069,1043,1046,1066,1062,1052,1085,1111,1111,1105,1129,1115,1131,1133,1116,1135,1110,1126,1128,1132,1097,1090,1103,1113,1083,1060,1088,1048,1049,1051,1002,1023,999,927,958,961,957,961,951,946,941,952,949,976,941,949,943,947,987,926,964,956,929,914,969,962,962,942,943,941,944,950,958,927,973,925,954,957,941,943,943,948,938,976,938,958,930,962,963,972,932,966,942,962,930,978,941,950,938,934,967,947,943,925,940,948,967,943,972,985,976,939,955,932,962,962,960,945,959,1
932,960,942,948,951,980,971,923,936,922,945,911,936,931,949,945,925,975,945,931,971,943,938,935,949,937,948,955,940,951,926,948,954,961,909,957,946,963,929,963,967,937,941,981,936,951,929,931,930,972,949,944,961,926,948,944,960,953,978,966,952,943,966,921,975,961,953,956,958,924,951,971,935,961,949,955,940,952,961,956,972,964,941,950,970,994,989,1027,1096,1125,1158,1219,1245,1252,1250,1185,1148,1087,1055,1007,971,973,946,947,955,972,947,920,927,957,975,955,938,947,954,958,949,929,954,984,973,947,920,960,941,951,989,945,942,975,932,935,947,930,951,934,959,943,929,931,945,953,954,932,983,951,961,958,938,949,966,932,968,942,950,973,943,946,959,944,951,933,920,964,930,954,960,929,931,945,977,950,962,951,934,959,928,941,959,974,978,949,955,940,959,948,934,0
928,943,936,952,937,953,936,942,926,981,953,943,961,961,935,944,948,963,961,944,942,934,960,956,1011,953,941,944,943,963,983,965,951,960,960,956,963,966,936,962,941,937,957,938,937,946,946,950,942,956,950,939,978,984,986,954,978,935,969,957,971,985,951,975,949,940,964,937,945,943,928,954,953,976,928,941,961,950,952,921,982,966,952,950,985,976,1006,1060,1097,1156,1206,1226,1259,1254,1253,1163,1145,1102,1024,1008,988,980,958,956,988,974,951,926,972,942,953,963,932,952,925,949,961,967,940,951,950,956,965,946,955,964,951,967,953,957,976,968,943,936,958,932,956,955,915,955,947,957,959,958,966,962,959,962,913,947,962,937,942,961,946,947,948,962,949,940,960,942,950,939,961,968,973,922,931,964,948,935,949,937,933,964,981,952,936,951,982,936,959,934,954,953,921,0
964,921,943,954,960,949,949,929,956,934,944,952,942,965,931,955,954,925,959,974,956,955,935,930,947,954,954,945,929,947,923,948,940,958,947,942,940,935,926,963,955,984,913,970,963,936,934,948,953,968,961,955,974,944,944,956,967,933,943,927,961,972,958,930,940,962,950,935,953,965,956,940,945,948,940,986,1035,997,1067,1032,1075,1075,1072,1102,1091,1103,1085,1125,1117,1127,1118,1142,1151,1153,1123,1112,1136,1116,1115,1107,1097,1083,1086,1078,1060,1042,1028,1056,1042,1024,1009,968,956,973,967,935,929,976,949,937,934,952,935,958,954,969,974,948,944,957,965,935,951,956,944,943,903,952,967,968,958,953,947,962,936,941,958,953,977,954,926,986,941,935,958,967,942,958,931,950,968,928,928,945,932,967,958,963,966,956,951,966,935,949,937,949,928,922,949,930,945,943,931,970,936,970,950,1
951,962,965,956,958,969,928,957,936,958,946,950,946,947,944,936,972,951,953,905,945,949,954,935,944,942,945,944,959,959,967,950,934,928,959,956,955,933,929,948,950,968,939,960,970,941,931,953,965,978,968,954,968,936,958,949,949,963,941,965,980,938,925,954,947,938,958,932,937,950,961,949,931,949,958,1073,1084,1083,1139,1123,1167,1156,1180,1216,1227,1244,1279,1287,1292,1288,1321,1304,1288,1307,1305,1297,1295,1274,1255,1268,1268,1222,1187,1185,1136,1161,1150,1105,1097,1077,1046,941,990,945,969,949,958,965,950,935,936,941,941,955,943,925,949,963,937,945,970,936,951,946,965,967,948,945,943,939,967,942,952,965,950,940,948,949,946,934,929,952,954,950,957,943,961,960,955,962,957,928,958,969,946,923,968,933,929,945,954,945,939,933,946,963,965,944,955,941,962,969,941,945,958,972,931,1
951,974,927,937,959,957,967,917,951,945,956,945,912,968,936,971,956,953,962,944,949,955,934,951,973,939,956,960,947,953,940,950,978,932,950,928,949,949,949,963,972,943,939,928,921,915,957,967,932,929,956,963,941,953,960,959,941,966,962,945,975,953,961,977,939,939,974,927,969,944,948,975,982,958,971,969,948,926,943,956,953,943,944,955,978,976,1004,1031,1112,1136,1168,1244,1209,1218,1214,1179,1143,1061,1053,1022,976,982,959,948,960,938,953,964,950,955,947,948,923,965,936,947,960,955,953,951,955,952,938,932,945,926,944,958,961,957,958,938,961,950,965,941,964,922,952,958,975,947,968,949,979,924,942,960,936,928,937,952,937,938,942,960,960,939,951,929,923,951,957,978,964,957,966,952,948,962,937,950,918,952,940,947,937,953,975,939,946,942,961,956,941,957,928,0
947,945,967,901,930,961,954,973,916,926,955,948,917,944,959,952,952,914,978,981,942,961,953,937,939,956,948,937,954,936,958,944,952,949,961,948,935,960,941,950,953,944,950,949,975,934,951,953,941,987,961,948,963,956,944,943,957,944,941,920,959,959,946,942,954,985,934,958,960,938,967,954,957,956,938,869,857,870,838,841,812,796,773,807,778,757,747,750,747,756,765,732,753,727,725,741,759,766,777,767,781,775,780,780,804,816,824,847,849,848,880,937,957,941,972,939,955,964,962,953,946,959,954,931,938,968,941,935,938,935,937,936,943,927,926,943,969,936,933,962,952,930,954,965,925,940,928,938,954,952,980,952,965,932,960,933,951,953,960,950,956,940,924,931,957,915,968,956,949,952,954,969,970,938,973,972,941,957,954,973,942,939,957,957,955,913,964,1
955,952,975,926,921,956,946,977,946,957,969,936,959,945,965,952,942,943,949,959,941,956,945,959,962,967,919,927,939,978,945,952,959,941,947,977,950,950,955,934,947,949,924,918,960,950,943,935,961,932,942,943,966,963,967,950,951,911,972,965,942,948,932,977,962,952,954,940,964,959,961,941,946,941,929,979,944,952,977,942,951,945,953,944,987,1040,1009,1059,1087,1120,1166,1230,1262,1222,1227,1175,1151,1080,1001,1003,971,985,947,925,945,967,914,931,944,971,947,941,959,936,964,936,917,953,939,940,955,934,945,940,956,953,963,963,944,961,949,919,956,931,918,965,962,927,938,948,925,949,933,935,927,954,951,957,946,945,965,951,961,934,935,968,950,951,960,958,958,953,953,956,940,934,952,929,964,958,961,951,958,929,919,946,947,945,963,942,943,945,937,919,932,962,942,0
953,968,952,917,948,924,943,946,958,937,962,924,954,985,942,969,950,967,949,946,940,954,948,940,915,932,967,954,921,966,962,959,912,951,960,938,978,960,919,950,933,955,945,946,966,974,970,940,957,952,974,951,930,957,913,922,953,946,950,935,969,955,950,962,976,964,945,941,939,940,948,955,974,945,964,957,947,930,931,930,925,985,952,931,977,965,1003,1081,1102,1168,1173,1223,1253,1215,1204,1153,1132,1100,1051,1001,980,974,983,937,974,952,948,944,947,964,947,958,936,937,951,929,956,966,934,947,971,940,934,956,927,959,916,930,944,964,951,946,938,940,950,934,947,950,950,956,947,956,936,932,959,926,953,945,957,929,952,947,952,949,958,962,955,974,951,947,955,947,958,950,954,975,959,940,945,940,959,937,933,937,977,994,964,948,933,961,969,979,958,964,944,951,969,0
927,946,942,972,967,971,971,961,953,940,943,949,940,945,946,938,953,939,942,930,942,961,949,925,956,947,958,956,953,961,936,940,966,934,917,947,950,939,971,949,946,929,969,943,951,935,957,942,943,970,943,969,950,959,936,937,948,968,940,947,944,929,952,937,973,954,953,947,924,962,947,944,916,949,959,887,859,844,860,824,827,792,794,779,768,772,787,732,776,750,735,728,721,758,744,748,734,754,754,776,772,789,809,807,810,822,816,852,861,881,881,957,941,964,972,952,947,954,969,956,962,938,953,949,938,948,940,959,946,967,950,986,960,948,954,957,948,940,946,950,958,944,950,942,930,962,975,979,954,941,978,938,956,952,961,936,956,954,930,941,958,940,943,942,946,937,983,951,944,949,930,934,959,960,979,952,923,946,921,926,939,969,938,957,968,941,954,1
952,929,964,944,945,945,925,958,936,982,948,955,931,942,958,943,931,923,958,951,985,943,962,954,962,933,949,934,962,963,953,923,968,936,943,955,957,990,933,948,932,962,946,940,965,938,952,958,911,960,938,981,948,937,928,937,944,907,978,984,937,931,949,948,939,951,947,942,957,925,917,950,939,926,956,941,922,966,937,949,958,960,972,941,980,962,1002,1037,1108,1141,1178,1241,1249,1247,1231,1174,1133,1088,1038,1032,987,942,931,965,967,924,940,954,974,961,943,968,977,928,967,943,950,959,943,950,949,948,958,953,964,938,940,951,971,943,930,945,939,968,951,954,962,945,974,939,939,939,960,933,930,953,958,979,931,967,954,943,936,954,936,964,944,953,963,932,945,947,964,958,974,950,939,973,946,944,935,943,944,946,960,918,971,963,955,951,941,941,1004,941,938,955,936,0
918,958,942,982,954,927,948,947,943,942,981,930,951,956,972,920,974,956,951,951,962,936,962,933,956,927,950,961,952,939,934,958,969,933,945,975,939,959,953,955,947,929,968,942,960,957,941,945,948,941,949,927,974,948,940,956,961,956,960,952,959,964,959,944,924,943,967,935,946,948,938,939,931,946,951,927,958,922,930,960,931,933,953,958,938,973,1010,1033,1052,1126,1218,1238,1238,1236,1204,1192,1132,1110,1043,1015,976,972,943,975,960,942,975,928,948,930,918,938,975,949,947,947,932,946,969,907,940,964,973,941,935,960,967,942,948,952,944,943,950,956,953,946,973,994,971,965,961,957,936,943,918,943,967,953,982,957,953,949,942,952,922,942,950,961,943,937,957,977,957,943,971,936,942,955,947,915,951,944,948,935,919,954,964,923,950,960,920,953,936,959,967,939,934,0
951,954,989,964,919,933,941,925,946,932,958,941,962,951,960,947,950,930,929,958,952,952,955,954,924,938,920,904,934,927,960,933,919,920,928,945,956,956,939,953,979,949,952,938,940,927,965,935,945,944,971,947,909,916,962,925,941,950,954,952,949,973,931,943,934,966,934,943,941,931,952,929,919,963,958,1014,1010,1001,1041,1042,1030,1046,1069,1094,1096,1110,1127,1105,1107,1088,1133,1137,1130,1123,1128,1133,1123,1105,1107,1092,1092,1080,1071,1079,1052,1063,1037,1035,1034,1036,1008,953,959,924,960,941,940,929,926,943,954,944,939,957,963,942,950,908,948,938,948,930,951,960,947,955,966,970,930,950,963,926,946,945,964,926,949,933,924,948,955,948,940,961,953,933,954,920,953,933,954,923,977,935,965,927,937,964,941,902,969,948,937,948,920,957,955,940,923,948,960,925,947,965,976,956,964,1
936,963,957,964,944,926,974,946,947,959,952,940,958,966,946,916,925,934,973,910,956,938,949,967,949,979,957,960,932,966,963,915,942,944,962,945,944,956,970,962,962,969,956,951,948,948,948,933,938,945,945,959,922,962,947,957,956,929,964,964,949,928,953,930,950,928,950,952,935,951,938,965,944,922,944,883,848,834,849,834,821,799,826,786,764,772,775,767,746,756,729,730,755,750,731,727,747,731,753,767,754,754,789,830,818,840,882,843,872,883,884,939,964,962,954,967,953,943,952,992,911,931,917,929,915,940,944,937,946,926,946,963,944,922,954,948,965,954,938,915,941,940,931,937,957,968,952,971,960,968,971,973,947,934,964,964,971,935,964,915,949,937,948,957,927,962,944,971,946,929,959,964,955,946,934,946,939,944,951,948,958,933,946,961,954,958,953,1
954,937,951,956,946,932,952,943,944,948,948,938,945,947,943,950,960,964,938,953,978,944,941,945,938,955,961,935,962,928,950,941,921,948,951,945,929,948,949,947,933,955,927,984,950,950,960,935,950,927,951,950,966,927,963,937,938,941,958,959,938,954,942,944,966,939,950,957,960,964,957,947,946,924,973,1017,997,1043,1041,1038,1051,1090,1076,1061,1086,1117,1095,1106,1129,1134,1134,1152,1144,1118,1121,1104,1114,1135,1099,1104,1114,1083,1103,1077,1060,1054,1031,1012,1037,995,992,962,960,979,954,948,931,948,935,944,961,917,954,937,977,933,965,965,979,965,930,937,953,952,941,963,961,960,958,958,950,964,944,978,923,935,926,915,948,956,928,960,938,953,940,956,979,938,969,961,942,973,933,927,924,939,970,975,983,951,936,943,939,986,937,943,943,949,943,929,945,945,947,943,931,965,955,1
957,956,961,948,973,941,934,955,961,948,943,970,962,947,959,953,940,946,959,945,942,978,956,964,942,947,930,915,952,924,951,962,965,959,936,957,933,947,953,960,953,956,953,955,942,974,946,921,935,948,939,944,959,934,939,938,929,969,949,919,947,919,950,935,935,944,934,966,895,956,976,947,977,960,938,1059,1084,1105,1134,1140,1146,1171,1172,1228,1207,1227,1251,1295,1294,1310,1318,1302,1316,1287,1286,1338,1306,1300,1269,1272,1239,1210,1221,1202,1178,1169,1150,1102,1128,1084,1065,960,964,928,979,960,945,919,945,973,933,953,977,939,954,927,954,925,948,959,953,951,915,936,952,936,940,950,945,957,947,924,935,957,973,941,959,946,946,928,951,962,955,940,931,937,971,966,964,925,967,967,948,957,958,941,926,973,958,961,921,949,959,947,927,982,923,950,967,949,932,983,922,931,947,943,942,1
926,946,955,962,920,949,925,928,940,935,928,954,943,927,931,938,962,941,946,974,976,946,947,939,920,960,936,949,933,951,980,915,939,956,957,968,963,932,947,977,973,938,955,936,963,945,945,929,955,963,953,953,958,957,962,925,965,934,962,950,959,955,924,955,946,954,965,942,942,973,932,945,954,955,954,886,869,876,827,838,835,833,829,789,774,763,772,756,749,740,711,748,750,719,724,738,777,773,763,750,764,789,797,826,812,829,847,841,867,884,893,962,944,933,964,946,954,938,965,965,955,950,962,956,942,931,947,922,935,961,950,935,966,972,951,943,949,954,953,963,970,936,973,928,944,970,976,945,945,975,938,961,976,952,934,950,956,963,979,963,952,936,969,943,951,982,970,946,945,956,939,958,958,941,973,941,924,972,963,952,948,950,940,963,956,934,927,1
966,951,971,952,932,968,941,934,938,962,954,969,966,963,959,974,951,954,926,958,960,948,960,966,938,948,957,961,938,970,951,934,936,969,945,951,944,952,987,959,927,953,925,977,951,924,961,939,951,961,961,979,945,938,952,972,918,916,974,930,981,913,947,943,924,978,958,956,930,932,993,929,923,958,947,979,939,948,962,964,960,963,975,966,963,964,1025,1033,1097,1131,1203,1235,1256,1260,1223,1186,1157,1107,1053,1008,988,958,956,976,964,979,944,971,957,964,942,973,970,946,927,935,953,976,945,973,917,950,959,954,946,927,946,965,954,937,924,931,948,972,917,971,950,941,938,965,949,970,947,957,954,957,966,962,962,939,929,964,973,968,952,948,927,954,961,945,973,919,964,952,956,946,956,934,936,924,960,974,965,953,969,934,923,946,933,960,929,921,938,962,957,935,949,0
975,938,958,970,932,956,943,945,963,965,950,957,951,946,965,969,949,944,913,956,967,906,936,943,974,955,960,955,954,962,943,938,951,963,954,957,926,949,960,961,942,970,947,931,953,936,952,973,926,949,956,960,967,950,943,929,959,934,955,951,971,962,947,949,954,958,941,938,911,950,960,958,959,941,962,958,964,947,967,949,958,946,944,975,973,972,994,1048,1099,1120,1207,1236,1250,1239,1236,1187,1162,1083,1049,984,964,979,948,953,952,969,940,943,938,970,971,955,949,924,927,948,980,960,941,967,950,970,968,943,959,944,928,948,942,919,934,939,942,950,929,967,958,945,941,927,940,953,956,964,951,942,976,939,961,942,945,936,951,956,970,958,955,957,932,962,968,950,955,954,929,940,933,930,946,967,936,944,936,936,936,952,969,947,945,960,943,952,926,974,963,946,936,0
947,936,936,962,933,939,933,962,956,944,946,950,956,941,956,967,954,943,952,964,960,947,911,931,979,966,964,934,941,955,942,928,947,974,959,958,959,949,945,946,983,964,934,968,945,936,945,947,951,953,970,937,958,928,965,958,953,954,960,932,952,945,933,953,957,934,907,917,979,938,948,942,959,952,943,959,951,959,954,933,954,950,953,965,973,1002,989,1026,1102,1127,1196,1204,1241,1243,1206,1190,1148,1086,1044,1000,992,987,955,964,943,916,957,953,936,948,931,925,954,948,959,958,931,944,950,967,930,939,967,957,924,958,943,955,948,929,966,942,959,945,950,938,953,955,963,985,907,933,958,951,961,975,954,950,960,942,905,954,952,937,957,951,936,948,944,947,952,941,956,961,937,940,956,953,955,951,937,949,948,934,988,924,952,953,979,937,935,921,943,960,929,961,944,0
947,938,962,953,952,926,934,960,953,960,926,966,939,918,924,935,929,950,952,937,953,976,955,957,959,954,958,923,974,968,971,949,915,971,942,962,982,953,935,977,965,947,975,949,921,956,965,933,957,931,959,976,952,948,977,971,928,961,958,945,951,938,944,950,962,974,911,941,940,950,930,962,927,946,977,931,972,940,955,987,938,955,951,968,957,981,995,1065,1114,1136,1192,1222,1259,1231,1247,1189,1103,1077,1011,1029,985,963,987,945,951,936,953,924,956,922,955,949,919,952,950,922,970,989,946,963,961,931,957,932,927,940,950,944,964,960,959,943,962,934,943,934,947,967,946,954,933,972,939,936,937,946,980,957,939,942,945,947,975,945,955,964,945,950,947,959,956,943,944,970,947,959,936,944,917,930,939,947,936,954,947,933,962,945,958,961,904,962,959,939,952,955,958,0
934,936,947,962,936,945,952,972,915,961,933,941,951,950,954,940,966,970,958,919,956,954,950,974,941,941,939,960,949,971,955,947,948,964,955,948,960,963,937,954,946,968,955,964,940,959,957,967,949,955,954,943,940,951,941,932,967,960,941,950,961,959,927,935,952,956,949,959,944,939,955,962,964,969,948,886,843,832,858,828,794,804,808,794,788,777,778,747,754,723,751,718,735,725,734,746,724,761,754,759,760,799,790,809,824,813,853,862,855,861,873,957,935,973,988,952,964,941,928,954,932,949,947,956,957,965,942,937,947,942,940,969,919,959,946,938,948,934,952,960,928,955,941,951,955,933,920,946,944,942,955,965,941,957,940,921,957,950,949,966,933,924,982,944,924,924,978,960,938,940,926,966,950,962,939,974,934,940,958,942,953,950,950,953,942,967,934,1
945,958,963,936,952,968,937,960,958,960,926,948,946,938,959,958,977,952,965,948,948,941,947,948,935,955,911,948,953,934,977,945,948,955,936,950,977,971,953,949,955,940,950,926,961,949,949,947,987,954,956,925,934,964,958,920,947,940,920,942,943,990,972,962,957,922,946,959,959,953,962,953,948,933,946,957,935,944,939,962,967,959,952,963,981,1009,999,1069,1095,1133,1177,1220,1276,1257,1214,1182,1121,1087,1024,1021,976,951,948,948,949,955,959,934,934,942,971,964,941,954,937,977,964,928,932,935,969,971,950,936,936,938,959,952,966,943,976,936,929,961,957,936,969,929,948,933,948,970,921,962,952,945,968,930,963,968,960,951,955,940,956,965,956,934,947,967,925,947,952,962,964,946,937,950,957,939,955,940,950,977,949,961,943,958,949,953,930,954,962,931,958,945,937,0
960,937,969,965,962,952,943,947,949,954,926,944,948,962,942,957,924,967,959,928,939,963,932,970,956,963,946,966,926,949,995,947,944,964,936,957,955,938,934,989,940,936,962,941,953,950,940,947,952,955,967,950,945,939,943,959,959,972,953,945,910,948,953,953,935,944,931,966,929,964,950,935,957,952,964,957,930,938,942,950,943,934,951,924,965,1003,1015,1061,1086,1110,1158,1224,1224,1253,1224,1195,1127,1064,1045,1013,984,962,941,961,964,947,987,939,958,929,929,931,945,943,941,940,959,934,938,937,958,960,943,931,951,959,973,960,941,911,922,954,965,973,960,950,939,952,943,966,979,973,938,931,938,942,958,949,940,964,976,945,954,956,959,966,945,960,943,923,965,958,949,970,950,973,960,945,955,943,942,951,953,960,937,940,945,977,954,953,979,919,962,948,945,930,987,0
965,966,943,935,947,945,925,971,947,932,942,964,968,947,972,952,962,967,961,960,946,965,955,937,968,939,922,957,937,928,920,959,955,956,957,943,955,913,954,956,960,928,931,936,942,933,968,940,978,952,950,957,920,934,924,951,959,929,943,953,941,947,926,944,966,943,961,959,969,928,963,929,942,933,935,878,866,857,870,845,823,806,811,776,793,787,764,750,779,728,716,729,723,736,739,756,752,742,752,741,740,802,770,787,854,801,834,823,824,876,873,945,969,960,952,967,951,965,958,964,963,949,928,938,940,907,938,913,958,925,963,966,972,923,947,933,940,942,938,937,937,942,969,959,955,964,960,957,965,974,953,950,957,947,962,966,965,967,943,956,942,950,961,921,947,961,976,954,947,953,951,944,929,981,941,945,938,953,949,974,945,967,946,937,947,946,951,1
930,911,938,945,936,950,942,933,942,976,955,961,955,932,964,933,948,936,938,945,957,919,937,970,942,949,944,934,957,928,967,924,951,940,935,967,937,929,953,942,926,954,943,952,932,945,930,945,944,963,961,940,960,952,955,921,968,956,947,930,936,941,940,930,931,931,954,946,914,961,949,978,942,958,969,1060,1102,1114,1110,1135,1190,1169,1197,1226,1227,1278,1258,1300,1261,1302,1335,1300,1316,1284,1320,1286,1269,1288,1290,1232,1258,1229,1225,1194,1193,1157,1148,1141,1089,1077,1080,955,940,944,947,972,962,970,956,942,960,975,940,957,941,938,937,921,952,939,977,945,958,942,944,932,935,972,953,954,957,958,945,959,961,954,945,936,954,902,922,935,960,937,951,959,931,950,947,943,938,942,938,962,936,926,934,957,979,921,933,958,962,936,912,967,956,966,934,942,945,948,962,960,961,945,962,1
956,971,949,934,941,943,925,957,942,967,941,943,948,928,964,952,972,952,949,954,942,962,952,952,957,958,945,947,937,956,923,951,927,957,952,964,944,947,925,961,945,943,940,937,947,952,936,968,946,953,962,953,945,955,938,920,969,965,956,964,955,953,928,938,956,953,952,966,973,946,966,952,940,958,951,883,840,838,835,827,807,831,813,802,807,786,743,742,767,755,730,717,721,690,710,745,738,736,763,766,751,776,796,787,819,834,851,831,850,854,888,904,966,965,938,945,943,940,959,925,948,907,939,949,947,943,955,935,922,921,929,956,953,946,920,960,942,961,945,929,965,958,937,950,920,952,952,930,966,977,954,921,966,970,957,938,942,942,958,960,980,947,956,950,924,932,947,937,943,944,959,945,959,947,953,955,956,975,955,933,938,928,944,973,959,956,974,1
949,937,968,949,937,940,952,984,946,968,917,948,959,935,950,946,966,986,954,949,987,934,957,954,945,931,967,940,929,963,913,954,941,938,944,973,980,930,928,961,931,942,931,935,918,982,933,929,931,952,938,941,930,925,967,958,983,947,985,934,940,927,958,973,933,963,972,950,967,992,976,957,965,956,944,933,926,961,958,942,958,935,950,960,949,1014,1010,1054,1109,1142,1171,1229,1268,1247,1191,1181,1139,1088,1077,1034,989,976,946,940,961,972,955,931,952,926,980,936,951,948,969,965,935,941,913,939,964,966,945,935,957,914,978,943,951,961,970,932,938,910,959,938,938,960,969,954,955,932,942,973,955,975,950,949,954,936,960,966,935,938,957,930,942,955,941,944,962,931,962,950,969,950,926,959,968,939,953,946,948,953,946,947,951,947,939,944,966,949,944,930,936,973,964,0
945,959,948,941,937,943,955,931,976,969,968,943,955,953,935,960,923,977,961,930,959,933,957,957,944,945,937,931,951,936,958,957,926,955,923,964,944,927,937,919,959,955,935,931,926,932,948,973,954,952,978,982,960,921,946,970,957,962,945,958,963,947,965,939,949,949,915,926,952,936,957,958,962,955,980,927,944,958,969,961,939,949,936,952,982,985,1010,1040,1073,1141,1163,1195,1251,1276,1214,1172,1128,1088,1058,1002,981,987,954,938,965,962,947,955,928,949,967,929,982,942,943,934,969,917,949,962,943,946,938,983,966,938,939,933,945,957,936,982,934,930,951,950,970,958,943,930,927,947,942,951,930,924,943,956,965,929,939,968,930,945,940,940,927,915,951,943,946,950,956,945,968,949,943,942,958,934,970,933,984,923,950,959,966,942,961,942,939,964,943,966,953,946,955,0
950,955,938,947,975,968,937,932,954,935,950,956,963,938,950,929,929,931,935,948,925,963,971,981,955,950,932,939,935,949,942,951,974,951,935,950,941,949,955,958,962,938,947,941,950,956,976,960,945,943,944,949,955,987,933,956,944,968,936,944,942,933,967,936,943,961,945,951,951,951,930,967,943,998,969,894,833,872,841,850,828,810,809,776,790,758,737,770,724,746,753,744,755,728,755,741,754,760,720,755,769,774,776,827,832,804,856,866,866,857,852,945,976,960,982,942,949,968,932,943,954,946,944,955,972,963,951,953,927,925,951,944,939,961,934,947,951,953,937,967,957,963,968,938,943,921,960,946,952,956,930,936,945,923,968,959,935,959,940,951,949,927,940,973,952,946,961,952,958,995,943,950,954,938,958,963,939,948,953,945,959,971,931,978,965,955,948,1
935,922,937,962,941,971,950,921,957,932,931,953,965,958,969,955,931,929,937,967,960,962,967,926,984,939,960,920,945,982,946,939,958,959,962,953,944,950,931,961,934,963,965,966,982,962,965,924,973,943,974,939,965,942,948,925,934,945,945,955,969,955,958,962,954,953,940,956,967,966,932,924,987,949,956,932,950,950,949,967,962,942,970,975,980,976,1008,1043,1092,1127,1212,1257,1248,1256,1219,1146,1122,1066,1046,996,992,956,967,932,927,959,975,952,977,950,943,985,971,924,923,904,911,951,965,915,916,963,954,955,957,952,972,951,932,941,928,940,974,953,945,956,933,956,943,931,962,955,942,974,968,937,943,933,939,963,932,952,948,952,927,949,965,926,941,959,933,930,945,932,948,965,917,940,958,945,937,940,949,948,958,932,961,938,977,945,974,972,954,961,957,946,942,0
938,972,950,963,956,960,949,943,966,941,961,964,961,936,936,942,942,963,957,930,937,964,949,961,949,947,942,948,955,952,957,922,953,949,931,937,941,921,940,951,944,969,935,951,926,946,943,931,956,962,979,964,970,935,940,942,918,947,943,946,962,940,939,970,947,964,938,936,961,958,953,949,929,942,955,949,961,933,958,959,963,967,956,957,968,956,1013,1035,1083,1131,1202,1225,1246,1244,1216,1182,1148,1122,1074,1014,999,970,941,945,940,957,942,961,929,962,939,956,955,945,951,941,963,960,967,926,938,968,921,947,930,971,953,950,972,957,959,926,961,931,961,944,955,960,952,950,939,974,960,973,945,960,928,950,937,962,922,939,987,946,927,936,947,960,947,956,937,961,936,951,954,968,942,956,941,971,955,951,934,933,937,961,951,967,944,953,951,960,964,962,915,922,962,0
925,936,944,945,959,968,963,931,962,947,943,936,945,944,965,967,916,955,964,963,937,923,928,944,936,958,929,956,927,966,954,952,936,953,978,951,948,945,933,947,927,959,981,955,934,954,965,952,937,990,933,932,953,956,952,954,956,946,961,942,939,973,989,942,956,959,966,962,939,933,927,945,963,940,967,1097,1094,1138,1131,1170,1160,1166,1185,1204,1212,1260,1260,1301,1273,1278,1313,1329,1304,1300,1315,1293,1296,1302,1261,1248,1254,1213,1205,1183,1173,1143,1136,1122,1122,1132,1080,948,955,924,937,965,941,969,927,952,953,938,971,933,949,945,954,961,952,942,952,978,950,959,903,931,952,940,958,967,943,944,924,979,947,964,951,969,947,950,923,930,934,945,925,937,947,971,948,939,956,959,932,921,919,962,959,954,966,974,939,923,936,953,951,966,925,942,952,935,952,949,948,932,928,956,921,1
943,932,932,964,948,940,948,960,939,971,945,943,960,932,947,956,944,935,946,932,955,973,966,967,930,955,963,929,970,932,940,950,945,966,947,966,970,934,947,951,938,922,939,960,922,943,951,965,938,931,958,960,909,962,955,988,946,946,958,971,919,961,930,960,930,950,961,958,950,937,959,944,969,938,952,952,969,930,952,933,965,946,946,935,969,990,1001,1054,1120,1144,1191,1215,1268,1253,1212,1184,1130,1104,1031,988,1011,962,974,954,947,956,957,932,955,940,950,929,952,950,948,961,942,946,931,952,970,952,950,944,969,977,961,981,972,950,920,945,929,947,959,933,962,960,944,959,964,958,945,949,939,947,955,941,946,940,926,966,979,956,960,971,948,951,934,958,970,923,944,968,943,939,929,935,958,948,929,941,961,956,956,928,945,951,958,948,949,947,954,957,950,966,953,0
968,968,959,932,948,950,962,923,968,959,924,933,956,959,929,973,930,939,961,950,949,968,945,924,957,954,949,941,963,927,952,957,952,943,936,941,946,968,931,933,953,965,962,942,937,946,977,952,961,958,944,936,977,959,940,971,964,946,967,960,926,936,973,973,970,929,938,956,941,922,965,975,935,977,928,960,941,948,948,950,938,951,941,962,957,1010,1007,1037,1088,1155,1209,1213,1264,1222,1224,1210,1113,1087,1046,1025,1001,960,956,954,945,968,916,953,962,966,968,933,953,957,940,936,966,940,964,922,961,944,954,950,939,959,938,953,967,942,951,974,964,981,933,935,957,936,937,951,962,968,933,948,943,943,938,932,978,950,948,967,945,968,945,933,963,956,952,942,953,968,956,954,944,940,968,960,974,967,955,938,953,952,957,939,914,954,943,934,971,931,946,944,958,963,940,0
952,938,944,937,962,968,915,926,954,985,971,967,935,962,951,982,938,951,945,964,951,965,938,956,951,957,941,979,941,940,945,953,954,933,936,951,952,966,942,919,928,957,933,948,945,969,945,943,947,961,942,945,946,945,960,943,958,936,941,957,962,960,929,939,945,951,909,949,967,953,942,982,953,938,954,989,1025,1037,1048,1031,1083,1056,1091,1084,1063,1092,1116,1140,1129,1104,1137,1108,1120,1137,1111,1139,1139,1116,1093,1117,1084,1093,1065,1064,1068,1047,1038,1041,1058,1036,1013,930,942,963,954,997,954,942,960,951,917,910,969,977,957,948,949,966,933,944,947,947,938,958,940,945,941,936,953,946,951,929,928,957,953,932,921,934,948,949,950,944,954,968,943,982,940,948,947,928,944,946,977,933,934,972,946,946,932,929,961,923,943,968,972,952,967,927,948,954,995,934,953,971,936,946,953,1
952,928,948,945,962,952,961,947,950,984,937,957,980,916,977,930,959,966,925,938,937,957,942,954,977,958,939,951,956,931,968,926,962,944,923,955,949,944,964,930,948,963,950,941,971,934,956,946,960,952,964,943,977,936,972,956,960,932,913,990,936,950,969,970,944,942,957,939,946,924,958,949,940,938,945,940,968,970,934,936,944,940,935,947,993,981,1011,1061,1094,1142,1186,1219,1262,1245,1239,1196,1130,1085,1058,1005,973,959,961,974,945,948,951,969,910,954,949,954,937,954,924,957,952,958,942,951,932,919,945,949,981,935,969,944,955,947,942,952,948,970,948,925,965,947,931,944,954,937,959,932,953,968,975,984,940,932,965,934,946,935,968,949,969,974,961,952,972,947,982,980,946,941,941,951,939,927,945,959,942,968,930,938,950,931,934,944,940,934,953,967,960,948,945,0
980,940,942,959,972,930,960,932,974,933,912,945,943,937,954,958,940,954,935,942,968,950,951,959,959,979,951,934,954,951,953,940,950,937,966,939,956,946,952,971,955,927,981,948,939,962,957,955,962,952,932,943,945,947,943,970,966,947,966,947,949,963,954,960,975,956,960,966,955,943,969,984,958,967,942,939,992,946,955,943,943,957,946,936,971,977,1014,1037,1107,1156,1199,1228,1250,1268,1223,1179,1121,1085,1056,994,968,965,952,956,909,940,950,938,951,933,932,963,966,948,948,949,942,943,945,929,970,940,977,935,958,953,940,946,956,957,968,963,973,932,947,931,953,934,925,951,962,958,952,964,941,979,942,950,955,951,968,966,954,948,947,992,937,947,963,927,946,966,949,940,952,953,965,976,939,960,936,950,936,941,936,947,943,951,956,928,974,940,937,983,968,960,930,0
960,944,942,937,954,967,957,915,932,923,946,959,924,939,964,953,964,980,949,922,930,925,956,917,966,960,949,941,959,963,945,944,943,929,938,930,961,918,945,964,961,938,968,980,972,959,968,957,947,929,947,937,993,944,1011,925,976,977,932,942,949,939,962,916,952,938,940,971,964,989,953,956,949,956,952,973,955,943,958,961,975,932,935,927,959,988,998,1036,1096,1114,1206,1200,1240,1267,1239,1170,1129,1108,1055,995,1016,947,969,915,953,969,963,918,942,938,956,963,967,928,934,944,938,936,945,934,937,948,957,937,952,977,966,981,939,942,944,937,966,973,953,936,938,968,941,963,957,945,937,978,965,963,948,988,960,953,977,941,983,958,962,953,943,977,916,967,934,964,944,955,960,958,967,928,958,954,945,955,957,947,925,943,943,967,929,924,962,936,970,912,949,957,963,0
950,963,925,973,945,980,936,945,946,965,969,944,971,948,949,935,950,945,957,968,948,926,965,956,954,934,942,969,953,946,940,927,949,958,920,960,966,971,950,965,969,939,965,980,950,959,957,992,960,938,941,955,954,975,946,933,940,961,942,959,952,974,936,950,943,958,943,938,936,922,958,959,928,951,937,929,950,926,936,945,922,946,954,941,971,998,996,1020,1101,1113,1163,1241,1256,1244,1237,1183,1151,1083,1029,995,977,978,953,923,943,981,994,946,946,954,946,946,951,956,953,953,970,947,946,938,939,938,954,947,955,954,923,953,922,953,938,948,932,929,937,951,940,942,935,944,941,960,969,916,948,961,963,956,933,925,948,961,954,969,957,954,921,960,968,960,954,959,946,940,936,957,955,946,928,942,929,945,925,949,932,926,968,967,939,938,951,968,953,956,945,930,940,0
923,932,981,969,934,949,938,954,948,947,926,953,957,962,983,944,956,969,963,960,946,933,964,958,966,955,934,958,939,949,948,973,928,955,956,945,968,942,944,934,940,935,957,976,957,954,966,957,936,954,974,949,960,946,939,945,949,963,970,949,954,933,952,932,962,924,957,929,972,948,926,963,954,959,952,1027,990,1008,1037,1051,1086,1071,1036,1070,1074,1123,1099,1100,1122,1132,1134,1129,1127,1140,1131,1106,1108,1145,1118,1093,1094,1086,1098,1083,1071,1074,1018,1013,1050,1023,1036,953,928,920,966,943,958,999,971,961,930,950,958,953,955,977,946,959,946,934,953,966,940,956,947,939,960,951,950,934,969,943,948,978,945,974,953,947,954,950,929,924,926,926,968,966,918,949,949,964,953,942,968,969,960,949,957,957,941,958,957,969,967,939,934,954,926,930,943,959,945,943,952,972,963,947,965,1
941,956,949,947,968,950,945,968,941,957,947,940,932,959,950,947,967,934,946,968,960,943,973,966,956,959,956,938,975,957,948,952,936,943,942,949,958,943,961,958,960,947,919,936,980,955,945,944,950,947,933,937,998,951,937,956,952,959,956,945,949,956,969,932,954,942,950,952,963,940,960,939,962,957,934,958,963,950,957,956,959,954,976,961,952,984,1023,1035,1090,1176,1181,1218,1250,1235,1228,1199,1148,1086,1006,998,983,959,950,977,949,956,947,922,954,986,936,952,944,893,943,942,944,936,936,959,936,947,942,958,943,954,956,953,976,922,948,957,955,966,948,931,924,935,959,939,946,960,964,922,964,925,955,948,921,948,973,977,938,948,964,947,988,923,952,974,926,950,948,960,935,969,915,981,919,936,956,950,973,961,948,937,977,937,970,967,970,968,915,942,920,941,952,0
947,929,938,954,971,964,953,934,971,939,941,937,943,929,984,947,940,961,931,948,926,962,916,935,979,950,977,969,965,947,946,975,972,971,953,920,931,938,934,940,938,937,944,954,943,935,934,934,943,966,957,974,944,946,944,939,948,948,937,942,947,917,941,948,945,945,926,970,943,951,942,936,964,956,943,1024,1036,1041,1035,1053,1058,1077,1065,1076,1083,1110,1114,1086,1102,1150,1117,1130,1102,1147,1125,1100,1144,1121,1105,1129,1121,1094,1078,1062,1054,1071,1058,1062,1008,1004,1014,915,948,955,939,963,959,941,961,954,935,929,967,941,924,945,958,969,938,938,938,947,968,994,942,942,989,929,950,961,928,941,954,986,972,970,965,940,935,951,946,939,919,944,937,932,959,946,967,975,934,977,948,923,918,952,943,947,965,949,936,950,944,958,980,977,957,970,925,952,957,930,931,944,957,939,948,1
947,944,958,932,950,955,939,946,947,938,942,957,962,982,957,952,945,939,972,952,945,977,955,946,933,928,956,948,964,926,973,974,949,970,938,965,961,932,949,964,955,962,940,941,968,946,959,950,957,960,945,941,954,943,967,951,939,974,970,949,968,940,937,950,938,970,956,952,933,982,950,954,927,944,965,933,978,955,956,944,955,945,943,964,957,984,1008,1025,1096,1142,1174,1224,1224,1255,1238,1185,1128,1090,1047,980,961,943,922,945,965,926,939,957,923,950,941,939,951,935,966,923,930,966,959,959,943,950,943,944,948,969,946,939,952,938,958,936,948,936,947,957,945,952,967,941,969,968,950,929,942,962,935,932,958,954,967,956,952,943,949,920,941,909,959,969,927,955,957,962,943,963,976,976,966,945,984,942,956,967,967,939,958,967,954,942,942,935,963,988,952,927,936,0
934,902,971,944,939,946,945,940,957,977,971,942,962,952,970,948,941,948,937,959,949,928,957,955,960,952,965,940,961,972,957,965,951,938,954,950,947,947,944,973,969,960,952,957,964,951,928,940,942,942,943,954,930,954,957,937,979,958,972,964,950,949,944,963,934,922,971,958,960,967,962,947,930,937,924,956,960,958,960,965,943,950,950,986,977,999,1048,1066,1085,1161,1207,1205,1233,1244,1203,1193,1112,1098,1043,985,988,958,959,934,947,976,958,937,946,925,930,965,982,935,940,946,959,956,958,946,943,955,941,947,943,946,959,940,947,925,966,972,984,937,931,957,935,952,962,961,948,969,942,934,946,972,929,970,979,965,938,935,949,938,946,932,941,918,906,976,943,947,918,960,948,947,954,946,970,927,945,937,951,894,939,952,925,918,925,943,955,942,940,957,940,941,955,0
949,941,937,964,970,957,940,975,951,954,945,945,976,944,958,967,943,992,949,949,932,946,975,954,932,951,993,950,970,935,932,960,933,943,936,941,955,978,939,943,952,977,981,948,957,937,935,946,932,966,967,966,943,941,938,965,972,974,936,954,970,919,965,962,924,946,948,946,967,959,946,931,951,953,907,874,842,864,813,818,839,820,791,784,796,768,744,761,728,743,762,717,741,731,719,759,751,773,743,763,783,786,793,781,816,785,835,831,863,852,871,970,963,968,933,937,953,937,947,974,968,959,941,945,942,956,977,947,937,936,971,979,959,938,957,940,954,963,955,925,930,951,957,956,963,962,937,931,955,965,928,951,968,956,938,936,943,984,954,956,954,965,953,954,941,967,955,938,927,958,956,925,957,953,937,934,975,951,954,940,951,924,921,932,928,929,944,1
942,932,965,939,956,939,928,929,946,939,968,955,942,940,957,960,933,956,953,955,942,960,937,938,953,976,927,976,934,943,940,949,937,986,946,960,938,949,961,960,958,934,955,975,982,976,949,970,935,914,963,935,939,944,960,939,963,953,920,942,953,948,962,944,953,942,958,964,963,954,975,933,947,921,973,945,961,949,971,964,907,933,954,963,960,1001,994,1044,1111,1150,1183,1221,1247,1254,1249,1185,1141,1065,1032,1012,984,969,945,928,940,927,950,959,940,937,965,960,958,947,957,969,945,958,937,978,975,964,944,931,950,949,948,953,966,937,920,940,937,956,963,905,959,948,950,919,960,954,927,953,961,917,949,973,942,931,940,942,961,930,969,962,956,949,949,967,930,957,933,935,931,959,943,947,931,967,936,959,962,930,958,933,988,941,930,922,976,927,924,955,954,925,952,0
931,943,966,963,987,988,949,929,951,930,950,944,929,924,942,950,945,928,936,967,939,942,941,921,967,960,941,950,967,968,958,956,974,937,954,935,943,931,948,958,939,951,937,958,923,958,922,966,961,962,939,949,964,969,958,966,946,965,941,949,959,967,912,949,949,929,961,979,949,956,942,961,944,942,979,1081,1112,1093,1115,1141,1147,1186,1222,1213,1242,1258,1283,1254,1275,1291,1320,1299,1298,1327,1312,1292,1301,1296,1298,1228,1255,1225,1194,1198,1182,1143,1134,1110,1119,1098,1061,958,961,941,968,954,982,962,920,955,937,939,956,936,943,943,962,960,932,937,922,958,964,942,936,943,948,961,961,961,967,942,980,967,971,926,955,948,922,962,956,972,943,965,957,952,925,943,935,969,960,948,936,927,959,926,956,959,956,934,954,944,952,952,961,926,956,948,942,958,957,953,950,945,933,946,948,1
944,942,931,929,928,968,959,959,915,948,949,963,958,910,966,937,960,956,948,956,958,965,967,944,963,955,927,954,965,952,930,937,956,940,950,950,945,975,931,947,933,936,930,981,961,943,948,954,952,959,947,934,960,949,949,945,955,949,955,964,943,949,965,935,971,972,937,950,924,936,934,919,962,975,948,981,1011,1040,1029,1031,1050,1059,1080,1064,1112,1105,1117,1111,1114,1089,1130,1138,1136,1105,1152,1117,1132,1117,1129,1118,1106,1113,1066,1075,1060,1077,1055,1043,1027,1046,1022,943,953,937,957,941,969,930,940,944,941,959,950,981,940,950,951,940,950,953,963,937,944,916,943,945,953,957,945,950,967,933,970,957,935,951,927,951,943,948,938,976,958,926,950,955,937,958,948,940,944,959,938,944,946,940,962,973,940,949,948,952,978,954,935,943,937,993,942,931,953,952,941,965,959,948,953,1
959,943,971,931,950,914,933,952,966,944,960,925,932,972,945,950,926,959,936,940,968,964,941,945,960,935,956,948,949,921,985,942,964,949,946,953,944,952,980,964,955,957,963,947,933,940,952,951,932,950,936,963,958,952,944,953,951,967,952,945,970,963,961,973,941,952,967,938,969,926,968,956,962,962,953,965,950,961,944,953,956,949,954,959,962,978,1008,1054,1079,1110,1175,1248,1252,1245,1230,1146,1139,1062,1067,1012,995,963,932,953,949,982,961,974,936,986,968,958,955,952,940,955,956,984,951,969,953,917,943,945,944,967,948,954,937,953,963,930,951,968,968,948,963,927,945,969,944,953,966,931,950,970,942,922,947,957,939,968,970,946,948,950,955,965,933,944,952,975,952,926,949,974,960,931,947,950,940,952,964,966,966,947,956,922,959,955,942,948,931,935,926,959,945,0
932,939,940,959,946,927,958,954,945,948,949,979,940,965,945,946,931,947,954,956,958,939,969,953,931,960,919,928,940,965,955,946,940,946,951,916,957,949,941,936,977,946,949,992,955,961,953,952,970,968,934,962,994,933,957,952,948,927,925,947,956,960,939,939,982,955,955,947,948,956,968,950,980,957,975,960,927,938,952,955,949,947,945,955,989,961,1001,1050,1078,1164,1195,1216,1266,1261,1223,1197,1135,1058,1046,998,1003,957,926,957,961,961,968,935,947,961,947,947,951,944,960,925,962,950,977,928,927,958,938,945,929,954,967,926,958,940,948,965,935,943,956,937,943,942,980,970,952,952,954,1008,932,947,955,947,958,942,948,949,964,942,939,941,933,952,925,969,947,947,919,972,944,953,942,955,968,956,976,957,985,945,938,938,974,938,959,955,951,972,941,959,926,925,942,0
970,932,949,936,938,944,962,944,966,953,963,946,962,951,916,960,920,922,932,966,946,960,953,927,974,936,944,934,917,939,952,925,950,954,957,964,969,937,963,930,965,940,951,951,957,933,962,961,939,938,945,955,939,977,923,958,951,948,948,964,926,938,930,941,940,918,969,926,945,937,950,953,960,952,967,1076,1031,1015,1021,1036,1046,1066,1057,1090,1102,1116,1088,1097,1116,1147,1129,1133,1142,1129,1120,1108,1149,1104,1118,1098,1083,1064,1069,1086,1054,1072,1045,1046,1026,1016,1021,944,951,950,952,945,938,959,951,961,954,959,953,950,931,963,943,934,965,966,950,952,955,968,927,960,936,971,960,952,971,937,937,927,962,921,931,953,949,956,963,912,937,952,951,949,959,948,912,953,961,939,981,959,979,957,966,935,971,958,924,967,941,947,951,959,953,977,938,936,957,965,953,975,962,952,975,1
970,952,956,923,951,941,957,963,942,946,964,934,932,940,935,927,932,958,954,949,940,961,948,956,937,951,926,955,960,954,942,967,911,947,949,952,934,939,955,957,945,917,933,948,945,953,961,920,963,963,953,914,942,948,940,961,950,967,959,980,948,933,939,957,939,934,956,950,921,951,959,971,934,946,945,1086,1077,1120,1104,1126,1140,1180,1189,1203,1199,1232,1242,1274,1278,1314,1322,1313,1317,1309,1288,1308,1284,1271,1286,1275,1271,1210,1228,1181,1160,1157,1162,1107,1097,1086,1061,963,920,942,957,936,946,923,957,943,940,967,986,966,967,954,944,958,942,960,935,957,954,953,964,955,968,940,961,982,961,958,967,951,968,959,966,953,948,934,923,965,952,958,944,953,932,952,938,966,969,951,947,938,976,959,947,914,959,943,940,943,942,940,959,937,968,928,955,956,952,951,927,945,968,942,936,1
950,933,948,935,961,951,940,930,961,946,982,948,931,975,935,924,953,921,946,957,974,950,975,951,937,937,951,928,976,945,946,947,943,943,969,966,927,950,969,949,965,939,977,934,964,937,955,936,944,958,966,936,984,953,949,947,936,943,950,959,962,958,934,975,933,977,945,946,988,954,936,939,964,976,945,938,966,946,970,947,966,966,931,920,951,990,1034,1031,1109,1155,1188,1219,1252,1223,1228,1196,1119,1066,1027,1025,975,976,958,926,957,944,966,932,943,956,934,966,966,959,945,967,946,954,943,978,957,952,952,959,973,945,942,959,962,951,960,966,935,937,936,958,946,958,963,950,930,936,951,955,925,940,968,986,935,952,944,957,947,974,974,948,957,958,949,936,963,976,973,951,965,952,948,977,955,950,954,962,948,958,940,940,963,957,933,949,945,952,969,981,969,975,948,0
966,954,989,958,965,967,954,957,939,937,965,913,955,952,962,914,925,961,957,946,939,949,959,941,930,928,944,931,921,967,939,932,958,965,936,937,945,940,955,975,957,969,940,956,957,957,960,948,946,953,959,954,988,928,954,936,942,973,924,938,935,940,960,933,957,928,941,976,951,960,942,933,931,918,956,936,947,943,953,964,919,943,930,925,989,975,1005,1054,1094,1142,1218,1244,1224,1243,1209,1198,1149,1081,1054,1016,981,956,952,963,924,932,957,949,957,961,955,945,942,948,951,959,952,945,968,969,947,947,934,925,937,948,972,942,939,951,957,921,945,932,936,945,973,957,943,943,916,964,946,941,932,959,974,956,981,959,951,938,950,958,966,957,947,956,955,937,981,946,926,943,946,959,952,940,953,951,982,926,939,944,981,945,939,951,971,970,908,976,941,944,958,925,936,0
967,962,933,945,958,930,932,961,930,949,939,950,945,953,954,969,962,944,970,954,941,952,963,949,938,962,932,924,931,939,930,953,938,919,959,943,944,927,944,943,943,960,956,960,953,939,938,978,954,956,942,968,946,981,955,945,957,966,931,936,939,958,938,984,957,924,950,952,921,931,949,976,935,931,946,871,858,822,846,829,800,811,801,783,773,794,764,748,747,740,723,728,747,754,742,729,733,704,775,753,780,779,803,815,801,818,827,813,861,854,898,963,923,961,956,967,928,936,933,930,920,956,962,936,964,958,962,948,929,950,961,971,967,946,921,953,968,957,929,977,973,977,950,939,966,943,958,967,937,945,947,925,928,942,932,957,927,959,949,970,956,948,959,945,951,965,966,950,951,923,956,948,954,943,959,958,941,961,936,949,923,955,948,972,918,974,959,1
949,932,956,951,947,944,944,943,944,922,953,939,940,959,957,958,952,928,961,966,965,982,934,951,971,952,959,939,947,961,928,943,949,957,932,949,960,984,959,936,979,941,931,966,947,931,958,935,949,955,941,913,946,941,921,963,960,947,972,937,947,945,965,952,927,951,948,954,952,939,971,939,970,940,945,944,962,952,970,969,932,939,954,944,965,1001,999,1046,1094,1101,1191,1223,1259,1226,1228,1208,1148,1105,1040,1018,982,961,970,949,935,934,958,964,947,960,912,914,950,964,958,956,963,955,944,935,979,957,956,944,964,953,947,965,935,926,959,930,929,969,934,919,944,938,913,952,940,963,957,930,955,996,927,970,938,937,965,975,950,935,942,952,942,961,973,944,964,958,941,944,947,954,968,969,952,937,978,951,985,946,947,974,964,961,979,936,930,961,948,937,946,970,929,0
958,964,943,939,988,953,949,951,936,932,936,960,938,964,944,972,955,948,954,947,955,927,966,949,932,930,950,952,953,935,925,950,951,978,940,956,972,951,930,938,960,939,970,946,926,929,955,928,921,948,940,949,955,957,949,981,960,945,980,969,947,962,952,969,961,951,948,939,961,937,934,962,947,941,968,948,949,926,946,961,971,938,945,929,971,968,1004,1035,1079,1109,1160,1217,1217,1235,1207,1170,1126,1085,1034,1024,1016,985,946,947,947,970,941,965,945,906,954,953,952,965,963,946,943,958,950,936,953,957,945,937,953,946,954,965,957,978,965,975,952,944,947,931,942,907,933,958,970,991,947,945,944,958,968,932,954,936,950,932,955,953,951,933,937,931,955,943,944,923,931,929,952,962,945,925,949,946,950,943,934,954,952,955,977,958,945,943,943,950,963,948,963,946,950,0
944,941,920,960,946,962,954,919,944,953,955,927,946,952,970,940,948,920,941,984,914,945,957,959,934,940,961,945,962,972,922,936,952,955,962,924,949,970,958,960,923,937,967,942,972,963,944,967,941,947,954,955,975,933,938,949,957,943,954,938,961,954,941,931,962,940,942,947,934,919,959,946,957,924,961,879,850,863,807,848,804,785,825,793,791,769,776,769,768,752,728,743,738,736,729,735,741,744,764,777,757,787,815,818,823,818,815,864,866,862,877,942,937,948,926,975,943,965,940,960,933,950,926,970,955,927,929,940,932,964,967,947,929,938,967,960,955,935,932,955,963,941,929,953,925,971,966,944,936,946,977,953,953,949,979,938,950,927,1019,973,952,961,947,964,960,949,931,963,918,927,959,955,971,963,955,955,956,947,961,959,929,913,956,972,935,945,962,1
936,928,942,963,949,985,955,955,964,948,945,939,933,945,910,967,970,909,916,950,975,950,961,958,952,955,926,944,939,915,933,938,938,941,930,936,964,958,955,967,957,966,970,964,933,953,939,959,964,964,973,979,946,990,958,968,929,968,947,947,939,927,940,941,929,931,977,950,963,915,949,938,942,951,964,951,957,942,987,956,935,947,965,944,975,976,1030,1033,1082,1159,1197,1241,1258,1245,1192,1163,1141,1056,1040,1008,965,967,934,928,941,924,940,978,954,952,972,952,959,946,965,940,941,941,937,972,941,935,963,961,937,964,953,956,955,945,944,961,949,950,971,948,971,974,939,962,977,975,958,948,953,946,961,957,938,933,960,939,946,936,958,944,922,949,961,961,951,934,970,945,952,935,928,977,949,953,955,952,956,944,956,959,938,961,927,972,960,962,956,958,949,932,952,0
934,939,932,946,964,956,954,949,952,965,930,939,968,961,938,973,946,929,951,954,921,956,927,932,971,945,955,952,915,913,945,927,969,936,932,930,943,948,936,950,963,924,957,952,935,982,945,955,961,942,959,942,937,936,989,938,972,940,946,956,977,956,954,939,949,942,955,942,952,960,948,965,960,946,976,867,861,849,849,849,814,826,811,787,794,774,755,743,735,738,718,748,722,787,751,731,738,741,762,733,767,792,804,803,829,806,820,859,871,873,847,932,945,972,960,928,943,952,956,931,941,959,966,945,961,966,958,942,950,950,939,972,954,931,948,960,940,958,959,957,934,929,924,955,956,934,968,968,995,957,956,958,944,966,969,953,922,944,941,927,953,951,920,939,953,935,940,949,921,922,945,966,939,950,956,926,961,964,964,965,947,949,956,966,948,950,929,1
954,933,972,937,969,956,930,919,969,954,929,942,932,959,942,935,952,946,955,945,952,939,942,917,944,959,950,969,945,968,966,922,952,958,966,970,934,949,947,954,924,964,946,956,959,912,953,927,940,933,913,953,954,946,918,959,927,951,937,957,930,949,950,981,965,962,951,950,942,962,928,939,929,938,931,996,990,1029,1050,1041,1046,1066,1071,1073,1103,1090,1113,1122,1116,1112,1129,1119,1142,1140,1134,1127,1101,1119,1128,1109,1087,1095,1065,1064,1030,1041,1061,1050,997,1016,998,958,972,955,954,947,943,955,940,950,931,942,955,936,972,972,973,945,935,938,967,951,962,926,939,958,926,952,953,956,953,956,964,965,971,957,960,962,921,939,959,941,954,938,959,943,946,948,958,938,948,953,938,956,934,922,957,958,947,940,951,933,938,933,948,973,925,940,954,932,953,939,942,954,932,963,946,1
932,932,960,939,961,920,939,946,938,941,945,945,932,955,953,956,952,957,923,941,956,929,946,956,942,953,974,954,969,950,953,955,963,936,958,933,952,957,923,948,969,944,942,947,955,963,971,959,988,944,952,965,960,943,971,936,962,939,943,929,956,929,957,962,943,942,963,932,952,980,946,949,941,966,956,935,942,928,943,952,952,938,935,957,980,995,1003,1032,1093,1149,1203,1231,1262,1236,1253,1184,1133,1096,1021,1016,987,972,943,931,933,955,950,956,950,919,950,963,934,974,960,934,954,938,932,942,942,937,928,942,980,943,947,965,938,956,957,946,950,954,969,918,933,931,942,953,945,945,939,968,952,930,957,943,951,940,953,951,960,952,956,955,965,922,955,948,921,963,936,952,947,943,945,925,954,949,928,962,953,953,927,972,935,943,942,961,944,954,946,939,929,955,937,0
956,944,928,948,950,959,950,948,939,939,960,994,942,963,920,937,930,964,951,942,928,946,947,950,939,948,947,970,962,947,956,928,949,958,950,947,962,972,979,943,951,925,964,950,949,954,924,970,936,955,975,947,947,946,942,956,964,945,949,953,967,930,970,945,962,977,981,968,958,952,942,980,968,972,932,975,1003,1052,1041,1021,1059,1071,1084,1085,1086,1089,1111,1128,1109,1091,1113,1147,1152,1159,1095,1134,1139,1121,1104,1115,1097,1087,1078,1068,1066,1041,1040,1057,1014,1022,1009,938,964,941,946,972,963,956,928,947,944,940,961,936,945,951,942,941,966,938,949,925,929,963,975,951,944,939,962,961,980,963,949,955,956,949,970,954,932,953,966,934,948,962,937,949,937,953,950,954,930,963,951,971,981,945,944,924,960,942,957,947,963,968,959,960,909,945,946,981,952,939,944,950,942,952,949,1
969,965,933,958,947,955,932,925,942,968,930,934,933,970,968,958,931,937,944,964,946,949,966,968,977,928,929,959,930,926,944,952,943,972,940,924,945,944,962,926,976,925,955,939,958,951,911,950,954,965,952,987,956,946,967,979,950,947,963,943,942,965,957,956,949,949,976,949,914,960,944,960,932,931,957,921,963,940,944,947,933,940,934,951,967,975,1024,1064,1084,1138,1187,1220,1251,1264,1244,1174,1154,1098,1046,986,977,975,964,979,951,947,945,932,925,957,952,950,949,964,962,943,977,944,929,949,962,967,947,933,937,925,937,961,962,971,922,944,995,963,944,935,937,957,947,963,935,951,929,954,938,928,948,966,917,946,952,946,961,977,949,950,968,961,927,927,932,940,928,960,958,959,942,965,955,945,964,921,945,958,955,950,941,943,946,905,918,960,954,935,937,945,958,0
944,946,946,916,952,986,972,964,932,970,954,957,942,946,930,955,937,952,936,948,946,972,948,959,950,958,949,942,940,928,938,968,973,955,969,949,947,942,946,960,959,953,963,977,939,939,961,952,929,968,947,966,973,952,958,954,947,943,931,948,958,938,930,951,934,949,976,947,928,965,987,938,939,967,944,984,949,959,958,968,930,952,943,940,970,997,998,1062,1092,1114,1186,1221,1267,1268,1233,1163,1140,1071,1034,1010,966,960,955,938,951,947,949,954,956,920,952,968,938,950,939,971,924,949,973,972,939,959,972,966,967,955,961,973,945,966,961,973,963,950,968,956,949,957,934,930,972,948,945,961,926,983,966,946,945,919,927,954,937,969,941,948,945,921,950,951,948,990,955,924,946,933,941,948,960,959,956,905,965,940,936,934,950,940,949,930,948,952,959,916,919,945,934,0
939,937,937,957,947,958,944,940,954,959,959,975,956,958,964,953,974,973,921,940,974,954,969,966,961,941,924,944,941,957,938,968,941,958,948,930,954,938,956,938,961,973,920,955,936,956,972,966,953,958,946,926,911,945,912,958,941,976,946,928,941,983,992,944,979,932,952,947,945,952,958,965,934,965,943,1018,1040,1033,1028,1043,1061,1084,1064,1076,1095,1088,1112,1094,1128,1114,1137,1120,1130,1113,1157,1127,1152,1133,1110,1122,1110,1103,1082,1082,1080,1047,1033,1046,1039,999,1007,958,966,966,939,966,941,954,944,911,932,962,953,931,970,967,942,961,949,959,927,954,941,928,923,962,952,938,935,950,914,963,979,954,973,963,924,963,969,946,968,946,941,948,953,931,938,960,946,947,929,935,966,956,935,957,955,933,950,965,948,964,946,928,958,956,952,983,957,960,958,965,938,950,934,954,951,1
937,965,936,959,939,975,952,935,963,950,911,965,916,954,969,954,942,931,946,944,926,952,946,948,985,960,930,955,945,939,946,980,945,944,942,946,961,950,959,960,938,958,968,934,962,955,953,932,963,957,932,963,935,957,950,927,959,941,965,944,930,932,966,925,972,949,955,948,941,933,988,939,933,938,963,959,952,953,932,960,955,967,960,956,972,982,1001,1038,1083,1151,1205,1234,1307,1262,1228,1213,1136,1067,1040,1023,990,934,960,945,948,950,940,961,958,966,923,951,952,945,901,941,961,996,935,954,970,952,960,969,962,939,942,943,957,944,951,947,967,927,948,915,927,950,951,973,942,946,965,945,933,967,963,939,951,954,940,952,965,931,941,944,949,980,950,963,960,974,973,948,948,955,957,947,962,955,937,948,958,930,960,943,944,955,967,949,950,947,937,947,961,961,938,0
961,945,935,956,943,945,950,964,945,960,968,942,946,914,931,956,939,949,930,944,929,960,961,934,974,917,938,973,944,973,951,964,987,953,932,931,961,968,948,951,980,946,956,962,942,946,962,954,946,961,952,935,947,964,964,959,934,969,925,947,985,941,944,963,964,927,930,951,925,952,957,926,953,949,972,949,914,947,963,945,938,948,968,962,990,987,1032,1047,1091,1099,1179,1236,1248,1233,1244,1171,1126,1085,1045,1002,974,957,933,952,939,971,938,957,952,952,934,934,925,951,956,969,941,939,931,931,956,938,937,967,968,937,960,940,933,919,941,942,939,954,959,942,946,946,944,973,951,937,944,976,974,968,958,935,975,946,959,946,964,969,968,947,962,960,967,929,955,937,939,970,953,965,942,943,929,943,940,944,949,944,937,945,931,953,948,955,945,955,972,939,953,950,934,0
933,938,973,948,954,940,906,930,956,941,935,973,930,939,944,926,948,965,947,978,942,958,936,954,948,935,939,963,933,933,956,935,940,950,943,927,924,919,927,957,948,934,954,982,937,959,953,928,958,969,952,963,931,957,956,952,965,928,961,941,925,965,957,964,928,953,956,956,955,958,949,936,938,953,923,893,857,834,851,828,804,797,807,790,797,767,767,749,757,738,721,738,755,700,729,738,757,746,749,758,782,772,799,796,809,836,844,863,842,847,870,951,955,944,949,964,935,947,931,948,940,943,945,942,944,959,945,926,961,959,933,949,936,947,930,963,933,937,951,952,967,953,978,961,979,944,949,956,961,959,946,938,928,949,953,968,966,934,942,945,939,972,944,945,972,947,943,975,947,948,962,956,934,968,963,931,941,955,953,952,946,943,943,960,926,939,926,1
940,959,939,958,951,945,959,950,938,938,960,932,967,943,973,928,961,938,944,946,947,964,948,958,957,935,945,953,978,960,960,943,936,934,976,971,919,942,955,944,933,946,952,936,936,952,954,947,972,942,947,945,950,948,954,951,949,950,962,938,950,982,959,939,948,970,957,954,957,946,981,944,935,957,953,1088,1081,1099,1138,1126,1174,1173,1210,1231,1222,1245,1253,1274,1293,1283,1301,1303,1313,1309,1312,1276,1273,1293,1284,1262,1205,1220,1203,1149,1180,1142,1137,1125,1093,1077,1081,963,962,944,956,954,952,937,955,957,961,954,943,942,937,924,931,954,938,945,941,956,963,954,969,953,955,924,916,932,966,970,934,975,946,918,921,946,940,931,940,974,929,930,970,931,960,981,960,964,950,951,973,947,941,959,959,919,930,961,958,944,964,924,917,929,929,973,975,935,935,961,909,932,928,925,928,1
963,983,959,943,914,947,937,955,915,960,931,922,939,937,984,972,962,945,948,967,955,948,931,977,965,960,948,966,939,944,934,969,956,943,955,911,953,929,974,970,956,957,943,974,939,936,953,964,933,968,955,977,928,943,939,972,959,935,917,958,936,946,957,957,940,941,950,921,918,941,952,971,966,929,966,1022,1008,1040,1040,1037,1026,1060,1082,1072,1080,1098,1112,1118,1132,1134,1121,1128,1136,1162,1101,1097,1126,1112,1119,1146,1081,1085,1064,1089,1071,1058,1057,1052,1029,1029,1009,957,945,956,943,945,978,954,957,912,960,932,935,982,965,911,971,943,948,942,974,960,945,953,963,966,951,935,958,933,947,967,973,930,940,950,960,943,931,946,953,949,945,972,945,954,965,952,968,962,953,955,919,956,953,934,933,941,958,956,920,952,968,959,940,926,970,944,956,960,928,940,963,948,948,951,947,1
954,973,961,970,943,969,964,950,942,927,965,908,979,963,948,943,922,947,962,953,950,956,967,958,973,953,953,919,974,969,923,946,932,958,947,958,960,968,925,957,969,942,942,980,976,968,945,955,936,960,935,962,951,941,959,946,945,943,951,959,956,946,931,922,964,950,951,976,948,930,961,950,940,933,950,1070,1105,1120,1141,1130,1156,1188,1155,1217,1252,1252,1271,1283,1297,1313,1285,1302,1302,1300,1292,1325,1312,1276,1248,1247,1250,1222,1212,1176,1180,1157,1152,1130,1119,1084,1104,947,969,934,943,968,964,937,963,940,931,924,982,953,938,926,922,967,964,952,948,923,954,936,935,939,974,949,937,962,948,950,974,947,957,973,943,958,938,957,956,953,943,941,952,931,947,946,959,930,936,935,946,945,966,948,947,935,967,931,910,952,943,953,939,950,959,946,947,939,939,947,953,957,972,944,953,1
929,951,929,950,941,930,956,931,906,948,990,954,965,947,969,956,960,944,949,928,946,954,921,941,934,979,943,936,970,950,966,933,946,920,961,951,919,976,953,918,937,951,937,943,930,947,966,947,938,919,986,961,958,972,941,967,952,952,978,963,927,943,963,959,916,964,960,963,927,942,969,942,956,954,974,925,951,965,942,947,943,904,945,963,988,991,1008,1036,1086,1150,1171,1202,1242,1266,1228,1173,1126,1094,1040,1031,980,954,958,943,956,932,938,960,987,975,962,944,943,939,947,947,949,944,930,978,936,952,935,943,937,950,942,949,973,980,940,942,947,938,945,936,944,939,953,936,939,941,947,913,957,939,920,957,948,960,959,969,962,972,957,938,962,971,934,945,946,957,967,949,974,979,953,936,955,967,965,942,936,938,977,957,930,926,953,957,926,933,950,944,946,921,936,0
947,944,978,950,914,936,937,935,951,958,961,948,948,953,974,945,934,937,942,967,936,945,941,965,959,958,938,944,971,955,933,913,942,945,960,949,946,978,973,950,937,943,929,957,935,957,967,920,944,948,950,939,954,934,965,939,925,963,968,919,945,957,946,954,952,958,952,960,960,952,944,953,942,968,950,952,939,947,965,930,985,957,935,945,961,966,1025,1039,1077,1154,1186,1226,1217,1280,1226,1187,1130,1083,998,1029,974,956,982,967,939,922,936,966,933,943,949,935,947,940,969,953,951,963,946,945,937,963,925,958,949,972,945,939,980,963,916,956,914,958,986,935,958,938,935,952,926,960,946,953,950,943,945,959,934,920,942,966,988,971,958,952,939,962,959,959,943,942,950,969,938,961,950,964,971,940,950,949,920,942,964,980,948,917,952,945,942,951,943,958,952,964,961,0
941,951,964,928,967,945,951,941,955,970,959,958,940,923,947,947,946,948,942,944,959,972,945,951,980,944,962,959,971,948,937,965,953,946,949,949,936,954,952,957,978,970,957,953,969,956,930,954,954,920,965,970,945,956,924,938,948,943,949,966,968,956,951,933,986,942,970,930,926,945,934,953,952,950,954,1035,1015,1038,1007,1045,1056,1067,1091,1109,1094,1106,1097,1101,1105,1129,1131,1120,1149,1137,1123,1095,1124,1133,1120,1099,1097,1070,1071,1076,1052,1063,1034,1023,1027,1027,998,975,952,956,947,966,964,925,950,956,956,945,962,959,946,948,913,972,974,953,938,942,972,944,980,968,985,950,923,941,955,986,925,941,946,949,941,960,957,943,942,919,924,964,959,952,950,948,958,954,930,929,931,945,936,950,932,934,939,948,954,963,940,935,974,962,966,966,959,926,942,935,940,961,935,961,942,1
940,964,971,949,931,966,959,981,939,935,944,946,938,953,940,974,928,934,953,933,957,926,944,934,958,933,958,954,954,950,945,950,940,983,958,965,962,922,914,974,958,999,986,969,960,945,904,961,927,944,958,937,952,963,980,953,958,953,938,951,968,964,942,946,927,952,925,935,963,938,939,965,938,955,950,1066,1065,1101,1126,1150,1158,1168,1200,1231,1212,1225,1253,1279,1293,1298,1312,1314,1332,1281,1279,1304,1294,1281,1254,1280,1254,1192,1221,1192,1183,1149,1128,1105,1114,1090,1095,953,947,949,953,965,953,943,938,958,940,945,947,948,958,946,959,979,933,939,937,943,959,963,958,949,930,962,954,951,941,926,945,947,939,949,934,926,944,971,943,954,963,950,955,962,948,961,964,940,954,958,969,934,977,930,962,968,966,944,935,932,937,945,943,926,947,922,954,965,959,974,958,971,955,953,965,1
950,963,940,997,945,941,938,931,959,944,955,964,958,968,945,922,941,952,947,952,926,930,955,949,925,971,945,945,960,967,983,935,942,924,959,933,956,961,943,961,943,950,937,939,975,950,952,963,934,954,965,947,951,927,950,953,924,958,923,946,952,944,939,952,944,954,953,946,909,971,948,984,951,959,943,960,967,933,956,940,937,968,951,945,967,997,1025,1055,1075,1162,1201,1222,1239,1271,1238,1184,1153,1070,1045,991,1011,988,952,957,957,963,942,980,935,951,927,952,944,940,948,959,926,957,944,937,949,947,963,949,953,938,932,968,947,947,926,946,959,935,965,983,974,962,945,975,982,944,942,943,954,950,959,959,951,948,948,959,974,964,966,955,923,958,914,993,921,953,960,961,943,961,957,958,940,962,951,966,949,949,941,963,943,949,954,975,932,943,947,965,966,950,943,0
965,983,966,965,971,944,958,929,952,956,939,970,970,948,930,949,957,947,963,961,929,929,945,984,960,955,981,947,953,943,946,931,960,954,957,940,960,973,984,969,986,949,939,975,952,944,971,965,972,943,963,945,945,984,927,942,940,934,947,929,950,935,927,953,962,926,976,954,933,971,943,945,953,931,960,1047,1102,1094,1123,1139,1164,1174,1184,1199,1231,1239,1278,1260,1296,1287,1303,1317,1321,1301,1327,1291,1331,1273,1295,1271,1246,1263,1193,1186,1181,1144,1142,1115,1111,1061,1078,962,978,945,948,952,971,965,951,964,935,938,965,956,937,943,965,928,949,942,958,936,947,937,948,943,961,947,940,989,939,961,970,937,945,955,964,975,942,962,954,937,938,928,932,985,937,952,945,956,939,979,955,934,957,954,961,962,956,947,906,941,956,928,938,952,962,954,954,940,954,972,938,942,942,946,942,1
950,944,955,942,964,965,980,963,957,972,945,947,962,922,969,967,954,975,960,933,954,956,962,942,937,940,952,949,958,951,924,958,950,944,968,947,970,933,964,948,966,942,930,951,966,961,953,955,961,930,941,963,933,963,954,968,957,947,940,931,940,958,942,946,931,929,953,946,940,969,955,936,969,951,935,943,940,952,945,938,972,951,948,972,942,983,991,1040,1112,1137,1155,1222,1269,1276,1212,1177,1130,1079,1055,1016,954,950,947,930,960,934,949,956,971,945,961,957,953,959,955,953,966,953,973,942,962,949,943,953,944,957,943,951,942,938,920,940,924,962,921,970,942,945,936,904,962,956,963,940,972,946,943,941,970,950,955,943,936,965,964,976,958,940,958,938,944,968,947,968,947,962,939,943,938,942,942,944,947,966,964,956,937,950,959,943,950,921,948,945,919,962,962,0
954,942,962,955,904,959,935,942,965,959,965,984,960,919,967,959,939,939,954,949,955,962,974,930,931,942,967,930,939,962,966,958,945,958,947,958,944,952,953,926,964,951,942,951,951,964,950,948,953,944,919,948,956,961,959,941,962,963,927,960,936,961,968,943,959,984,965,980,948,949,979,967,937,938,913,1008,994,994,1037,1059,1034,1046,1050,1092,1099,1106,1131,1112,1117,1135,1118,1135,1120,1108,1148,1109,1126,1120,1110,1110,1078,1113,1055,1052,1046,1053,1051,1022,1030,1033,1005,952,957,926,947,960,936,958,964,940,946,967,941,968,948,980,947,986,966,941,960,945,924,962,958,966,948,940,961,968,945,952,943,956,938,955,941,948,946,947,942,928,947,911,972,969,945,969,942,929,920,934,990,956,940,941,969,934,956,948,942,952,948,938,946,955,941,976,918,967,934,941,910,953,955,953,949,1
930,947,931,952,974,945,967,968,959,944,938,956,930,950,964,959,953,937,928,968,927,964,948,932,938,953,938,931,953,954,956,951,959,956,955,954,941,957,965,959,941,957,920,946,953,938,943,986,968,927,946,947,964,940,984,961,933,957,957,940,962,940,962,933,961,951,978,949,967,958,949,972,952,932,939,1074,1070,1117,1155,1150,1155,1179,1197,1206,1219,1195,1277,1289,1283,1288,1267,1359,1296,1314,1292,1301,1276,1296,1265,1237,1235,1227,1212,1196,1185,1172,1162,1122,1117,1084,1092,933,977,940,952,938,953,959,955,941,945,953,946,952,946,950,932,947,950,960,956,958,936,951,941,956,947,941,951,942,938,955,948,964,950,944,932,945,954,947,935,940,964,963,939,937,983,949,923,945,956,959,960,956,941,955,964,937,945,926,921,965,974,939,938,944,961,956,952,957,935,964,998,938,956,945,985,1
962,945,960,948,965,953,951,962,965,951,942,935,930,930,963,960,944,942,958,947,940,971,929,930,942,958,975,950,938,959,958,931,939,945,925,939,940,942,946,941,945,958,943,941,944,941,957,945,912,951,940,976,927,950,958,953,960,980,939,939,946,942,948,922,947,951,981,962,966,959,950,941,952,931,947,945,965,970,946,972,917,968,960,954,956,965,1010,1032,1093,1168,1179,1211,1251,1270,1257,1213,1155,1085,1029,1004,989,955,947,959,952,971,930,928,927,956,958,934,955,954,980,955,975,956,981,944,948,957,944,960,960,958,951,950,965,963,953,966,941,958,938,959,960,940,965,943,958,957,953,925,951,939,951,974,950,942,956,965,926,930,925,975,953,939,978,990,941,988,956,947,979,952,965,917,953,953,925,959,934,925,950,933,937,975,961,969,947,962,960,961,986,926,958,0
961,945,948,929,948,969,939,954,948,963,958,948,952,952,954,955,954,926,988,948,946,960,947,952,944,968,970,964,946,945,954,975,946,954,938,943,969,935,944,942,950,958,978,948,945,936,921,935,958,943,941,972,954,960,947,940,954,952,927,928,944,943,957,934,958,949,947,916,944,948,964,946,942,950,936,870,845,837,842,847,827,797,795,779,794,759,761,773,738,748,710,733,732,765,737,736,740,775,733,770,768,801,806,808,783,841,838,850,856,852,872,929,939,943,950,942,940,951,975,949,950,960,947,939,948,956,957,950,962,962,958,951,939,947,956,952,944,925,956,935,944,940,958,955,959,934,927,933,974,949,943,937,922,910,925,934,943,925,930,928,950,942,968,936,925,959,940,962,933,937,969,974,960,962,974,959,948,947,955,968,945,936,933,964,973,935,938,1
965,946,951,952,942,938,959,939,941,945,950,957,986,963,960,952,934,945,972,966,932,966,947,969,933,955,971,936,942,946,958,964,954,939,939,964,974,961,943,945,931,946,958,946,954,947,962,954,940,953,971,946,939,955,944,942,952,949,956,949,935,914,964,970,974,949,968,936,954,961,946,945,956,944,937,930,941,959,935,933,950,960,930,943,936,981,979,1056,1072,1130,1225,1200,1234,1238,1213,1173,1137,1089,1070,1039,984,953,945,943,968,954,942,937,934,975,961,960,970,957,949,961,999,938,964,944,957,962,943,964,933,940,954,958,931,928,935,966,952,946,958,982,914,919,955,943,951,935,947,967,985,946,911,953,956,936,937,938,943,957,947,925,940,971,940,940,938,947,936,930,939,986,968,966,972,950,947,948,963,942,942,912,944,949,974,954,956,951,928,960,952,962,938,0
961,964,958,977,948,943,932,957,947,960,935,931,941,946,946,951,962,959,953,946,935,941,948,966,941,973,985,960,961,954,950,952,932,956,949,937,967,939,959,957,941,943,950,921,937,960,949,965,955,952,946,952,957,960,949,951,948,931,932,972,948,965,938,933,937,957,943,966,958,965,934,979,924,963,949,1085,1096,1097,1129,1172,1170,1174,1178,1204,1222,1246,1253,1254,1270,1290,1291,1318,1299,1307,1327,1296,1287,1305,1280,1279,1245,1253,1216,1197,1172,1146,1163,1125,1094,1079,1070,948,972,911,958,937,957,969,950,948,942,955,946,982,973,963,965,974,966,939,948,910,949,955,957,959,954,954,934,939,950,933,938,937,941,955,953,941,961,929,941,950,964,940,956,935,907,952,968,959,930,941,927,940,948,945,979,941,949,937,946,946,931,919,927,946,968,942,938,943,962,980,957,944,947,932,978,1
923,944,941,939,954,941,955,955,947,950,939,940,934,924,951,957,932,958,965,952,972,945,947,979,968,953,968,954,938,958,959,930,935,933,967,928,951,958,952,967,936,943,938,955,979,956,940,954,957,943,930,971,943,944,951,934,972,955,971,950,966,938,989,940,958,930,981,954,931,970,966,950,949,962,948,953,946,951,941,977,957,945,963,947,978,1005,1008,1044,1098,1120,1181,1256,1256,1247,1207,1180,1137,1084,1063,1014,1002,955,980,991,938,964,938,958,937,950,964,944,945,950,958,954,951,956,973,955,956,936,965,964,948,958,957,905,938,950,966,966,954,964,943,935,952,945,952,939,943,936,966,916,936,979,938,929,939,960,913,961,924,972,925,935,952,958,957,929,956,960,946,942,947,940,955,951,934,938,963,924,949,951,959,959,952,940,939,933,947,956,974,974,984,976,946,0
937,934,943,947,936,909,976,936,950,948,955,916,980,973,917,954,938,962,990,979,955,934,939,955,963,942,927,962,968,952,945,953,959,930,958,969,960,966,937,936,956,965,960,946,964,948,966,949,924,958,946,945,965,944,944,935,960,955,936,922,935,977,944,933,958,956,934,958,935,977,933,984,976,963,951,943,958,936,944,956,936,955,939,928,981,1020,989,1054,1092,1164,1179,1224,1256,1244,1246,1174,1124,1095,1056,990,995,946,963,951,941,950,964,935,965,940,968,970,922,961,963,945,953,928,950,932,945,945,965,961,947,957,936,917,940,942,941,958,965,944,942,962,950,948,958,945,965,943,942,929,943,929,948,968,959,959,941,961,949,951,935,959,923,941,961,925,965,971,957,936,925,950,960,959,984,962,956,938,944,969,924,960,944,937,925,954,949,948,961,950,953,952,959,0
989,952,940,936,940,946,953,958,961,947,962,928,963,955,952,939,943,923,951,936,943,963,942,950,978,931,950,970,963,956,933,1000,933,956,941,934,975,961,958,946,960,930,961,942,970,962,936,930,966,976,950,941,952,947,931,938,949,942,963,942,962,945,943,961,945,948,930,959,942,953,952,937,929,944,962,845,863,874,846,836,849,812,773,773,771,768,787,776,741,721,739,737,743,712,739,718,763,733,756,772,740,758,781,808,812,824,836,854,898,872,891,936,955,970,947,941,937,937,950,966,947,956,949,954,927,959,923,931,967,944,946,954,948,965,958,945,946,960,953,935,976,973,975,954,962,938,929,956,943,937,950,949,973,927,954,961,958,957,942,956,953,941,907,975,959,947,968,910,963,976,954,926,960,974,959,961,970,970,950,917,937,953,937,962,943,938,947,1
928,974,978,922,944,965,960,952,944,946,970,971,967,953,978,948,952,935,944,952,950,939,963,947,929,937,957,937,986,967,947,972,926,953,931,973,954,954,956,952,957,936,941,966,933,933,945,918,972,940,939,954,948,938,968,951,974,938,955,975,958,936,948,921,965,967,952,958,950,933,947,968,942,932,950,1080,1080,1106,1122,1140,1169,1193,1184,1218,1204,1246,1236,1269,1284,1291,1310,1299,1293,1320,1293,1326,1276,1279,1294,1266,1262,1220,1238,1188,1161,1149,1166,1124,1129,1107,1095,931,956,933,939,939,947,931,943,961,952,966,947,945,949,948,955,943,956,948,936,944,947,963,954,906,958,951,930,937,923,966,946,976,956,942,968,937,969,937,946,925,955,932,953,953,950,967,972,947,971,973,943,949,963,948,942,953,943,955,940,935,930,934,966,932,984,939,960,976,954,956,938,955,941,952,917,1
933,959,947,930,935,951,967,956,959,949,937,934,958,976,961,950,939,924,937,952,973,931,960,944,936,955,951,943,933,977,942,951,966,929,943,931,956,967,938,977,954,941,945,942,963,941,970,943,942,978,947,945,955,930,975,954,963,952,949,940,976,924,961,951,945,970,959,950,942,916,971,946,962,931,960,927,961,945,939,964,923,961,943,948,964,985,1004,1032,1106,1143,1189,1245,1239,1246,1205,1191,1128,1062,1047,1022,997,982,960,957,980,960,955,947,957,927,944,928,940,951,929,940,968,952,942,942,942,970,936,965,921,916,951,921,974,944,947,974,963,937,954,948,964,966,964,943,944,924,948,945,958,956,943,936,966,930,954,939,948,958,936,959,961,946,914,944,984,922,951,948,943,959,979,954,978,951,955,964,960,950,959,969,926,953,968,949,958,915,944,951,936,968,943,0
955,970,958,948,938,962,973,957,933,936,947,948,947,927,942,950,948,927,969,941,970,948,949,946,938,948,965,943,944,943,943,967,952,955,936,981,969,969,953,951,933,984,963,956,942,931,960,937,949,935,944,962,952,941,955,961,937,980,944,941,916,962,938,930,965,943,973,963,934,947,950,955,981,919,953,956,971,933,938,918,968,960,954,929,962,999,1022,1040,1075,1146,1213,1227,1236,1250,1226,1188,1142,1124,1022,998,965,979,953,935,923,962,956,947,947,959,954,957,957,944,977,940,950,967,952,957,952,960,942,946,954,954,986,980,945,959,948,943,973,936,955,948,956,971,956,960,918,956,932,949,931,918,962,932,929,935,936,930,939,929,949,952,940,947,970,957,961,958,945,950,951,937,960,937,957,955,934,955,968,924,961,943,942,970,948,950,947,950,947,938,945,961,946,0
949,935,942,954,965,941,940,937,943,950,947,957,963,953,952,946,954,959,944,946,940,936,986,967,943,964,976,944,963,962,976,964,962,934,963,945,946,947,931,933,943,945,951,926,969,963,952,956,959,957,936,956,937,960,936,987,934,934,960,975,952,933,933,973,941,970,948,953,948,957,943,954,950,978,943,1023,1026,1020,1036,1054,1053,1082,1090,1081,1057,1092,1092,1112,1122,1112,1105,1122,1166,1089,1140,1120,1142,1117,1111,1123,1094,1095,1084,1102,1053,1044,1071,1036,1041,1028,1051,963,962,946,953,964,950,926,954,986,931,963,957,951,928,950,946,934,939,954,936,957,948,974,945,963,938,949,932,961,932,955,941,976,933,953,959,926,947,966,949,950,949,937,947,936,921,943,928,952,949,947,952,943,953,951,932,944,926,950,981,950,961,952,973,948,954,922,944,926,968,945,945,968,939,943,954,1
950,942,960,925,951,966,924,946,936,976,966,940,943,953,964,956,940,946,953,953,949,950,949,963,938,956,981,929,966,949,948,928,949,924,949,939,938,960,948,968,954,936,949,941,948,951,947,981,961,921,946,955,962,976,957,963,958,953,960,961,958,950,952,979,943,958,954,948,985,959,978,970,948,947,943,960,953,965,968,961,974,951,952,948,968,1000,1005,1017,1083,1147,1183,1210,1220,1246,1218,1209,1124,1064,1071,1024,987,966,962,957,952,938,962,964,935,946,936,949,934,980,956,961,947,980,944,930,962,943,971,954,950,950,945,942,928,950,979,949,969,950,942,967,931,951,950,947,939,966,955,938,960,957,969,937,948,939,955,942,948,936,955,947,944,945,941,937,946,911,967,941,947,967,935,951,915,954,939,951,945,960,963,942,933,938,916,937,959,952,931,937,950,962,941,0
949,948,931,954,948,963,955,960,957,959,946,971,959,925,957,934,929,950,970,974,930,945,940,952,936,966,950,951,949,961,953,951,971,928,935,934,936,940,933,966,978,936,943,964,961,945,950,915,966,939,938,987,951,962,941,924,957,931,935,946,949,925,961,955,944,948,967,913,950,962,935,947,954,932,923,1034,1030,1070,1034,1063,1053,1071,1054,1084,1115,1102,1098,1114,1101,1097,1135,1128,1144,1133,1123,1130,1091,1131,1105,1113,1090,1095,1084,1044,1071,1050,1069,1044,1016,1029,1005,961,950,940,959,956,931,959,965,966,955,951,943,942,976,975,944,974,951,944,962,935,958,928,930,965,932,952,950,933,965,965,967,955,950,919,931,964,955,947,948,955,928,939,939,923,960,947,956,941,957,944,952,924,933,965,952,968,940,988,963,950,978,973,962,932,938,950,928,951,952,932,955,960,944,958,953,1
952,945,939,963,967,948,928,955,950,946,948,946,947,944,954,961,941,951,935,964,971,955,972,945,976,934,970,941,971,952,956,976,950,962,929,960,956,918,937,936,978,921,948,948,920,961,925,960,940,950,937,918,931,963,954,922,956,929,940,954,943,930,955,941,963,945,926,979,932,956,960,941,958,964,929,872,879,862,842,825,821,810,794,796,770,765,756,768,762,761,725,750,765,734,713,726,759,757,757,739,768,788,790,812,810,831,825,831,851,885,867,971,940,960,964,947,967,967,975,949,956,957,966,943,953,944,935,929,951,949,933,940,947,947,971,929,930,935,979,932,981,973,956,942,940,949,930,960,928,939,941,960,967,940,988,937,932,944,946,944,954,917,972,957,982,949,941,921,961,959,932,951,941,946,943,967,920,962,949,955,935,963,949,965,964,936,949,1
961,891,971,931,985,967,930,935,912,937,969,935,956,948,930,959,945,973,968,956,947,962,958,945,963,949,980,948,940,951,927,956,963,939,949,916,948,941,957,976,960,965,958,969,945,941,958,973,939,954,969,937,949,943,929,948,969,952,941,945,950,947,954,967,962,947,952,935,983,943,929,931,942,949,972,1021,1029,1009,1051,1048,1063,1066,1068,1093,1073,1101,1061,1112,1112,1126,1109,1125,1120,1152,1118,1119,1157,1095,1110,1115,1109,1092,1077,1063,1072,1036,1048,1041,1035,997,1010,935,945,942,958,942,944,940,930,947,910,981,952,952,933,962,966,965,929,943,961,945,957,952,940,967,939,962,970,951,964,923,971,945,920,941,951,949,920,947,925,946,949,940,950,951,941,942,942,945,927,961,956,970,955,943,938,955,941,961,955,956,956,937,935,946,930,940,982,949,930,986,940,954,941,936,944,1
942,961,947,944,946,975,931,960,951,932,945,921,969,932,928,959,961,961,980,970,971,971,957,930,938,946,959,961,964,966,946,930,959,937,960,952,958,966,913,922,948,969,949,944,951,953,958,934,952,944,937,944,948,961,941,944,965,928,958,962,920,951,946,970,926,950,949,944,958,922,963,966,951,950,957,1079,1075,1118,1128,1155,1172,1195,1175,1226,1221,1228,1281,1274,1297,1309,1319,1299,1345,1295,1282,1286,1303,1283,1268,1261,1248,1237,1251,1182,1167,1146,1147,1126,1093,1104,1073,953,921,935,967,951,963,940,934,921,946,934,967,969,977,932,945,963,960,911,980,944,928,937,959,979,946,949,980,938,952,967,963,935,954,974,986,929,945,972,917,938,940,918,952,951,966,949,942,949,941,935,953,959,956,946,980,941,916,924,945,949,935,947,943,969,956,957,919,955,958,957,952,938,963,942,959,1
922,931,946,927,943,937,910,941,917,936,931,950,956,978,948,939,954,943,939,946,930,964,954,937,940,931,944,955,944,961,937,938,939,940,956,946,959,904,952,929,964,956,942,937,969,930,936,940,942,959,962,952,950,938,961,942,952,932,963,933,946,941,978,927,955,952,950,949,963,957,990,940,953,967,949,963,972,970,961,947,976,963,969,949,942,969,1033,1072,1101,1112,1168,1231,1237,1252,1200,1171,1143,1071,1035,1023,987,965,952,956,978,960,922,944,950,923,940,930,958,957,976,933,977,912,960,953,973,939,970,952,979,927,948,954,943,960,938,966,972,945,952,938,929,954,961,935,944,946,932,955,953,946,982,944,959,953,933,933,963,938,960,954,955,951,978,960,967,937,946,954,926,971,958,948,947,935,939,943,955,940,951,939,951,929,919,979,936,950,951,954,944,959,972,0
942,941,964,946,940,947,957,988,947,961,952,959,944,967,933,919,961,957,975,959,954,919,962,962,959,965,957,944,973,957,956,976,929,944,936,955,936,957,946,964,974,951,971,951,926,960,934,952,931,968,953,922,958,968,958,947,941,943,959,932,957,954,952,959,934,937,965,950,976,936,956,968,924,939,973,944,952,937,967,939,974,946,950,955,974,986,1008,1052,1065,1136,1172,1229,1267,1212,1227,1172,1161,1075,1022,986,986,966,937,957,954,960,949,973,930,957,939,941,962,946,954,908,953,948,943,989,956,953,950,949,940,951,964,956,955,978,971,965,929,950,911,929,965,972,919,944,953,928,917,932,955,931,953,911,974,952,943,935,957,947,938,942,951,947,959,926,939,922,983,945,955,930,966,926,960,938,952,955,958,961,972,950,966,938,926,932,959,959,962,956,962,941,949,0
922,919,943,950,945,930,948,956,942,970,942,944,943,959,967,959,945,939,916,940,937,973,928,930,936,912,947,929,965,943,942,956,936,974,977,965,948,956,939,958,959,958,953,954,949,962,932,941,946,937,959,936,965,966,954,971,952,928,953,955,934,948,945,958,932,945,965,965,977,937,965,926,953,940,967,871,869,850,850,858,816,810,807,771,776,775,737,739,737,721,751,756,739,725,745,722,730,740,778,787,757,782,789,806,827,833,836,826,848,896,875,917,959,941,931,959,950,957,963,959,937,945,952,969,960,931,935,947,945,935,938,973,965,963,952,951,953,937,957,956,972,962,936,940,949,921,965,918,936,944,935,957,955,963,960,946,942,941,955,954,934,949,954,944,983,952,958,951,935,950,945,917,928,923,970,949,934,948,967,948,960,948,962,957,948,945,956,1
945,953,936,949,944,931,919,952,947,961,928,975,965,940,964,946,925,953,949,929,943,945,928,948,978,935,940,945,959,950,953,955,972,918,925,965,942,940,909,961,950,925,943,943,981,936,963,928,967,969,949,929,970,951,974,958,954,928,952,955,947,951,948,950,946,954,971,942,978,932,946,937,970,954,971,939,942,967,935,966,921,953,982,962,981,999,1000,1050,1092,1143,1185,1203,1266,1243,1224,1213,1132,1092,1061,1036,957,939,974,952,931,952,954,950,971,952,945,927,951,943,958,960,947,933,959,942,960,910,961,940,945,953,964,960,927,899,955,941,939,972,954,963,950,961,957,934,966,970,946,948,914,955,976,939,952,944,954,930,960,965,950,954,952,945,954,925,953,920,925,947,956,948,952,946,958,950,987,932,936,925,954,949,956,963,971,967,968,946,953,951,938,921,947,0
948,968,943,948,925,939,905,958,943,952,940,964,961,944,932,955,940,961,941,951,935,929,960,979,956,969,952,954,947,962,929,945,955,955,955,933,951,963,931,956,936,929,966,943,948,972,964,959,955,939,962,978,948,956,955,955,961,944,952,917,946,963,948,958,970,934,941,951,954,946,949,949,940,954,952,932,941,945,960,987,931,957,915,916,970,973,990,1052,1067,1130,1163,1228,1236,1251,1214,1206,1147,1087,1055,1019,992,973,956,972,963,954,963,951,928,952,945,950,945,939,966,947,957,940,934,951,930,954,977,947,949,952,953,960,948,942,942,947,967,955,940,962,946,952,972,971,929,935,960,938,963,928,927,933,917,954,946,948,937,960,920,959,945,941,956,934,949,950,941,943,966,943,944,945,951,952,953,937,952,944,961,944,988,960,940,968,989,961,933,952,950,967,945,0
954,956,943,955,941,958,964,934,972,934,942,961,907,961,944,959,928,970,963,966,959,952,953,959,949,933,982,967,942,952,929,968,960,954,920,966,933,958,945,935,943,920,931,940,965,951,965,935,972,938,953,941,949,947,983,948,964,947,929,961,959,963,950,965,968,960,942,972,972,956,938,956,956,928,938,886,867,868,829,838,815,838,815,807,779,777,717,777,746,742,712,710,740,731,750,749,740,738,786,763,769,793,783,776,797,825,847,864,851,858,869,922,950,955,967,942,933,952,925,941,951,935,947,972,954,936,966,939,965,946,962,923,948,940,968,936,967,955,944,947,936,966,935,947,956,963,957,938,963,940,935,950,963,945,950,974,924,964,927,940,957,950,968,943,973,948,972,945,952,957,950,957,926,966,946,936,953,963,918,952,967,944,929,933,990,944,994,1
941,939,950,935,944,948,941,935,904,972,975,941,945,942,966,926,979,970,959,965,972,961,923,931,935,941,952,969,962,958,937,980,918,931,945,954,971,950,952,970,936,947,943,960,945,942,963,940,954,938,927,932,953,937,954,970,961,983,955,928,947,921,940,964,951,943,938,960,936,952,941,967,975,968,948,993,997,1023,1066,1042,1055,1058,1065,1104,1090,1110,1106,1111,1115,1101,1119,1127,1115,1123,1124,1150,1128,1133,1110,1103,1100,1073,1096,1066,1066,1076,1056,1013,1011,1009,1008,945,942,935,947,957,941,945,927,933,942,935,938,948,952,948,918,965,956,968,934,955,936,969,936,967,969,949,949,943,936,935,951,946,927,934,950,958,960,933,923,944,951,956,939,965,965,960,954,962,950,915,942,961,937,947,941,948,934,959,964,953,948,973,953,958,959,943,969,924,945,922,950,963,952,945,942,1
959,954,933,922,940,954,936,961,960,957,930,959,954,935,929,937,958,948,965,924,971,932,944,946,940,948,957,927,984,938,951,942,944,958,934,953,957,949,954,946,933,957,950,941,940,944,951,927,949,953,935,954,923,932,958,946,952,937,965,967,952,922,944,981,923,956,980,941,960,947,979,946,943,963,972,965,968,963,961,962,948,922,943,948,969,1018,1006,1041,1086,1164,1161,1226,1236,1238,1225,1189,1148,1085,1064,1014,987,943,957,969,948,949,940,923,921,958,951,963,944,921,952,947,954,965,971,946,952,953,941,927,935,928,929,950,954,929,949,927,935,977,974,952,946,956,966,935,962,930,957,942,955,947,933,956,958,949,938,949,959,940,928,950,973,950,921,954,926,963,970,953,954,944,940,954,953,942,973,937,964,982,968,964,977,944,922,951,946,940,977,938,952,939,955,0
937,944,952,952,963,917,945,971,941,924,962,956,966,929,947,955,944,955,930,949,939,960,973,946,933,958,930,938,954,942,956,945,948,969,944,960,972,968,939,951,924,965,966,960,954,946,959,965,955,956,951,943,949,940,948,960,978,942,942,959,931,954,959,961,958,946,930,927,939,938,973,961,944,952,967,870,850,837,826,849,844,832,801,795,788,771,761,757,785,742,728,718,742,753,740,710,729,757,753,753,756,788,780,807,820,828,826,842,845,853,874,972,957,933,946,967,939,964,937,950,975,919,922,961,921,957,980,955,971,955,949,949,930,974,962,936,935,947,942,958,950,966,937,950,928,952,949,934,969,928,947,952,934,956,938,928,928,934,970,947,947,947,954,950,982,951,944,961,974,964,938,934,954,926,935,933,948,947,945,962,953,946,925,947,962,949,965,1
928,950,947,957,937,923,965,953,958,935,940,931,946,952,943,936,991,926,960,929,958,920,926,940,963,964,939,938,948,960,916,955,957,961,944,964,922,947,955,942,955,965,946,938,929,964,957,968,957,946,976,957,961,960,946,964,961,942,949,933,954,978,926,975,987,957,936,958,967,948,925,968,958,953,936,933,920,941,952,930,970,969,954,956,980,978,1027,1043,1082,1107,1174,1230,1263,1232,1197,1168,1098,1118,1033,1004,976,972,952,935,962,941,953,969,930,947,935,954,951,950,957,902,954,953,957,934,960,938,929,978,927,939,908,939,961,956,968,941,951,931,933,956,984,967,930,946,953,927,956,946,953,936,920,953,928,953,964,947,951,956,930,941,951,948,945,967,947,957,942,921,924,938,921,939,929,965,962,956,945,932,935,954,985,929,943,948,957,946,974,945,949,964,936,0
973,934,950,916,944,942,955,969,944,938,919,962,957,942,969,948,960,942,950,951,964,953,948,953,960,959,965,972,938,931,947,954,953,946,976,977,914,976,966,946,943,948,922,955,952,951,960,917,971,955,931,961,947,940,961,944,952,939,972,960,945,958,958,941,932,969,949,951,937,953,976,955,946,951,961,1088,1061,1096,1137,1120,1162,1198,1219,1230,1219,1242,1250,1247,1300,1289,1297,1315,1309,1294,1306,1280,1304,1284,1290,1283,1245,1265,1229,1186,1170,1149,1155,1120,1100,1089,1089,933,948,973,955,961,943,957,957,961,970,908,961,968,940,966,952,977,979,974,961,970,948,940,955,936,959,938,954,937,980,948,948,966,967,943,964,970,918,972,967,920,923,961,989,935,956,944,928,951,935,971,959,947,943,923,949,967,947,963,972,947,971,934,938,942,925,956,940,948,964,948,931,963,961,927,953,1
966,933,955,942,956,964,945,929,936,951,964,923,977,962,971,984,927,976,963,933,964,956,939,969,936,951,951,946,974,905,963,946,952,947,960,962,969,942,951,951,955,938,978,938,957,972,938,967,966,951,963,937,945,973,968,961,972,966,964,966,958,959,934,984,967,956,938,966,953,958,938,950,944,921,977,944,955,966,941,962,932,971,941,935,957,986,984,1044,1086,1127,1201,1220,1266,1242,1208,1176,1159,1086,1056,1020,977,962,949,959,968,952,950,946,940,983,948,942,952,958,942,951,970,956,931,947,972,949,925,958,973,948,956,935,950,960,943,948,949,939,967,980,954,946,944,961,956,979,942,936,945,928,952,946,939,954,934,918,927,938,955,940,935,951,940,964,976,962,960,945,935,963,946,935,926,940,965,968,945,961,935,948,947,944,959,941,971,941,930,929,937,953,945,0
964,960,933,925,936,932,957,942,938,933,946,931,964,966,966,949,941,944,936,948,935,961,952,951,932,934,949,941,943,953,957,944,955,953,935,947,989,973,936,958,962,929,913,935,952,968,934,972,979,947,933,959,962,940,956,950,960,949,949,945,961,966,980,947,941,956,950,964,949,943,958,964,928,944,949,933,934,950,932,967,964,930,953,937,957,1013,1000,1060,1100,1148,1197,1236,1243,1251,1237,1165,1146,1074,1012,1037,987,977,961,966,924,941,931,936,936,946,951,952,946,950,938,916,935,942,934,948,921,974,941,933,941,946,945,947,952,946,946,955,944,957,934,939,957,936,950,949,953,983,922,967,955,957,952,919,935,961,942,934,981,935,964,939,950,928,950,952,931,946,936,945,971,944,978,947,952,933,964,956,968,948,950,953,953,958,941,914,942,945,955,953,962,950,960,0
957,965,935,962,964,966,940,944,962,955,955,953,943,969,960,949,933,954,974,945,944,960,939,952,945,949,977,972,945,935,918,927,978,921,951,974,925,949,942,970,962,932,972,961,947,953,949,939,949,949,969,968,928,956,961,946,947,959,942,957,914,960,972,952,927,928,943,939,938,946,939,959,930,949,939,924,938,952,928,967,961,953,961,945,952,939,1002,1058,1094,1121,1203,1231,1257,1261,1230,1177,1158,1103,1061,1013,987,971,982,947,969,940,958,937,950,937,941,963,917,953,940,942,952,941,920,965,951,959,941,953,926,955,944,980,955,985,954,975,965,941,942,948,970,952,958,945,951,904,969,916,959,959,937,938,962,948,947,924,960,965,938,977,957,961,958,916,950,971,927,951,957,943,916,946,964,977,951,958,936,979,956,935,919,938,935,948,958,933,968,943,934,944,946,0
961,947,964,951,932,960,927,942,944,920,969,929,939,964,952,944,967,946,931,948,938,965,946,949,947,916,944,942,923,947,936,940,951,955,967,946,954,947,942,945,962,960,980,915,973,961,928,934,964,935,965,935,945,957,948,960,928,969,953,931,943,944,959,962,947,943,948,958,945,974,969,963,945,947,937,1009,1015,1035,1007,1049,1026,1047,1077,1060,1076,1092,1101,1091,1118,1130,1130,1127,1131,1115,1106,1115,1126,1114,1120,1085,1073,1101,1071,1075,1046,1065,1051,1033,1035,1013,1008,943,949,933,960,959,953,963,957,967,973,948,971,974,943,930,977,905,947,951,934,945,908,970,958,936,919,954,931,958,970,924,922,965,932,940,936,944,937,945,936,937,937,944,937,934,947,971,945,964,976,954,924,949,949,969,944,965,944,928,931,976,968,949,950,929,978,961,957,979,936,940,961,943,955,943,943,1
944,935,970,963,965,933,938,941,943,955,934,931,929,971,947,946,928,980,933,954,957,959,934,976,965,971,953,949,971,919,952,942,949,944,947,945,943,942,934,953,952,937,950,971,965,962,948,955,958,969,963,941,952,970,937,969,937,945,965,942,955,924,958,948,929,942,948,965,981,954,986,945,932,955,954,1034,1090,1109,1105,1155,1132,1165,1208,1204,1227,1256,1287,1290,1282,1297,1302,1272,1331,1303,1319,1319,1275,1288,1263,1231,1238,1261,1208,1167,1159,1151,1106,1116,1104,1082,1081,958,952,947,941,943,940,957,943,935,921,958,957,964,936,939,966,942,951,939,924,947,939,916,971,943,938,966,951,947,950,956,970,940,938,953,947,959,955,960,965,975,959,939,972,933,956,929,944,940,944,938,939,937,958,937,964,967,958,939,971,958,952,954,964,941,943,945,936,959,957,953,961,924,927,973,964,1
954,973,927,972,943,927,931,946,952,952,955,960,952,944,953,947,946,936,960,974,961,978,946,969,933,926,968,936,944,930,967,964,939,948,960,946,930,956,960,956,936,985,962,945,965,964,959,943,929,940,971,934,944,953,931,937,959,926,952,948,934,947,965,988,940,961,943,944,966,946,936,955,939,979,973,876,871,866,836,818,840,824,824,804,773,769,781,744,734,743,725,742,768,735,718,732,739,750,774,756,767,777,783,809,815,849,863,883,848,872,899,969,951,972,930,942,940,962,950,958,912,951,917,957,943,962,958,954,956,945,955,976,969,950,937,971,955,949,970,971,952,971,967,955,956,953,942,941,949,965,970,965,961,945,932,946,935,926,940,930,953,929,955,957,962,949,922,951,949,969,966,947,946,960,947,949,948,957,937,939,932,951,974,940,953,961,961,1
937,895,939,971,949,955,947,942,938,949,929,929,968,954,948,966,939,958,947,923,971,952,933,948,948,948,948,969,988,941,955,953,933,967,949,915,937,966,964,935,942,946,928,933,937,948,965,922,964,957,940,957,966,931,966,932,923,957,933,941,963,952,943,940,972,989,941,942,962,920,960,947,929,945,952,954,948,933,948,980,953,976,945,965,958,981,1025,1045,1088,1153,1202,1239,1260,1254,1239,1187,1146,1085,1028,1009,957,978,931,968,944,934,995,964,928,934,946,921,957,936,935,931,973,969,968,954,945,976,949,950,932,945,939,944,928,964,932,967,954,956,960,918,950,958,982,920,959,966,950,944,965,942,962,971,943,921,933,965,959,967,965,968,983,940,953,948,952,940,948,937,929,956,969,965,948,992,965,953,952,962,971,944,978,971,938,931,921,956,936,965,981,968,993,0
951,957,965,949,957,925,944,937,912,933,925,961,956,965,938,930,924,944,938,988,921,918,962,972,958,952,944,945,940,959,937,971,956,960,949,957,973,925,945,968,952,969,946,962,934,942,937,974,929,963,963,947,951,938,952,965,967,923,944,951,942,908,959,945,967,955,939,924,939,969,955,933,936,951,934,875,849,849,841,830,798,792,807,809,781,785,766,730,754,711,747,736,720,723,732,737,730,729,750,771,769,807,815,811,823,830,856,832,872,869,901,944,928,934,959,980,932,932,941,959,964,930,932,959,970,951,973,931,956,942,979,944,940,939,937,954,950,970,951,923,925,986,940,954,957,974,950,964,954,971,939,956,922,964,956,945,968,932,946,950,970,923,950,930,946,982,928,939,958,931,963,976,957,951,931,943,956,933,927,957,947,956,947,962,965,952,963,1
957,967,944,955,958,956,951,956,968,943,958,969,955,931,940,948,928,931,947,947,943,961,961,947,955,944,952,950,953,955,926,971,931,965,936,971,959,916,952,942,943,933,956,937,930,919,953,943,971,971,966,950,943,946,935,941,940,916,976,947,914,959,948,964,973,938,975,945,945,955,939,961,930,934,919,935,936,960,946,957,967,971,959,962,944,1005,1019,1043,1094,1120,1145,1243,1243,1230,1246,1170,1151,1094,1034,978,979,959,933,967,941,962,963,932,957,955,948,943,960,956,919,938,972,956,954,966,934,931,945,965,958,931,982,967,942,960,945,968,933,936,955,965,933,932,957,942,970,953,944,948,948,960,951,979,965,943,972,963,951,926,960,957,948,954,931,944,963,953,922,955,951,932,932,948,937,941,950,956,927,969,950,956,961,963,963,936,953,922,959,943,941,944,944,0
977,914,968,953,931,949,962,968,938,940,976,927,951,959,960,954,954,951,946,948,944,948,962,964,954,967,968,958,935,939,948,967,964,950,957,915,958,952,948,933,968,924,953,925,939,953,958,924,944,963,970,959,957,958,940,957,928,943,947,991,969,976,960,940,959,958,975,956,932,944,954,981,962,924,939,857,880,881,840,848,816,809,817,779,795,788,751,730,749,759,727,769,722,723,739,721,734,753,746,756,752,771,784,776,822,862,839,841,883,840,854,925,945,954,963,945,958,965,972,985,957,948,935,944,955,923,960,917,923,939,951,952,926,933,962,955,941,919,944,963,980,980,943,974,956,955,980,965,988,946,947,942,944,948,945,967,976,948,942,953,944,972,935,978,960,963,959,952,935,965,963,949,939,943,950,962,958,968,989,942,966,963,950,961,951,952,929,1
957,946,953,970,951,955,955,956,955,942,960,927,955,952,959,981,955,947,948,952,938,960,952,960,970,963,961,950,940,958,936,943,948,965,968,955,959,939,954,964,965,957,950,967,938,932,944,956,938,929,932,961,943,963,917,936,948,945,931,944,975,928,935,935,940,963,950,933,948,954,956,920,966,961,946,1052,1114,1125,1149,1135,1149,1191,1218,1228,1223,1235,1244,1263,1274,1302,1302,1299,1296,1309,1286,1299,1270,1287,1267,1261,1247,1261,1206,1178,1192,1118,1152,1148,1097,1097,1067,920,954,920,966,933,960,971,965,965,941,947,965,923,942,929,947,932,977,961,953,985,961,948,958,944,922,956,935,961,972,964,961,943,942,954,952,960,955,963,965,943,948,946,950,943,947,947,935,946,946,969,936,954,941,947,923,961,938,963,967,991,941,957,964,944,941,957,930,937,951,970,950,927,950,961,948,1
956,983,962,958,973,939,950,947,946,959,951,946,936,922,970,960,963,973,979,951,955,950,948,933,937,946,953,965,961,950,948,966,964,964,934,935,939,937,959,952,961,944,943,950,960,946,924,947,943,930,941,921,941,936,981,950,964,959,973,930,961,946,973,941,958,952,928,942,952,967,948,935,959,962,943,964,941,960,926,953,942,959,949,941,976,977,1018,1060,1107,1123,1208,1247,1216,1265,1240,1193,1141,1054,1058,996,990,956,921,966,959,968,940,959,929,959,942,939,979,953,951,966,952,942,953,927,929,938,969,964,950,959,950,939,938,930,913,933,958,936,981,964,967,957,943,912,964,948,935,965,934,937,956,950,953,955,949,940,970,919,944,960,931,947,962,952,959,935,933,976,934,950,970,944,949,969,920,964,943,952,947,949,932,948,960,950,937,959,966,986,960,979,965,0
952,955,931,962,951,963,931,955,959,945,960,953,965,958,951,974,954,931,935,949,970,960,955,956,935,931,961,946,960,953,941,973,967,970,927,954,943,939,959,957,979,968,936,950,942,943,940,968,939,951,948,942,944,928,953,973,948,945,940,948,935,947,941,970,960,974,922,942,938,943,953,960,970,955,937,933,953,927,975,968,937,970,914,974,984,1013,1004,1028,1098,1141,1175,1227,1274,1279,1236,1155,1177,1087,1065,1000,980,936,962,927,936,943,935,956,941,975,946,936,944,930,933,930,948,938,961,950,948,954,974,966,940,969,948,974,960,940,949,969,981,956,948,939,951,954,959,973,957,966,973,937,956,937,948,953,945,933,958,958,952,920,956,939,951,939,945,934,909,941,952,937,933,917,967,940,958,930,946,950,961,970,950,943,946,963,937,953,949,954,948,943,985,960,943,0
942,974,974,965,970,950,954,948,953,994,962,950,944,972,951,960,960,949,959,951,954,959,966,950,938,955,970,918,951,952,956,954,945,953,929,943,970,952,981,960,913,960,967,956,915,940,957,951,945,934,916,968,942,952,967,946,955,962,946,972,957,980,931,961,947,936,949,944,977,957,965,952,949,958,961,937,951,947,960,965,927,975,940,938,958,1001,1020,1074,1101,1124,1209,1202,1267,1226,1249,1180,1135,1094,1075,1037,982,977,974,952,938,949,915,947,952,957,929,949,930,960,944,961,951,934,947,980,946,962,951,960,967,910,956,966,960,958,934,956,943,952,964,971,963,940,959,971,966,948,941,941,924,968,927,931,953,941,966,946,944,973,944,961,948,938,946,942,950,971,974,931,938,953,939,951,934,927,959,955,947,933,940,948,927,964,955,960,935,937,921,961,936,984,931,0
939,960,941,925,940,941,968,960,933,937,942,924,941,965,941,951,951,971,951,957,931,971,937,953,936,952,950,931,951,951,965,966,930,971,951,965,949,935,958,946,943,959,953,967,944,938,933,964,941,935,921,939,917,955,946,940,975,936,933,944,968,940,989,960,952,938,949,941,948,971,954,952,929,969,916,953,968,973,953,933,928,960,965,964,963,969,1007,1031,1071,1157,1190,1234,1240,1236,1260,1207,1151,1088,1022,1030,1010,950,954,936,977,951,959,969,948,943,931,970,944,946,941,963,921,955,944,952,939,939,972,939,931,937,944,946,943,965,953,925,954,954,956,979,942,947,948,953,960,944,957,955,966,930,933,946,934,937,964,966,953,953,963,942,959,933,950,957,940,943,947,926,947,941,960,962,967,933,945,943,931,924,944,965,942,950,973,960,933,980,943,939,959,972,940,0
951,967,905,949,961,947,957,924,950,954,969,931,951,950,958,938,926,942,976,932,950,978,942,952,965,963,945,924,932,954,949,970,966,934,936,962,947,963,944,933,954,942,941,937,969,970,974,951,936,954,953,947,947,950,935,969,980,950,986,946,950,967,965,936,940,953,966,932,939,965,946,934,898,942,935,930,967,953,959,959,932,959,973,940,967,989,1003,1046,1080,1142,1165,1219,1265,1217,1224,1184,1156,1089,1060,1003,972,997,942,942,970,932,943,978,947,960,976,930,962,950,961,956,960,957,942,935,938,929,940,951,958,947,958,931,958,977,959,934,953,941,943,981,949,971,988,939,963,971,947,953,927,949,920,938,949,962,954,963,970,953,941,923,924,970,951,918,974,927,957,951,937,937,940,947,938,960,980,943,943,948,955,948,941,947,966,951,954,924,923,958,936,971,969,0
971,955,944,936,955,931,953,928,940,945,950,970,952,944,923,926,974,987,928,960,982,957,952,957,963,949,947,961,932,949,956,927,955,945,952,962,953,949,978,964,972,954,939,926,919,925,925,959,968,936,939,960,950,944,947,946,957,952,957,944,947,952,945,932,932,973,942,948,942,948,952,945,944,938,976,930,957,938,922,943,946,960,908,962,948,982,991,1044,1109,1136,1193,1194,1234,1240,1199,1196,1146,1126,1060,1011,992,964,962,957,942,958,944,953,921,942,922,952,951,949,944,932,919,939,957,924,941,944,973,930,933,953,964,955,965,951,936,931,979,941,951,943,934,926,963,985,935,921,929,940,941,944,919,972,947,945,966,922,966,937,921,946,922,955,928,965,944,954,943,966,952,949,957,945,923,920,940,942,934,931,942,933,956,936,943,951,927,931,951,935,953,951,949,0
966,948,958,973,945,976,951,967,941,947,967,930,951,965,966,931,955,957,948,963,939,941,986,942,953,958,947,944,939,958,928,942,944,944,948,960,951,937,951,924,964,952,931,948,934,945,944,947,954,937,935,957,951,937,940,953,946,939,941,962,941,968,935,960,956,985,944,936,971,959,972,952,948,955,919,955,960,947,940,943,962,965,934,958,950,979,1020,1034,1092,1143,1159,1248,1226,1232,1253,1201,1122,1075,1048,1016,1010,951,963,943,922,934,963,936,960,934,965,936,921,956,944,972,979,960,948,949,971,956,949,969,977,966,937,936,960,955,964,951,948,969,950,922,954,942,922,936,959,929,967,934,923,937,954,932,921,935,959,933,960,946,922,942,946,946,944,945,946,988,948,940,960,954,948,943,945,924,927,948,960,940,937,937,928,918,955,921,930,930,965,953,943,940,960,0
931,935,980,960,944,931,945,924,953,948,937,961,946,938,957,949,944,959,950,966,942,947,948,947,976,940,944,938,968,954,932,946,969,944,957,948,935,953,943,968,959,950,939,949,944,965,939,961,940,961,946,915,944,945,950,940,958,947,950,948,933,958,935,937,960,964,946,951,923,962,938,954,941,967,964,834,856,852,862,834,844,811,801,795,772,788,739,754,750,735,734,754,724,736,732,731,751,751,749,772,775,785,782,832,789,812,839,874,849,847,851,963,971,940,943,933,931,944,971,950,928,944,953,940,960,949,974,943,945,938,957,955,954,954,925,943,952,954,936,965,960,970,943,944,971,941,945,914,952,960,983,950,939,925,963,964,931,950,983,954,956,971,944,938,931,963,963,930,950,952,959,942,952,924,973,940,948,939,954,952,955,944,967,942,968,930,946,1
960,948,949,933,939,941,934,945,936,979,969,943,964,982,974,919,934,941,946,946,961,969,963,959,948,935,955,953,935,936,950,971,939,950,920,969,957,955,945,951,953,935,952,936,966,975,975,952,958,946,959,958,939,967,957,942,959,926,949,968,929,968,974,954,966,950,926,950,956,955,947,937,961,981,970,939,961,941,964,943,964,963,910,957,965,980,1010,1042,1078,1130,1184,1224,1245,1244,1236,1187,1124,1107,1048,1028,956,964,954,973,955,943,968,938,939,960,931,957,941,983,955,954,946,947,935,937,919,948,945,952,946,945,961,959,935,982,940,935,948,944,957,947,911,947,937,946,938,977,954,962,978,950,927,952,917,922,918,959,937,944,950,968,945,952,970,960,974,958,930,973,960,951,984,963,972,981,935,965,963,966,953,942,940,963,954,962,964,970,926,961,957,950,955,0
930,927,949,943,948,959,975,951,978,938,944,949,961,992,949,942,954,962,974,937,958,954,950,964,965,951,957,947,961,943,963,955,957,957,946,958,938,947,961,954,968,960,957,934,947,930,937,943,955,957,938,946,932,920,922,953,946,961,952,945,972,972,934,943,959,954,974,948,955,946,952,933,970,966,956,966,943,948,957,958,957,966,932,963,969,1002,1020,1064,1095,1140,1183,1232,1271,1255,1221,1170,1137,1091,1032,1017,983,985,964,937,943,959,940,932,939,956,935,949,931,952,942,952,950,951,924,959,945,932,944,978,924,956,960,952,976,962,937,940,939,956,964,954,940,941,947,946,939,937,939,940,971,960,957,923,966,949,948,954,963,938,942,940,951,924,937,941,947,950,946,953,945,924,958,945,948,948,950,939,956,941,944,950,962,974,939,959,957,931,931,945,927,953,960,0
971,953,950,946,944,942,927,966,951,962,926,956,936,953,951,960,947,932,962,958,938,971,972,960,966,941,935,956,974,968,950,953,958,920,920,943,964,933,951,937,938,950,949,947,972,951,936,964,968,962,971,933,939,950,940,940,952,977,938,946,947,946,937,962,963,929,952,944,955,961,934,965,938,930,980,1054,1085,1112,1121,1161,1155,1164,1216,1237,1258,1236,1268,1287,1299,1273,1316,1328,1324,1299,1306,1322,1297,1278,1284,1272,1266,1251,1187,1198,1176,1142,1141,1109,1102,1101,1065,938,947,945,959,949,946,943,972,947,951,947,916,945,950,941,975,944,945,924,956,948,962,951,957,962,946,957,981,920,930,952,935,955,962,960,922,947,965,956,951,921,940,936,960,969,950,955,948,939,952,940,978,930,932,936,920,956,976,944,944,930,960,936,957,969,963,937,984,959,966,928,956,930,956,966,966,1
935,946,926,938,953,948,961,926,951,959,952,940,927,965,938,939,959,915,968,952,928,938,954,943,972,933,944,951,949,954,950,956,933,905,936,914,955,962,972,949,977,963,967,938,947,927,935,944,944,960,963,955,929,948,953,959,940,963,938,970,939,951,942,948,936,971,943,952,943,947,930,957,975,932,942,839,891,862,867,850,825,817,804,776,746,790,751,755,737,733,765,714,772,705,722,717,717,732,731,766,806,786,776,785,814,825,848,841,849,879,834,943,909,942,971,934,952,952,933,960,938,947,941,944,948,941,929,966,949,929,939,966,953,958,973,973,948,955,921,942,970,963,963,924,949,959,944,935,891,934,953,923,963,938,942,964,968,922,949,971,963,942,950,952,966,944,989,941,970,960,928,960,942,955,926,972,964,953,943,964,956,967,960,955,933,971,946,1
948,938,947,954,934,908,926,955,941,943,965,957,956,944,951,955,943,995,947,960,959,952,972,956,965,945,954,971,935,959,920,944,964,953,935,943,948,950,934,944,955,947,957,954,946,961,950,967,965,937,954,947,945,951,936,931,962,958,916,934,918,954,957,965,984,940,935,942,950,961,933,972,946,961,936,1079,1107,1106,1091,1143,1152,1167,1192,1223,1232,1245,1239,1284,1246,1310,1319,1279,1311,1314,1331,1296,1292,1262,1269,1265,1231,1251,1197,1179,1162,1167,1131,1121,1101,1065,1089,954,953,955,974,954,940,959,980,971,966,931,969,960,950,968,942,956,930,980,981,937,964,924,955,973,982,970,949,972,966,942,921,949,945,977,934,955,962,950,939,924,942,969,961,954,963,967,919,942,961,972,957,958,943,948,956,952,949,916,962,957,942,951,965,955,962,951,939,934,960,968,960,941,947,962,960,1
949,962,953,941,958,947,934,986,955,984,975,963,944,961,962,970,973,946,903,958,930,947,937,969,943,913,974,963,955,929,969,938,957,957,953,957,933,973,959,968,951,957,932,953,958,947,953,937,949,939,958,953,934,951,968,951,910,948,944,966,942,946,971,967,968,960,946,958,949,936,952,959,946,937,953,932,977,936,940,965,940,956,936,946,974,976,1025,1054,1092,1161,1177,1222,1238,1248,1228,1162,1136,1065,1054,997,971,973,929,934,950,950,930,957,952,963,928,951,970,947,985,954,943,939,917,925,939,969,934,977,948,942,946,967,964,951,946,931,920,940,938,943,949,958,963,954,941,948,956,964,950,976,958,949,935,958,926,955,946,942,898,954,949,985,943,937,966,988,960,956,922,940,966,953,949,939,962,953,945,955,950,946,970,939,965,953,958,967,928,957,945,965,957,0
971,960,941,930,949,930,930,967,954,942,958,965,950,955,945,965,956,963,953,930,944,947,972,949,969,932,956,934,946,906,962,943,937,956,975,940,941,943,927,936,957,941,955,962,941,955,948,941,968,938,944,968,916,931,944,941,974,926,964,964,947,939,968,957,931,930,965,941,965,947,944,941,951,947,947,944,944,958,951,951,966,958,958,930,989,991,1015,1049,1079,1141,1187,1218,1248,1242,1222,1187,1146,1077,1033,976,999,974,949,931,943,963,929,958,966,971,945,928,949,944,969,966,941,927,975,944,955,951,956,965,957,939,960,941,952,941,944,967,968,955,950,958,964,935,947,957,956,954,951,949,950,952,942,934,974,975,943,928,955,933,931,957,950,943,971,973,941,993,923,936,948,964,938,957,954,946,950,969,915,959,957,945,912,975,930,929,930,982,983,969,964,959,940,0
946,934,957,943,948,959,935,964,947,945,975,940,944,946,961,985,940,938,936,962,971,917,951,950,958,969,926,992,955,942,947,947,905,961,956,944,943,979,951,936,957,949,946,930,948,944,965,952,938,935,995,976,978,942,942,946,928,935,970,968,935,978,910,950,942,950,975,963,956,964,951,943,931,981,935,1013,1013,1046,1040,1056,1045,1083,1082,1064,1105,1069,1112,1079,1120,1123,1145,1132,1117,1142,1112,1125,1124,1123,1080,1070,1093,1081,1089,1091,1064,1026,1051,1040,1001,1014,1017,963,947,947,930,921,942,957,962,945,960,958,941,932,957,946,967,951,967,957,950,940,937,938,960,955,948,934,934,944,960,959,946,976,972,935,913,976,976,941,940,959,944,916,948,957,971,947,941,945,942,937,957,973,958,941,974,943,967,952,939,957,933,976,959,942,976,945,930,961,956,944,936,933,968,929,963,1
963,936,964,971,934,953,942,945,943,957,971,967,953,928,949,941,932,958,967,951,941,953,937,941,944,955,980,953,945,955,941,950,951,942,936,923,976,964,955,942,946,948,942,946,955,966,944,931,921,975,933,951,965,933,963,941,943,941,945,928,948,948,942,949,938,973,945,952,954,933,970,942,957,974,932,963,943,927,946,949,948,963,945,944,967,1003,987,1038,1087,1153,1185,1217,1236,1258,1253,1173,1162,1077,1052,1029,999,957,948,964,921,935,939,954,939,948,935,967,945,954,932,944,939,942,936,956,965,955,942,944,954,927,939,962,940,948,952,979,928,939,966,963,973,956,958,971,924,942,918,956,949,960,963,938,967,965,952,942,949,958,949,948,946,956,946,956,965,925,949,927,945,945,990,951,964,935,953,984,972,952,926,956,939,937,941,974,928,940,925,933,962,909,978,0
931,967,942,933,951,937,959,922,955,956,930,956,975,928,929,945,975,945,974,965,948,941,953,936,936,965,944,955,959,967,973,959,972,948,948,962,968,974,949,953,950,949,942,950,942,968,970,957,956,972,919,945,935,917,930,918,922,935,943,965,903,967,957,965,953,964,954,952,944,951,950,951,936,932,977,886,858,876,856,838,835,818,809,807,807,784,770,760,752,720,751,755,730,753,732,729,722,766,737,760,775,767,776,790,808,833,828,819,852,884,877,961,966,944,943,971,972,963,956,924,950,944,960,947,976,936,939,959,952,949,923,968,946,971,952,937,934,941,959,945,960,966,951,961,945,930,956,983,954,940,974,940,949,962,930,954,936,934,941,944,934,957,951,970,962,960,956,963,955,940,953,980,930,955,939,947,934,932,919,936,976,957,944,930,926,936,924,1
929,955,962,943,978,923,959,965,970,947,956,939,934,974,942,965,958,940,973,953,965,967,947,946,970,957,949,961,961,958,954,944,960,938,944,934,967,942,972,948,952,945,907,946,943,932,940,955,942,933,932,955,954,945,962,966,944,958,938,982,949,933,947,963,965,948,964,941,945,951,933,935,979,968,927,957,964,943,944,925,935,954,972,929,983,992,1002,1048,1111,1148,1190,1233,1226,1257,1225,1172,1150,1098,1044,972,971,955,935,972,917,935,927,946,938,949,952,927,963,934,954,957,915,947,951,941,973,974,933,945,969,950,916,949,921,986,979,937,935,949,970,942,976,938,935,929,978,952,957,952,956,961,956,943,970,980,937,948,943,938,957,944,943,936,958,952,978,940,941,954,925,939,958,933,949,947,971,937,954,947,959,945,959,935,957,962,939,943,943,947,936,957,976,0
958,947,938,945,958,963,982,963,962,937,962,947,946,937,952,939,951,939,968,954,957,926,932,949,977,956,948,951,958,941,937,970,924,943,939,907,966,956,958,965,973,953,937,921,942,949,942,933,943,928,988,948,970,933,937,942,965,932,942,949,944,949,987,961,960,944,945,979,948,951,947,947,931,977,912,978,945,951,935,975,961,969,927,966,981,1010,1011,1031,1098,1137,1193,1223,1266,1228,1193,1177,1149,1094,1059,1028,996,968,930,952,939,941,932,940,954,942,942,931,938,917,950,951,952,983,936,976,949,978,927,945,962,963,938,978,950,956,968,951,957,946,929,936,921,965,946,968,963,943,942,938,960,964,907,950,960,957,958,966,945,974,944,948,931,964,951,931,958,955,975,961,946,944,974,944,945,955,942,921,965,954,971,945,965,936,979,945,942,946,962,938,946,960,930,0
932,948,963,932,951,961,962,953,959,964,939,935,952,972,948,987,947,949,932,953,963,950,946,931,929,930,956,968,953,956,967,947,951,960,922,947,969,938,951,966,960,948,975,958,919,937,974,945,949,955,929,933,936,953,925,962,928,926,959,935,944,938,919,967,959,951,958,949,952,926,955,948,926,976,921,1076,1083,1087,1120,1127,1169,1178,1212,1216,1234,1232,1259,1283,1294,1281,1297,1277,1294,1293,1314,1309,1304,1285,1286,1249,1234,1205,1224,1204,1181,1180,1144,1121,1103,1101,1058,937,940,952,959,916,959,946,930,961,954,934,960,935,968,963,940,924,974,950,939,945,955,945,938,962,939,949,972,953,954,954,944,982,953,939,948,950,942,946,939,954,910,952,932,962,944,940,955,939,921,932,981,948,950,926,954,957,932,962,949,967,952,950,954,953,935,913,963,936,966,959,957,940,961,956,945,1
948,975,943,938,934,957,948,955,954,947,960,942,929,938,961,926,923,944,952,953,937,957,955,953,948,952,957,944,972,955,952,954,947,964,963,952,985,963,952,960,935,961,936,975,929,947,945,923,970,956,952,958,954,927,947,969,922,972,946,935,946,960,969,956,942,940,964,949,963,953,969,914,946,939,951,887,869,870,879,843,799,829,807,794,787,766,783,745,749,727,732,739,738,730,784,750,727,740,739,773,778,780,775,810,809,785,823,837,844,865,887,964,941,920,971,943,946,966,980,929,986,958,944,973,932,952,959,964,931,939,929,989,970,954,954,962,930,945,950,923,929,932,963,962,953,961,958,944,936,946,925,967,952,965,979,953,964,953,951,967,951,946,952,939,949,952,945,952,950,964,934,966,935,958,960,911,956,916,961,962,957,918,956,970,932,929,952,1
972,946,967,955,915,932,965,975,947,933,939,977,937,951,940,955,957,962,934,987,968,934,958,954,967,949,962,964,930,942,953,934,942,993,947,934,962,955,937,949,961,936,965,958,959,959,939,933,944,945,931,956,972,929,950,951,947,973,962,940,980,948,936,977,947,951,934,947,939,954,973,983,940,971,949,865,878,876,843,847,804,801,809,779,807,805,766,755,740,748,748,746,745,721,724,729,744,770,751,764,783,804,795,785,815,805,860,854,874,886,868,934,983,964,951,923,948,933,945,943,970,919,949,903,935,955,949,958,956,938,972,954,960,932,963,955,951,961,933,964,961,951,953,967,966,959,951,949,931,926,960,938,967,945,964,916,953,933,938,969,948,974,980,927,952,955,956,949,943,954,970,959,951,958,987,946,981,963,952,950,936,970,974,963,960,938,946,1
968,966,968,941,962,947,946,922,945,944,949,937,964,932,936,930,955,956,960,957,926,930,955,953,952,918,934,965,939,953,982,934,944,967,953,945,958,957,957,940,948,934,970,943,934,906,965,968,957,934,960,906,978,943,957,954,968,963,938,972,958,926,968,942,936,927,958,951,969,964,940,958,941,964,925,890,863,863,833,836,824,792,789,749,798,771,763,724,732,748,737,731,757,737,753,751,756,753,750,774,759,782,801,778,810,833,832,838,840,859,889,946,942,939,943,920,937,929,949,938,967,947,933,952,944,944,945,964,959,964,965,954,963,938,971,944,939,952,935,967,934,954,946,939,935,955,977,958,935,925,966,966,932,942,956,926,956,952,947,967,943,958,950,973,918,917,945,948,947,950,968,978,954,953,961,968,943,956,952,924,949,942,944,953,940,932,934,1
972,962,941,936,984,949,959,957,975,937,953,925,955,927,958,924,915,927,975,977,932,980,946,932,967,931,959,935,966,943,973,939,956,937,922,960,955,933,933,957,955,978,943,962,964,993,962,946,957,972,953,934,948,963,948,935,940,917,949,921,950,984,963,967,975,958,951,941,943,969,941,942,940,949,976,873,908,877,850,845,807,815,802,784,787,754,750,766,725,740,755,768,727,729,744,753,758,729,743,729,753,780,814,800,833,805,829,825,860,880,892,959,958,968,957,952,966,972,963,925,969,967,960,975,950,948,957,959,967,945,950,950,982,940,966,977,967,971,945,975,938,968,943,937,979,921,973,964,935,925,934,946,960,958,918,923,967,954,938,930,953,942,941,979,926,974,932,954,955,949,939,957,980,984,957,951,948,944,956,947,946,938,948,958,966,940,947,1
944,897,949,957,951,974,924,986,960,948,958,942,962,924,987,950,980,939,967,932,955,931,946,960,949,903,941,949,952,939,941,957,966,952,961,929,955,945,924,963,982,957,959,941,952,929,937,966,925,945,968,938,950,951,936,971,948,943,964,962,923,959,943,923,931,949,933,938,932,941,953,951,948,898,952,882,854,871,828,855,833,801,784,824,761,768,770,754,761,751,745,723,763,743,728,719,748,760,769,775,772,781,802,802,837,832,839,820,865,869,865,923,960,944,939,961,951,967,980,936,950,955,959,938,946,949,939,919,957,943,947,965,957,943,937,963,949,951,936,939,946,945,949,938,955,931,912,954,938,931,907,940,944,942,961,955,953,956,947,935,953,978,923,934,932,968,921,936,957,962,936,947,970,930,957,963,961,927,964,948,918,948,971,929,926,965,941,1
953,947,952,948,952,947,983,953,934,943,966,955,968,958,932,963,965,941,953,947,938,947,959,939,964,929,945,957,950,927,928,970,951,939,965,944,956,923,963,961,961,987,964,931,948,963,944,943,942,941,976,960,943,955,950,962,944,941,959,936,963,963,951,950,950,958,926,960,956,960,980,955,967,939,909,959,956,958,946,939,943,917,980,954,978,988,1029,1051,1087,1130,1172,1201,1240,1237,1229,1158,1144,1095,1072,1015,975,992,960,979,961,953,932,971,968,985,964,969,966,958,943,946,946,955,946,951,924,956,943,954,925,942,933,955,926,937,930,936,952,951,955,962,962,972,989,915,946,944,955,914,958,935,964,957,935,955,924,948,951,943,948,937,963,944,950,951,941,949,942,967,951,953,945,955,926,971,966,956,956,934,956,941,966,926,954,977,924,923,931,951,952,952,939,0
970,930,918,948,946,958,972,942,942,968,953,938,976,955,946,949,945,945,919,953,932,955,939,972,968,959,935,936,961,948,955,969,967,957,955,950,965,956,945,931,951,935,944,1003,925,954,963,961,962,959,942,963,975,957,935,968,957,935,954,953,956,921,971,957,956,964,934,943,955,978,942,949,935,936,955,958,927,977,938,951,927,919,950,953,961,1009,981,1061,1099,1149,1206,1217,1266,1261,1217,1183,1130,1063,1041,1000,983,969,935,945,954,942,943,944,968,932,922,934,955,964,970,947,936,939,961,948,972,962,935,969,965,968,937,954,951,924,956,951,961,957,952,940,944,957,911,947,955,942,948,948,921,976,961,954,934,965,959,936,966,951,952,947,923,928,955,945,932,942,925,970,941,956,994,911,955,926,973,942,980,942,924,939,974,976,946,959,937,957,943,940,925,940,986,0
951,945,947,943,942,941,935,948,946,955,948,952,958,948,962,929,933,954,940,919,923,922,967,947,966,951,965,960,952,947,961,967,949,973,929,948,957,946,959,951,952,954,940,973,951,966,954,951,951,947,965,967,961,955,954,958,940,939,956,950,965,958,954,935,954,943,984,966,936,942,946,924,947,953,971,880,855,848,868,834,815,781,798,793,813,759,751,741,742,767,746,730,728,761,741,738,760,745,763,749,787,820,808,782,817,831,816,856,854,847,871,933,949,925,935,942,963,949,956,948,919,928,970,948,949,925,982,976,965,948,974,943,968,966,950,948,942,958,934,942,950,944,929,941,964,945,928,941,941,977,955,974,941,934,923,972,925,955,949,927,943,961,937,945,934,951,948,975,951,958,932,926,939,958,914,946,935,932,935,949,949,955,963,960,954,940,969,1
962,967,958,943,940,950,945,946,941,925,960,950,941,907,960,944,961,945,958,952,957,956,951,950,960,969,933,942,943,961,942,930,928,955,981,977,959,962,943,936,936,990,939,966,964,942,953,949,932,935,964,946,959,956,931,950,977,932,939,930,953,974,936,951,982,944,941,959,960,960,964,953,951,947,944,1035,1007,1029,1035,1047,1068,1052,1094,1089,1127,1103,1102,1114,1101,1122,1117,1104,1143,1150,1117,1138,1132,1139,1081,1101,1105,1092,1082,1070,1065,1062,1042,1048,1027,1025,1019,951,961,949,944,940,955,938,920,975,947,959,946,944,940,942,959,952,975,946,966,922,926,987,942,960,948,938,958,947,987,956,907,952,946,978,930,954,946,930,980,941,927,949,945,949,972,949,932,925,957,940,950,950,943,947,951,961,944,973,911,935,930,950,951,942,944,937,956,932,957,967,966,940,961,936,928,1
964,947,965,949,931,969,952,947,931,932,951,960,938,955,948,945,954,930,928,951,966,948,956,956,963,922,927,950,944,969,948,948,973,951,929,944,963,923,945,945,949,944,951,917,973,944,958,946,938,943,945,930,938,971,931,954,942,947,948,927,949,951,961,937,963,946,945,944,945,965,931,962,931,935,951,1069,1079,1130,1126,1136,1152,1189,1189,1205,1230,1245,1267,1253,1297,1315,1293,1286,1295,1307,1317,1312,1300,1271,1282,1273,1246,1239,1230,1182,1167,1149,1152,1124,1107,1095,1059,941,945,951,944,944,930,953,940,955,935,945,947,945,915,919,951,968,955,950,938,933,944,946,965,932,942,927,952,911,957,937,947,939,958,954,960,924,926,931,958,941,930,958,967,938,940,924,954,914,939,921,967,955,951,968,957,963,966,935,950,933,983,966,964,953,946,933,931,969,964,941,928,959,967,952,972,1
942,964,951,966,964,970,953,938,935,938,932,946,952,934,959,950,944,944,940,951,965,960,958,949,959,932,961,933,929,979,939,929,939,950,955,958,960,941,967,941,969,958,944,952,970,911,987,961,946,936,965,960,968,940,933,946,929,948,965,925,964,935,940,938,990,960,965,938,969,935,945,943,965,956,964,1067,1088,1096,1131,1131,1154,1179,1185,1218,1231,1240,1301,1270,1288,1306,1333,1301,1337,1297,1340,1324,1291,1287,1241,1260,1262,1250,1192,1179,1186,1151,1139,1133,1082,1081,1113,953,956,972,927,933,938,969,923,952,942,949,953,945,934,970,902,928,941,950,954,963,946,944,930,918,961,970,951,951,945,978,948,953,938,974,963,957,940,944,942,943,962,924,960,955,936,980,954,953,946,961,973,966,959,967,945,987,950,944,962,978,927,951,958,925,978,961,969,938,951,944,924,949,950,971,951,1
936,945,948,965,958,933,943,938,935,933,950,958,927,961,944,941,997,938,949,957,941,934,937,963,953,971,932,956,943,931,950,921,971,970,947,946,951,949,953,952,965,993,917,965,909,962,930,976,946,934,949,953,958,957,947,941,967,945,958,945,957,976,920,964,936,949,971,961,935,950,929,951,949,928,963,962,977,958,945,936,943,971,949,927,966,969,1000,1026,1097,1134,1181,1221,1257,1254,1225,1169,1108,1087,1042,1010,983,963,959,938,958,962,936,970,959,960,927,941,971,948,946,940,950,950,922,951,947,926,963,937,954,941,930,990,980,972,943,944,962,948,925,959,955,948,939,939,957,967,928,937,956,961,943,951,958,953,951,933,934,961,944,952,940,943,963,929,924,950,946,957,965,955,937,954,950,944,971,938,940,942,946,952,971,952,963,948,959,931,920,930,938,952,955,0
938,945,944,968,954,963,959,947,948,954,965,942,954,944,967,965,962,931,950,958,940,957,967,945,963,947,957,954,964,951,951,964,953,966,945,949,935,941,937,967,944,936,939,953,940,959,938,972,949,973,950,949,929,937,942,961,975,935,979,944,944,957,921,948,973,949,933,933,933,954,902,969,940,991,971,996,1016,1033,1031,1059,1062,1057,1095,1064,1082,1069,1092,1109,1143,1121,1108,1116,1163,1138,1123,1141,1113,1127,1136,1123,1092,1073,1082,1049,1074,1032,1060,1033,1025,1017,1016,937,964,965,954,946,973,968,951,967,952,959,933,940,989,943,946,929,949,953,924,948,961,954,956,958,990,939,926,911,937,916,930,942,959,941,939,954,958,961,963,987,949,953,946,961,961,958,927,969,966,949,946,916,995,950,952,913,964,960,931,963,954,942,934,972,934,963,903,933,932,927,959,942,948,945,970,1
938,965,965,966,954,970,927,957,965,939,969,961,939,963,949,963,939,966,963,962,921,963,964,940,930,948,945,935,958,947,963,961,960,940,952,973,937,941,943,931,930,948,962,930,958,981,942,923,949,980,961,967,965,966,930,913,966,964,928,954,923,942,970,964,944,953,957,916,939,917,964,947,950,933,943,957,974,949,962,941,941,946,932,937,963,971,1020,1026,1073,1131,1194,1222,1229,1216,1209,1194,1133,1061,1064,1002,993,972,927,958,923,974,926,944,960,957,952,946,956,941,958,970,968,942,938,956,953,948,935,931,962,954,947,953,955,964,963,930,927,931,949,949,969,964,917,947,942,935,958,958,960,946,960,958,938,946,947,951,948,941,918,963,953,967,969,928,922,947,975,924,952,937,935,951,950,977,947,950,952,938,942,936,956,972,955,963,949,949,959,956,929,947,962,0
949,950,942,956,966,952,954,955,955,968,966,958,968,958,967,973,939,949,960,942,948,952,929,968,934,934,950,958,938,945,965,963,959,939,938,926,963,978,951,945,931,944,939,954,940,939,945,984,935,940,938,944,951,992,965,971,976,950,958,946,921,952,937,947,945,988,929,928,949,964,917,943,949,954,930,863,869,866,823,829,817,819,812,799,795,777,745,735,746,757,715,718,767,724,750,732,739,733,761,758,773,792,743,787,806,827,845,849,847,832,863,949,950,935,968,957,939,944,974,942,965,919,987,934,942,937,942,930,948,940,944,960,943,921,952,950,970,947,970,957,959,955,964,936,942,951,951,923,935,944,929,945,952,959,928,951,954,954,956,926,961,976,945,953,943,954,931,934,957,975,959,955,977,960,970,964,938,946,965,937,932,939,941,942,952,956,964,1
947,952,922,936,973,968,939,923,959,941,944,960,944,951,953,956,965,953,951,938,954,957,960,973,940,947,948,924,931,957,966,951,938,940,935,970,946,955,947,939,971,925,928,969,941,951,954,970,929,956,927,961,980,962,959,934,959,959,943,956,947,949,927,927,924,966,956,982,961,987,974,948,955,946,930,923,937,936,942,949,953,943,948,933,971,987,1016,1022,1110,1144,1191,1252,1257,1256,1237,1183,1118,1088,1056,992,971,956,942,943,961,930,940,964,931,947,947,952,953,951,934,961,946,917,954,980,962,950,948,958,926,967,961,936,942,954,968,959,928,966,957,972,956,952,943,979,950,951,965,969,943,952,962,933,953,952,934,939,941,941,942,974,950,980,937,975,931,946,962,962,950,946,961,964,951,946,967,946,960,943,979,963,942,932,940,970,937,931,956,961,988,915,966,0
979,949,949,951,946,956,941,959,943,924,946,944,960,952,945,950,928,950,932,942,961,937,945,953,951,945,945,948,931,932,937,963,948,931,937,947,954,962,938,939,964,967,947,948,948,951,945,957,964,925,962,950,928,889,967,920,921,947,956,956,983,923,975,955,956,920,944,947,957,967,958,964,932,956,958,932,971,943,933,963,966,942,944,945,966,977,1013,1044,1082,1124,1203,1218,1256,1231,1229,1197,1134,1100,1049,1005,988,951,952,955,950,970,949,942,936,944,940,944,947,941,942,953,944,929,937,946,956,957,946,965,961,973,964,955,968,955,942,951,958,968,932,913,943,936,951,977,939,945,959,954,930,940,983,938,927,970,959,983,968,934,947,969,943,948,923,967,941,957,967,957,943,952,953,921,935,944,957,953,953,958,942,973,958,965,938,943,944,950,976,958,946,945,938,0
941,938,939,924,948,955,933,938,928,943,961,982,936,937,930,930,926,932,935,952,952,944,949,951,974,940,954,936,968,950,952,939,935,952,979,963,945,945,944,960,940,939,942,942,984,919,949,952,941,924,924,958,952,960,968,979,935,969,954,958,941,940,941,956,959,954,941,921,961,958,943,938,944,942,941,941,972,953,962,944,971,976,979,935,976,998,1013,1042,1065,1135,1198,1244,1245,1252,1219,1182,1147,1087,1045,1021,975,994,930,975,982,980,939,931,949,940,945,942,969,937,971,944,953,953,922,931,976,945,966,955,943,974,941,932,959,954,955,985,953,937,938,928,917,984,923,962,943,965,955,933,955,946,982,963,941,940,951,935,958,941,956,923,945,937,955,953,980,920,966,941,926,947,967,936,928,928,947,959,936,959,968,940,950,963,928,937,972,939,959,929,950,956,926,0
953,959,968,938,968,955,960,954,932,948,932,953,950,966,963,932,941,946,945,926,955,952,932,945,967,969,970,935,912,979,952,940,972,929,951,952,958,961,947,947,950,951,944,947,937,973,985,956,930,970,917,950,938,974,950,963,952,972,952,931,951,950,959,951,949,940,920,943,979,952,974,971,975,945,937,1064,1098,1105,1133,1159,1154,1171,1214,1214,1238,1233,1257,1269,1273,1288,1292,1317,1324,1303,1303,1287,1295,1295,1269,1250,1256,1236,1200,1174,1182,1172,1132,1143,1105,1075,1064,954,963,939,935,969,927,955,940,932,944,948,935,939,955,949,934,957,967,952,969,969,944,938,941,942,921,935,959,957,957,948,938,952,936,928,960,943,951,951,939,943,950,984,949,950,943,956,936,922,972,943,969,956,938,944,962,975,948,976,959,959,956,944,959,963,937,976,962,966,943,955,941,954,966,951,961,1
946,959,975,973,905,970,938,944,958,935,957,933,932,949,962,941,931,950,964,935,937,968,946,972,938,942,924,971,960,965,964,943,975,931,964,943,953,966,958,959,950,940,945,940,938,970,958,960,966,935,931,922,953,966,952,946,926,942,962,932,974,945,938,929,949,971,946,955,981,956,966,951,947,931,918,877,879,854,854,862,840,789,801,811,791,781,761,770,757,733,738,698,731,752,749,725,765,758,753,774,767,758,758,798,775,803,840,809,882,861,882,950,965,920,950,977,901,954,977,945,947,947,945,943,920,950,936,936,950,948,947,958,941,937,946,975,940,957,964,946,946,954,959,956,974,926,968,958,946,943,953,950,972,966,948,952,937,965,939,928,961,950,937,960,953,965,953,933,936,946,957,956,946,959,964,964,960,942,967,983,959,950,937,954,965,943,938,1
927,945,963,934,944,927,940,950,942,947,949,940,946,966,965,955,933,950,948,959,982,944,948,959,926,958,927,958,965,958,926,961,941,962,933,970,966,909,973,925,968,969,935,964,961,951,955,955,955,967,938,925,955,941,960,941,961,986,957,948,964,968,949,983,958,955,952,951,952,958,956,933,962,955,928,1068,1098,1105,1111,1146,1162,1176,1190,1194,1215,1253,1263,1259,1279,1311,1303,1307,1292,1319,1291,1306,1300,1281,1273,1232,1248,1234,1183,1185,1156,1150,1153,1138,1079,1080,1074,942,917,951,961,969,935,954,971,929,961,936,957,952,919,968,931,934,941,948,950,952,937,960,953,944,928,953,942,956,959,949,932,945,945,934,956,951,932,942,938,933,951,936,929,946,920,970,947,967,946,944,960,942,956,951,939,943,909,926,959,974,964,949,932,927,929,949,995,964,949,968,946,936,943,933,958,1
947,959,946,948,932,942,960,958,925,953,948,950,947,929,944,970,965,933,950,955,927,922,951,962,963,977,955,970,966,948,965,964,917,972,924,959,971,951,942,949,951,971,938,953,955,934,957,957,944,945,939,933,962,947,954,939,920,938,947,946,949,954,937,898,937,929,941,961,966,968,928,932,942,948,945,980,932,969,942,970,956,975,972,957,979,964,1021,1057,1082,1168,1205,1195,1228,1261,1233,1182,1137,1075,1073,971,978,976,959,960,949,947,956,939,932,956,953,938,956,963,963,959,970,957,943,937,936,972,948,931,941,960,950,933,962,957,964,948,960,936,952,959,959,956,952,971,945,971,948,945,925,952,929,964,946,935,951,950,972,954,948,952,926,966,952,964,958,957,938,939,946,960,949,973,960,930,975,957,971,953,948,945,939,940,944,973,952,922,951,923,936,930,958,0
949,942,956,957,934,916,925,961,961,941,943,930,924,949,939,923,960,933,948,965,939,950,964,914,966,975,968,935,960,938,952,937,941,944,959,946,963,981,937,949,936,945,941,950,964,943,931,953,949,953,962,956,947,938,952,940,927,933,955,919,941,935,943,944,962,938,939,930,958,929,952,951,918,964,947,958,965,964,951,932,937,965,930,950,990,977,1010,1036,1092,1149,1222,1231,1232,1247,1218,1184,1139,1088,1057,1025,967,959,988,960,957,936,992,953,941,940,964,957,967,949,950,949,946,943,953,962,930,968,935,935,955,955,938,949,932,946,958,937,965,954,954,928,959,964,943,969,973,956,957,931,936,951,958,938,949,933,939,939,911,929,959,945,948,946,953,997,951,938,989,907,966,946,963,948,949,961,930,968,942,966,955,949,974,975,955,968,956,907,925,940,961,943,966,0
966,940,963,956,960,934,956,973,953,946,938,932,913,942,953,961,939,929,948,952,938,935,943,950,970,929,952,939,953,983,974,957,966,968,957,925,936,956,950,958,930,948,945,937,949,955,944,958,960,956,945,948,941,956,922,960,967,956,962,950,938,932,960,954,953,942,965,938,940,945,945,977,952,976,940,908,954,955,973,969,944,928,962,935,959,1010,1017,1050,1090,1154,1167,1244,1249,1269,1231,1208,1171,1086,1037,1037,966,982,938,940,945,950,943,935,941,949,954,966,937,970,939,938,941,966,944,950,930,933,944,933,932,983,974,959,951,951,928,963,957,953,942,906,937,958,963,938,966,936,934,976,955,987,947,962,922,974,960,940,956,950,955,954,924,954,942,930,969,933,959,962,952,960,988,934,940,949,954,920,951,945,951,941,941,939,922,968,958,974,947,965,977,947,957,0
917,979,953,945,948,971,942,962,946,971,940,962,946,932,953,952,961,935,952,961,936,968,971,944,937,951,955,949,928,965,946,938,938,974,924,931,950,933,998,954,962,943,961,943,947,958,966,942,958,931,936,984,971,927,969,945,946,939,964,926,991,957,958,925,947,956,968,959,922,947,964,951,949,959,928,952,970,947,967,945,930,949,978,936,957,1038,998,1056,1081,1153,1200,1214,1272,1228,1233,1201,1131,1083,1050,974,980,950,960,921,967,970,952,953,954,974,944,942,965,970,954,947,970,943,946,968,970,943,960,935,932,952,951,934,919,946,922,953,950,923,989,962,949,947,992,943,920,971,936,924,964,926,942,971,907,957,970,962,963,972,967,940,961,939,940,964,948,940,940,959,943,941,952,961,960,930,970,945,952,946,953,943,934,946,936,942,919,967,939,964,923,936,947,0
959,965,960,967,961,941,948,953,962,947,968,960,962,970,960,950,957,938,938,952,955,956,963,929,947,937,934,932,950,957,944,950,950,943,929,956,955,927,929,940,970,920,975,954,947,951,961,947,951,971,948,954,967,957,963,965,961,972,978,947,932,941,966,933,966,929,941,956,958,965,935,955,968,969,931,1009,1012,1026,1015,1027,1037,1032,1091,1092,1083,1087,1083,1111,1118,1121,1128,1146,1152,1138,1128,1155,1123,1124,1117,1097,1096,1089,1079,1068,1062,1045,1032,1014,1037,1039,1009,924,954,958,930,969,937,955,929,941,971,949,924,951,945,936,948,955,969,971,937,944,929,936,955,940,957,949,969,967,931,937,943,951,933,951,964,962,965,965,967,958,950,937,963,962,960,953,941,965,916,952,950,923,945,964,953,949,947,929,947,942,965,944,959,943,922,972,961,946,936,976,949,923,962,945,948,1
961,951,941,929,946,974,952,934,955,951,952,936,947,960,956,958,958,960,943,964,942,932,936,931,948,948,939,962,950,932,921,918,956,972,964,946,950,934,943,969,962,923,970,938,959,959,958,964,957,943,933,933,912,963,957,925,964,945,955,950,946,966,940,943,941,937,926,956,940,935,933,943,941,952,925,946,954,971,922,958,926,965,958,937,949,976,981,1023,1110,1133,1175,1208,1260,1228,1222,1195,1148,1075,1060,1001,998,978,964,925,930,938,935,913,939,954,952,957,975,926,938,963,944,926,958,968,957,957,948,944,945,946,942,953,976,938,955,932,923,938,938,951,969,945,930,938,931,941,940,948,970,951,965,961,973,973,931,965,960,937,942,952,960,953,958,942,951,956,958,947,968,965,929,958,950,938,925,932,948,930,952,950,972,943,941,957,941,955,950,944,952,953,952,0
964,945,962,943,949,932,943,962,948,949,949,936,967,951,974,947,938,953,968,962,947,962,985,966,958,940,944,942,953,981,944,963,966,963,977,965,963,933,953,936,935,969,957,932,978,951,932,944,968,961,961,932,939,948,918,972,973,968,926,943,956,956,960,942,948,945,957,950,954,945,966,951,957,958,983,937,962,963,925,942,957,943,958,953,982,995,1015,1034,1090,1129,1157,1226,1249,1252,1203,1208,1154,1089,1028,1010,983,970,946,969,955,956,950,955,952,948,957,950,960,955,941,951,955,944,947,972,951,946,943,940,951,934,971,930,937,951,961,947,953,978,959,957,943,959,939,941,961,938,950,941,949,973,972,951,964,945,965,940,951,942,939,918,956,952,940,952,971,940,926,967,945,947,932,939,973,972,939,954,968,951,929,955,941,957,932,926,941,934,970,969,973,958,934,0
937,959,981,966,970,947,940,958,970,953,957,943,947,948,935,928,952,944,948,933,965,960,962,964,938,947,945,945,930,944,953,945,942,936,953,967,962,952,928,955,946,955,937,964,959,951,958,952,936,955,975,959,951,959,937,965,954,986,941,946,942,955,968,954,946,939,944,948,950,933,933,946,956,945,951,935,948,944,984,958,946,917,941,948,975,953,985,1047,1068,1136,1198,1206,1272,1244,1235,1191,1145,1095,1016,1003,1001,970,979,939,955,964,951,918,963,947,971,921,960,945,958,930,957,964,961,966,942,980,916,951,951,941,965,931,967,955,946,937,931,975,955,947,927,951,946,955,929,967,930,964,972,929,939,928,979,947,950,954,973,963,936,942,957,952,903,952,932,956,922,950,941,960,957,952,944,960,918,932,970,951,956,965,936,927,967,980,952,929,917,919,932,974,956,0
952,953,941,932,906,974,948,966,941,945,947,952,974,955,962,950,973,900,964,928,952,955,946,967,949,923,964,951,954,967,939,949,962,956,952,952,921,943,947,964,941,937,926,929,927,929,973,935,967,952,944,976,962,955,961,922,954,947,959,975,938,942,939,963,963,975,963,939,951,951,930,946,933,952,947,952,933,938,968,925,947,939,961,954,979,995,1011,1066,1102,1139,1185,1216,1263,1236,1240,1152,1151,1070,1039,996,954,958,936,970,978,950,963,945,978,949,937,932,956,944,929,951,982,940,953,958,957,951,956,915,958,934,936,941,946,912,962,932,930,936,927,967,955,944,920,956,944,946,931,981,936,951,954,937,962,930,945,953,938,960,943,915,947,985,969,927,959,955,962,975,959,965,946,957,950,970,947,965,948,936,939,945,957,972,977,944,967,958,936,940,949,930,964,0
959,946,962,942,931,910,936,950,929,953,940,946,942,969,941,918,942,934,953,936,944,930,945,960,940,973,986,951,950,958,944,953,949,972,944,916,979,924,917,957,956,961,933,947,951,932,970,946,906,952,948,947,963,940,948,924,961,936,953,946,941,960,934,961,951,963,950,960,949,954,952,928,956,953,954,957,962,928,945,958,950,965,932,970,962,977,1005,1039,1083,1120,1187,1209,1250,1227,1234,1174,1153,1110,1031,1008,982,958,951,945,960,937,946,958,975,939,944,949,949,957,966,952,951,937,933,936,960,959,967,954,964,957,938,947,931,944,952,956,961,954,949,948,937,927,959,962,936,967,924,941,933,973,916,948,954,932,920,929,947,977,926,971,944,943,944,950,938,946,935,949,935,941,935,967,973,935,984,952,915,928,941,915,939,966,939,937,938,931,944,925,932,955,942,0
986,951,967,934,961,936,958,939,946,953,954,972,956,930,945,943,942,949,945,948,969,942,965,939,949,939,923,933,963,934,955,968,947,940,976,957,944,964,944,950,942,942,949,943,969,948,953,937,960,943,936,966,972,961,933,959,965,949,948,965,935,935,949,965,962,956,963,941,956,983,953,960,972,949,934,937,975,938,917,933,950,923,926,973,968,996,1009,1073,1074,1145,1202,1219,1250,1240,1211,1187,1147,1121,1046,1019,984,979,936,955,936,956,953,966,984,980,939,959,965,966,963,951,942,960,976,951,953,948,947,943,930,943,988,976,950,961,941,943,928,940,944,961,964,942,945,933,958,942,969,975,940,944,963,949,934,967,963,965,944,958,942,923,956,955,938,957,948,940,936,955,978,917,950,955,949,938,946,974,957,944,954,951,960,943,941,954,981,962,954,960,954,968,967,0
954,946,930,969,941,966,952,953,931,955,969,945,976,920,966,983,950,979,953,959,924,920,975,967,947,952,944,939,965,955,963,956,977,960,949,969,936,941,952,961,953,946,918,961,937,956,947,945,986,964,956,938,934,957,969,942,937,973,935,938,964,940,945,972,967,988,927,909,970,954,936,964,949,945,936,1091,1095,1102,1154,1145,1169,1171,1190,1191,1232,1265,1264,1283,1293,1298,1309,1282,1322,1316,1309,1287,1320,1262,1284,1274,1282,1241,1193,1183,1195,1147,1142,1151,1101,1102,1072,956,938,968,964,956,963,930,968,953,921,938,945,949,965,934,946,943,940,971,937,923,941,936,963,958,935,939,946,977,952,966,929,933,952,955,955,971,942,963,961,949,932,942,940,922,941,953,952,973,938,948,953,917,950,952,928,962,962,957,949,961,980,932,937,945,924,937,955,933,933,952,950,958,925,936,950,1
927,958,944,931,926,959,948,957,965,948,975,968,954,929,955,929,952,963,944,932,956,956,945,950,956,946,924,937,975,974,968,961,957,960,941,964,946,934,918,948,960,932,928,939,965,945,931,960,904,983,936,956,983,954,926,939,979,972,946,946,967,953,954,964,957,954,953,944,925,949,963,948,964,949,934,1069,1080,1068,1133,1141,1163,1198,1208,1205,1206,1242,1275,1280,1283,1260,1310,1295,1315,1287,1315,1316,1295,1310,1268,1240,1243,1242,1228,1183,1179,1164,1136,1110,1101,1110,1057,932,932,975,938,931,953,961,955,946,964,929,939,944,939,962,955,953,966,952,979,973,955,935,948,952,956,935,944,945,938,986,943,944,935,944,969,975,955,929,951,942,967,943,960,936,949,939,959,961,973,955,948,949,940,943,978,943,942,965,954,945,956,968,932,971,949,972,948,933,972,931,940,952,961,973,921,1
950,947,933,957,946,940,913,913,957,930,954,950,953,970,952,964,919,951,932,926,968,932,941,952,983,964,969,959,945,913,943,945,961,958,939,955,974,943,961,942,945,949,953,968,947,947,929,944,937,950,967,933,961,944,943,945,945,963,940,958,944,974,945,941,939,941,955,943,985,948,939,944,969,969,953,942,964,909,935,951,949,960,950,947,987,1009,1003,1040,1100,1149,1172,1221,1246,1245,1242,1184,1123,1103,1024,1007,1008,980,957,958,943,943,957,979,971,952,944,978,924,948,930,938,937,949,954,962,917,948,948,955,935,974,957,948,937,927,937,939,921,960,958,952,940,940,935,962,944,959,967,948,959,948,965,971,962,940,952,927,936,957,938,945,934,976,943,985,947,951,945,907,954,950,957,969,947,965,942,944,965,955,942,947,945,948,978,938,949,967,935,952,934,952,944,0
943,947,951,954,963,961,958,968,964,977,932,978,966,967,950,952,968,947,938,962,958,946,962,962,955,948,939,968,950,982,970,938,947,936,946,931,977,944,951,924,929,949,972,964,958,959,932,980,971,970,956,929,986,970,974,975,952,974,955,944,969,952,958,938,956,968,939,943,948,959,952,968,933,972,964,942,961,936,944,968,946,956,949,942,974,968,1016,1059,1093,1143,1193,1231,1264,1264,1226,1187,1134,1077,1029,1014,988,936,970,958,941,956,956,951,955,952,936,933,968,939,978,958,957,963,959,935,921,951,951,932,961,945,992,938,947,957,958,966,942,947,962,956,977,944,931,936,941,962,962,979,964,945,946,946,959,953,967,965,949,954,967,967,983,932,962,950,961,919,932,969,932,950,962,977,964,932,957,962,960,941,943,942,934,964,940,941,923,946,941,910,955,965,957,0
949,943,965,933,936,948,951,953,943,945,895,945,948,943,947,947,936,957,940,938,914,952,956,939,932,958,937,954,945,960,937,939,930,946,960,973,950,947,933,931,970,959,951,983,966,973,931,973,958,959,937,947,959,958,952,934,934,947,925,955,956,959,924,930,927,931,949,969,945,954,951,982,947,939,944,1087,1100,1086,1107,1141,1211,1179,1198,1224,1238,1250,1263,1251,1266,1301,1301,1336,1305,1296,1293,1307,1261,1293,1243,1257,1238,1236,1202,1184,1182,1151,1137,1127,1151,1086,1075,921,976,929,939,929,943,931,947,952,920,930,965,944,939,948,937,937,955,955,948,942,973,964,959,973,933,954,964,945,967,957,940,979,933,926,960,942,960,962,967,926,941,941,945,941,961,956,950,945,956,968,966,964,949,966,954,943,940,961,941,934,930,942,964,948,937,965,952,966,971,972,953,939,958,927,950,1
934,946,954,973,982,957,954,945,943,945,951,938,952,948,924,962,937,942,958,969,977,958,964,940,944,965,947,955,935,957,927,948,955,960,967,943,956,954,957,949,957,923,953,966,937,947,941,940,955,947,971,952,939,938,976,971,955,957,945,951,945,946,929,943,929,940,938,925,937,949,939,933,915,943,956,1095,1092,1114,1134,1150,1159,1201,1193,1205,1224,1244,1244,1289,1259,1286,1291,1289,1312,1291,1285,1323,1272,1294,1260,1260,1255,1238,1197,1196,1161,1170,1146,1118,1122,1082,1110,937,928,929,930,977,959,941,961,925,939,933,929,964,951,946,957,951,972,957,941,951,962,941,940,994,953,945,942,949,955,936,962,942,972,971,948,976,934,952,946,952,968,938,929,949,956,952,932,966,980,949,964,950,917,932,913,958,981,960,949,932,957,948,967,963,951,954,951,964,944,935,926,941,962,931,947,1
943,955,975,936,973,916,922,956,957,943,941,965,986,940,937,962,943,941,977,958,966,964,932,943,941,936,956,935,946,949,947,949,937,976,990,973,954,950,946,933,965,957,959,962,978,975,960,970,957,951,958,952,941,926,948,954,957,961,943,930,953,940,964,966,922,989,962,948,965,957,936,956,951,971,975,972,962,976,959,934,944,941,982,972,965,995,1008,1049,1080,1119,1170,1221,1234,1224,1214,1179,1134,1078,1050,994,999,983,962,935,962,944,952,953,948,960,960,931,916,961,931,950,934,966,962,949,945,937,956,962,948,934,950,953,949,949,959,953,955,971,952,975,965,961,934,946,936,946,934,952,947,949,952,939,957,950,955,934,930,961,922,945,959,918,958,967,967,946,977,946,956,962,940,959,949,957,982,950,951,948,935,934,977,917,931,956,944,925,924,968,933,968,950,0
928,961,942,943,948,941,945,966,971,932,943,949,975,951,955,954,951,957,979,948,956,957,942,942,975,924,935,954,966,939,961,962,948,967,935,924,956,940,930,938,950,968,951,965,947,920,954,938,957,950,968,962,952,945,952,951,944,936,951,952,958,958,912,955,964,957,960,967,942,937,924,936,946,953,938,977,935,937,950,971,978,966,957,940,956,976,1002,1039,1108,1136,1169,1210,1256,1251,1224,1204,1128,1074,1034,1021,973,947,937,938,941,961,937,955,980,928,931,952,947,962,956,935,975,938,943,939,943,957,927,959,924,970,937,945,944,963,967,961,963,956,948,952,978,923,942,943,936,950,923,979,945,944,961,930,949,965,964,930,936,949,909,965,960,964,958,987,929,971,974,963,958,941,942,930,942,966,943,971,963,958,943,931,967,935,942,968,946,936,965,950,938,959,929,0
945,957,968,944,937,945,943,944,986,933,952,957,960,950,936,945,958,951,951,951,981,954,949,935,935,945,970,975,950,955,928,961,966,948,937,953,949,956,950,949,935,968,937,935,950,945,937,953,964,954,950,961,961,932,966,926,970,963,920,952,933,967,928,960,948,927,934,969,909,939,971,944,948,988,931,862,858,842,830,849,826,782,813,781,797,764,769,766,752,722,717,751,713,705,744,763,763,763,762,749,798,782,789,799,809,825,801,852,832,876,858,944,971,945,955,943,952,955,955,972,958,947,927,915,943,943,942,940,954,958,938,944,937,965,952,939,934,958,942,919,930,964,967,941,959,939,965,934,952,940,970,928,957,938,956,951,939,940,1015,936,942,958,957,928,920,971,954,949,965,942,954,959,937,936,954,927,962,952,958,958,932,940,952,946,935,941,944,1
927,966,948,979,940,955,955,947,941,946,956,927,980,935,964,955,943,957,954,977,961,926,939,947,924,939,931,960,939,954,949,938,920,942,973,947,929,950,976,969,924,955,946,985,965,951,973,948,924,985,948,944,967,940,963,951,963,937,944,951,972,956,916,952,951,985,935,948,949,957,947,959,946,949,929,1066,1090,1122,1111,1153,1167,1148,1192,1185,1226,1256,1241,1284,1290,1309,1282,1335,1320,1296,1297,1295,1289,1259,1263,1268,1234,1259,1190,1157,1161,1164,1105,1133,1104,1076,1083,958,932,956,917,958,951,968,954,930,920,966,969,945,962,966,963,947,950,954,955,953,928,913,948,954,936,941,940,950,969,947,957,922,954,949,924,951,962,947,948,946,954,926,933,955,954,951,932,957,967,959,956,957,948,947,923,951,941,944,945,963,934,948,933,965,971,948,959,943,937,952,932,960,951,954,928,1
950,951,960,927,971,972,940,957,925,927,950,958,920,944,935,977,946,954,919,949,951,936,940,941,935,923,954,959,941,949,928,976,967,952,961,966,940,919,949,955,965,949,954,967,936,953,951,950,966,943,931,951,938,947,956,956,948,938,948,947,952,966,945,963,972,944,925,933,956,956,926,964,958,937,949,948,948,949,951,959,935,941,947,943,957,971,1004,1032,1108,1135,1184,1215,1238,1238,1217,1180,1133,1111,1015,1009,982,942,957,942,963,922,960,950,916,952,955,929,945,934,941,975,955,941,956,947,958,953,957,952,962,964,970,949,962,948,933,952,960,963,950,946,961,944,953,955,936,965,918,964,951,946,946,948,948,966,956,963,963,915,937,918,960,904,955,925,937,952,935,947,938,932,935,959,936,974,971,957,947,953,959,950,951,966,928,945,952,953,928,937,933,953,959,0
961,945,928,963,953,937,943,935,985,953,965,969,933,932,953,941,937,960,993,959,933,931,929,910,957,937,950,945,950,964,955,939,962,932,953,964,967,949,956,956,933,963,930,945,948,959,949,960,955,960,945,953,953,947,934,953,938,950,971,943,938,943,933,946,944,946,944,936,963,935,943,927,953,962,968,968,916,961,954,934,935,934,949,966,968,975,1020,1004,1084,1143,1183,1216,1243,1252,1206,1176,1116,1091,1025,976,966,975,949,942,947,945,977,923,969,968,944,954,941,942,948,979,941,931,938,957,968,943,974,957,969,948,947,939,968,968,973,975,949,937,944,941,969,912,931,949,958,952,980,955,928,939,928,942,940,945,949,951,939,909,975,941,985,947,944,934,962,956,960,950,940,947,955,959,946,935,945,956,946,946,935,960,956,928,935,939,942,960,944,971,973,936,945,0
953,939,935,946,958,994,935,959,950,959,949,955,936,969,925,967,952,960,940,946,940,947,978,958,996,934,942,950,968,968,946,949,945,950,953,970,939,932,949,927,926,949,933,959,943,954,934,957,957,938,953,942,946,970,940,936,938,968,967,955,965,953,938,946,955,932,938,964,958,968,982,962,909,972,984,941,959,924,983,944,972,933,950,964,972,1006,1004,1066,1071,1116,1200,1222,1247,1249,1206,1203,1128,1077,1055,1011,988,928,943,924,924,948,922,951,942,955,945,939,941,922,929,929,955,925,939,992,950,927,937,961,934,945,936,943,945,968,944,961,969,965,954,955,975,952,945,951,968,931,950,957,955,949,940,936,933,967,921,950,964,919,941,916,963,948,961,939,965,941,955,948,948,943,947,966,936,932,943,956,942,980,950,938,950,938,946,955,956,960,955,962,957,927,946,0
924,932,940,934,943,950,978,959,931,951,958,966,944,939,931,974,946,952,944,959,951,929,964,937,941,937,933,985,961,962,937,965,938,961,928,951,940,957,974,947,962,963,941,959,940,933,954,953,920,936,956,924,960,965,953,926,946,956,951,941,957,940,921,944,938,930,953,945,944,959,950,935,940,966,919,870,876,843,838,855,823,830,774,786,797,759,754,751,734,761,746,753,708,750,762,727,755,756,753,712,799,771,812,831,817,832,851,852,860,866,896,947,914,932,951,948,978,936,946,934,930,952,948,950,968,965,970,964,938,945,974,934,949,945,945,950,943,968,961,955,941,976,978,973,942,934,947,957,967,961,968,925,946,957,977,955,950,934,957,956,958,927,941,979,957,951,943,951,945,950,938,927,963,948,977,942,954,965,953,960,955,930,944,954,933,910,958,1
932,945,943,955,952,972,938,962,969,942,932,977,971,962,928,940,950,936,952,974,927,937,951,949,946,937,943,961,960,933,929,980,950,928,959,947,951,937,949,939,961,937,956,957,951,963,968,961,955,973,936,943,934,975,948,916,951,930,975,962,962,938,933,944,935,937,926,956,919,961,947,941,947,923,959,1074,1091,1116,1129,1153,1149,1186,1194,1207,1266,1273,1277,1276,1286,1282,1314,1325,1325,1276,1303,1331,1284,1269,1271,1286,1234,1229,1201,1210,1188,1158,1164,1144,1098,1088,1069,940,918,954,939,948,968,937,939,952,949,953,955,968,969,976,949,963,929,958,943,963,940,927,956,950,951,941,949,940,952,957,962,949,975,959,925,952,981,932,923,937,958,933,931,939,960,964,958,928,940,934,962,945,930,949,942,953,946,961,936,919,961,950,952,949,984,967,956,934,961,961,933,960,970,940,979,1
959,958,923,929,934,952,969,971,965,950,953,942,955,967,941,947,948,976,935,944,945,935,919,938,951,926,957,954,947,965,939,956,946,962,962,938,922,927,962,955,960,954,931,946,944,953,912,966,933,928,956,934,947,931,946,972,968,971,962,954,947,937,971,931,938,970,946,951,955,942,962,938,985,935,954,1020,1015,1038,1042,1033,1056,1073,1090,1078,1099,1134,1120,1107,1138,1168,1134,1139,1131,1156,1154,1115,1113,1115,1083,1115,1071,1087,1112,1094,1065,1066,1056,1046,1024,1028,1010,965,953,939,965,950,935,959,923,969,897,937,948,958,992,965,972,964,956,960,940,966,915,934,964,945,958,964,948,981,918,941,934,934,958,932,960,925,956,925,950,933,956,946,931,921,969,946,958,947,964,952,919,956,959,940,964,924,912,949,940,953,931,935,947,930,958,936,925,966,935,920,945,975,947,951,982,1
961,938,941,935,942,924,947,946,965,938,920,926,961,953,952,945,956,973,938,937,939,957,964,930,942,928,966,949,941,980,953,950,952,956,951,945,953,953,930,946,941,957,975,930,957,928,967,944,972,971,942,961,962,931,952,946,950,975,948,954,949,965,967,941,941,923,925,958,940,961,932,951,944,940,924,859,859,838,860,827,824,788,773,791,799,783,781,744,756,739,747,730,769,742,741,713,725,763,774,773,753,753,797,806,812,821,820,838,853,854,899,945,947,954,927,944,922,964,942,940,933,966,966,944,940,957,946,952,943,921,964,937,967,970,951,945,933,951,933,942,943,945,960,951,967,958,932,926,962,950,949,958,963,947,964,969,975,933,933,922,972,955,972,927,964,925,958,948,952,948,958,935,963,943,958,943,936,951,973,918,937,952,966,975,975,934,945,1
956,954,959,931,939,945,960,960,965,970,960,927,939,977,955,945,938,961,963,932,953,926,948,917,941,939,926,949,960,979,959,942,952,959,941,950,984,942,983,913,939,941,946,912,958,957,946,971,948,938,948,929,951,927,938,974,945,925,924,951,942,934,938,952,966,952,947,940,953,966,954,976,947,951,934,977,956,934,930,949,945,919,950,945,957,977,1005,1035,1067,1117,1192,1220,1265,1249,1223,1199,1130,1076,1026,1040,972,954,965,966,964,962,945,982,965,941,944,983,929,952,963,955,962,943,959,954,955,939,942,953,925,923,955,955,944,947,946,948,951,929,927,974,947,987,949,945,972,940,950,965,957,917,947,984,945,949,951,938,941,963,957,955,942,925,948,940,951,931,942,928,954,952,964,948,952,965,953,960,938,954,955,931,949,990,933,935,965,945,947,937,963,938,966,0
976,962,970,928,943,953,921,936,957,976,956,967,951,952,951,939,952,960,940,922,976,947,949,964,967,948,964,940,944,942,967,934,950,919,963,948,932,953,954,963,959,956,945,936,945,944,978,946,952,959,957,946,942,951,941,923,959,920,960,928,958,954,958,940,940,949,931,913,948,950,943,926,944,944,953,858,836,855,842,853,829,814,791,789,760,731,762,752,754,754,733,693,746,747,739,726,732,744,766,770,784,786,814,797,799,812,840,836,852,866,887,934,939,951,944,951,955,948,964,970,934,928,951,947,975,987,951,934,941,947,950,961,954,946,969,959,941,942,966,946,949,948,956,953,933,912,958,952,940,954,934,939,944,966,942,945,962,950,931,937,925,913,979,950,947,951,969,939,957,935,963,928,967,964,933,947,946,949,953,937,961,944,926,963,961,956,949,1
968,974,961,981,941,934,949,963,949,938,935,942,953,944,951,974,960,935,923,940,934,939,928,928,940,978,909,932,982,945,983,959,944,946,954,970,947,957,935,938,945,937,936,975,962,957,955,942,927,941,958,953,942,956,964,950,946,960,972,946,954,924,960,938,925,950,980,950,927,976,938,937,931,970,971,976,967,957,945,958,964,920,952,958,962,1011,1018,1044,1105,1142,1194,1201,1229,1258,1237,1204,1127,1101,1049,1015,983,955,962,980,949,951,955,919,946,927,934,947,955,965,956,937,959,951,948,930,964,957,930,968,943,954,930,931,946,938,945,946,941,925,940,953,921,939,923,934,960,989,970,943,959,921,940,938,959,942,954,963,944,951,966,947,938,939,958,950,946,960,959,978,940,949,956,951,954,960,984,974,957,965,937,939,953,939,931,944,984,945,944,962,926,927,939,0
940,940,940,959,967,958,957,956,966,952,963,911,950,943,961,972,945,962,949,961,972,953,937,935,963,922,945,949,968,928,967,939,953,947,953,958,983,935,947,957,954,971,947,954,957,935,948,955,948,952,952,936,936,941,968,944,938,953,959,957,957,962,945,965,945,941,924,941,968,956,954,960,927,939,940,948,937,950,960,952,973,952,938,956,964,1000,991,996,1071,1119,1196,1227,1243,1258,1216,1186,1149,1064,1048,1009,965,972,945,924,971,949,948,947,936,936,955,939,941,920,945,950,959,944,960,944,905,982,929,962,963,906,978,928,977,938,966,942,962,943,950,941,941,961,947,954,943,987,953,963,937,949,947,955,949,945,941,947,957,918,951,923,960,944,983,943,963,953,935,963,984,953,938,968,931,956,961,943,985,958,947,950,959,949,951,938,936,965,916,945,946,942,935,0
959,949,952,956,972,970,952,920,940,964,978,955,956,952,959,951,934,995,965,942,966,951,947,939,966,950,969,954,971,956,941,963,942,919,931,968,946,950,951,960,920,934,932,968,937,954,961,970,950,964,965,969,935,968,939,916,966,937,928,990,945,944,952,940,914,947,952,919,969,943,956,956,939,937,932,946,921,931,947,956,946,959,944,953,976,980,1007,1039,1077,1160,1177,1219,1235,1256,1250,1203,1148,1084,1045,991,981,977,948,956,963,920,929,929,973,916,960,949,968,972,939,974,942,987,946,949,948,921,944,921,960,966,948,955,950,951,947,919,952,956,952,973,941,952,978,955,957,925,965,946,944,939,939,983,943,946,979,933,958,970,947,942,944,955,924,956,967,946,972,949,975,962,974,946,933,941,953,954,942,972,936,964,952,974,937,941,961,966,990,964,978,946,964,0
927,940,952,938,951,958,935,943,937,971,949,932,989,956,943,950,938,941,932,933,951,948,937,946,925,961,954,959,964,973,947,945,948,930,938,944,931,936,939,964,952,959,937,919,927,944,949,961,946,949,924,956,936,962,939,983,943,944,971,972,963,927,973,952,941,925,944,953,951,956,945,976,939,954,973,957,949,956,964,956,960,930,939,955,973,991,1002,1071,1087,1144,1211,1198,1237,1261,1217,1208,1144,1083,1060,997,978,981,939,936,953,937,942,959,925,927,935,952,965,953,961,949,957,958,948,978,938,983,941,954,927,967,959,926,948,961,931,955,952,951,950,934,959,947,938,938,944,955,954,947,953,962,967,945,924,942,939,964,970,935,955,916,946,964,954,939,941,950,961,953,974,943,951,936,951,951,949,977,944,939,954,932,955,937,969,925,955,981,963,928,936,947,948,0
941,921,934,926,949,938,963,932,972,944,972,939,972,940,985,932,949,930,953,931,945,943,927,948,952,951,952,942,946,950,962,950,932,955,985,947,921,958,950,978,976,946,962,949,955,938,966,972,934,940,990,973,974,950,971,912,946,959,952,956,951,950,967,936,974,939,931,954,939,940,973,967,965,949,961,933,957,954,939,947,928,978,940,964,947,994,1026,1064,1083,1166,1172,1224,1238,1266,1234,1209,1129,1088,1044,1012,986,986,928,954,918,936,954,946,951,936,952,937,936,956,962,967,961,945,953,940,927,935,936,942,928,929,956,977,950,961,983,954,937,956,960,937,924,939,943,936,928,932,956,949,950,964,950,953,944,938,931,970,938,959,963,979,971,945,944,967,972,931,953,951,953,958,971,958,965,964,924,945,940,949,907,952,956,965,958,929,957,945,941,967,963,941,950,0
953,973,934,935,939,968,972,940,909,949,959,938,949,947,941,972,938,938,952,933,939,947,942,965,950,953,934,954,952,960,945,941,943,952,966,960,960,956,941,953,943,936,972,952,952,941,952,959,938,959,974,967,957,941,942,912,934,952,969,962,983,949,958,976,962,954,941,970,973,971,969,969,960,965,939,974,1030,1041,1035,1074,1069,1052,1069,1071,1100,1098,1109,1122,1123,1134,1128,1127,1122,1156,1119,1119,1153,1124,1121,1128,1100,1054,1058,1059,1058,1051,1048,1023,1025,1029,1017,929,936,942,939,950,972,969,974,942,960,923,952,933,957,953,972,952,961,936,939,958,954,935,949,952,950,964,939,934,968,932,937,946,974,942,915,970,953,935,937,965,945,924,969,955,951,933,975,952,946,942,954,978,957,970,959,969,937,927,941,948,965,951,926,938,950,948,961,944,913,930,932,970,967,957,964,1
927,947,933,963,953,971,952,947,957,935,952,943,941,929,957,970,954,947,942,905,949,947,943,959,956,983,942,976,955,978,946,942,925,950,936,949,934,967,942,975,961,961,943,944,983,938,949,964,969,949,949,965,982,954,950,949,946,974,946,961,940,929,962,940,982,945,922,957,936,949,957,946,962,959,950,1101,1074,1100,1136,1150,1171,1187,1199,1224,1229,1232,1261,1281,1279,1304,1301,1303,1309,1321,1329,1309,1279,1260,1287,1264,1244,1228,1218,1218,1185,1156,1143,1114,1104,1094,1091,972,962,951,941,960,955,938,975,931,945,935,952,944,961,941,924,919,930,956,943,937,919,940,977,955,962,960,941,942,943,975,962,962,940,947,987,973,931,955,956,962,961,969,924,949,940,949,957,951,959,965,962,938,949,960,973,961,939,956,940,938,954,959,956,968,963,940,924,961,938,965,948,958,979,952,933,1
967,939,918,957,935,932,934,966,952,955,960,942,958,903,953,942,961,945,937,963,950,946,951,950,967,955,947,971,972,926,972,979,956,937,970,941,968,954,951,966,944,943,963,939,947,966,920,950,968,944,952,943,925,957,982,963,946,963,945,950,939,952,952,955,942,939,967,968,949,950,934,957,953,947,932,876,884,867,839,853,844,833,798,778,772,749,755,759,736,754,737,741,725,729,699,717,753,723,744,772,780,790,773,786,818,794,848,849,829,852,901,986,977,942,971,927,956,939,946,958,931,939,959,931,965,938,938,959,933,952,941,955,955,952,967,948,952,952,960,947,936,943,948,901,959,957,943,946,947,925,961,953,955,956,956,977,957,971,945,961,968,949,929,966,964,939,965,954,973,938,954,950,969,966,934,935,946,935,955,945,942,923,942,953,939,957,948,1
956,953,949,947,946,951,940,959,947,951,965,967,937,931,946,964,936,939,956,940,944,943,946,931,933,950,966,964,966,943,930,964,971,968,930,948,945,914,969,954,945,953,947,940,947,938,983,928,960,924,957,954,934,981,942,942,927,959,936,949,933,928,943,937,933,962,953,921,935,943,960,950,984,931,957,918,945,960,951,940,929,966,956,947,971,994,992,1063,1107,1132,1204,1219,1251,1254,1239,1173,1123,1099,1063,1028,992,971,981,935,987,967,961,959,966,962,946,960,966,964,947,947,948,938,950,937,934,962,976,953,957,957,964,967,958,926,967,935,948,942,932,943,961,958,955,944,949,946,952,943,930,946,986,939,951,961,972,958,965,934,971,958,916,949,946,1000,970,947,962,943,964,931,937,958,950,923,947,935,969,953,970,946,952,933,937,935,992,954,951,954,950,949,926,0
929,943,950,965,936,961,941,933,960,943,938,931,957,944,955,959,935,954,962,947,967,963,939,951,957,954,946,920,947,951,943,939,936,962,941,975,971,966,921,962,940,966,955,915,961,944,934,973,940,944,939,952,959,961,953,950,926,956,951,958,951,945,975,951,936,951,928,940,944,954,967,942,930,940,951,871,895,828,863,837,804,805,798,774,788,801,778,764,739,744,740,725,731,732,736,755,754,758,743,782,774,785,784,797,831,825,817,836,838,887,873,957,956,960,970,966,940,951,927,920,936,952,961,940,938,954,946,944,972,955,961,940,961,934,923,925,971,935,955,973,939,936,926,947,951,946,949,956,936,952,938,963,961,970,957,947,954,930,956,944,951,926,932,949,947,942,941,959,963,932,940,936,972,964,973,977,940,963,941,950,970,957,943,968,932,965,971,1
962,964,925,931,929,925,928,956,943,949,954,948,957,947,964,965,927,954,944,943,974,956,959,960,950,942,960,923,933,946,944,944,948,945,945,958,950,935,934,964,929,971,962,962,929,949,936,955,975,939,949,932,937,950,942,946,955,947,955,961,945,951,969,973,956,936,950,971,947,956,937,936,972,928,941,949,935,944,956,959,937,951,934,952,950,984,994,1067,1096,1157,1175,1223,1240,1222,1226,1173,1146,1060,1039,1000,1006,954,943,918,946,934,961,948,949,960,967,931,924,928,964,954,953,962,924,970,959,952,923,980,975,938,955,952,944,944,956,925,960,961,942,938,954,944,950,957,930,962,950,951,958,952,949,939,948,921,936,947,966,955,930,964,950,952,956,948,935,976,936,942,947,935,935,948,953,967,936,933,960,947,938,977,945,945,960,948,963,973,928,956,941,940,931,0
937,942,954,957,956,926,945,931,969,961,924,988,934,967,954,934,957,956,958,938,962,945,969,959,932,970,957,963,949,951,956,938,963,960,947,947,920,966,938,936,985,968,932,955,935,948,941,950,937,949,960,976,973,934,950,954,954,950,948,944,951,947,936,968,943,967,941,961,952,977,959,953,945,941,971,959,958,944,959,931,925,980,947,950,990,958,1008,1038,1069,1148,1189,1252,1231,1250,1230,1201,1115,1103,1045,1000,971,972,943,953,946,983,965,958,940,954,945,952,949,951,936,940,937,944,947,945,957,965,936,939,958,961,951,944,964,935,950,939,938,951,929,923,928,947,925,955,914,962,933,946,942,942,950,941,935,960,929,953,941,934,944,960,938,938,956,949,955,948,959,935,934,971,951,936,959,957,932,960,935,971,940,930,944,930,957,961,964,939,966,936,930,965,955,0
931,933,958,945,941,956,952,971,951,946,952,949,953,946,930,967,955,951,936,963,947,963,935,943,938,944,944,954,920,954,939,944,993,933,970,962,961,944,954,946,964,938,916,954,946,935,947,943,946,949,971,967,975,948,964,967,938,949,949,917,946,967,938,977,950,939,935,944,974,931,934,979,946,947,935,1079,1086,1113,1147,1149,1150,1182,1199,1218,1229,1253,1255,1271,1312,1315,1303,1287,1326,1319,1266,1289,1274,1293,1283,1259,1251,1223,1226,1194,1180,1160,1160,1125,1106,1093,1062,980,965,947,938,946,958,938,933,951,930,942,952,953,931,915,966,946,970,951,962,943,950,962,956,976,975,953,969,974,963,956,934,963,962,935,955,958,948,961,950,959,936,962,920,967,961,945,952,924,964,968,940,962,946,946,935,957,958,942,949,954,946,981,936,956,960,951,931,957,971,960,953,936,957,971,942,1
949,938,959,943,913,967,950,947,983,918,932,941,950,957,957,969,968,930,952,969,959,957,962,938,966,946,954,942,960,934,964,952,943,916,927,942,937,952,970,955,935,959,945,939,957,943,957,981,959,935,944,941,954,944,931,952,945,965,945,937,968,955,942,965,932,934,932,936,954,965,931,952,971,957,980,843,858,865,823,841,827,804,786,780,758,772,769,732,744,757,717,751,741,731,747,713,765,747,731,766,787,785,796,808,800,816,847,828,826,849,853,949,966,975,948,953,946,946,955,923,932,977,962,956,969,946,919,944,952,935,971,932,953,948,950,956,944,949,968,945,958,951,957,959,941,971,967,933,961,949,947,939,969,962,941,921,965,945,928,934,964,944,946,961,931,943,939,965,934,946,980,959,964,933,936,953,928,943,953,961,941,940,961,966,960,936,943,1
938,952,939,958,943,954,940,949,964,947,916,951,971,986,947,973,950,961,936,977,944,942,941,956,956,963,969,952,959,971,960,963,941,965,935,947,932,931,942,960,933,976,924,948,923,944,960,953,959,965,963,961,950,951,988,946,971,961,945,965,938,923,958,941,938,959,911,941,933,970,950,946,940,967,949,955,951,935,961,924,960,934,957,938,956,1006,1003,1037,1075,1106,1221,1226,1230,1259,1229,1181,1146,1089,1030,1026,985,952,959,953,945,944,966,927,920,985,921,945,943,988,942,962,943,950,967,945,938,958,944,954,953,949,931,940,924,940,959,962,966,961,930,960,945,935,948,959,931,953,980,928,937,961,957,955,971,964,934,943,947,936,966,956,945,927,964,971,958,962,964,942,963,970,951,944,935,953,967,951,958,939,945,952,929,980,960,973,956,936,958,945,941,936,968,0
959,923,959,936,971,936,929,952,923,954,936,955,952,943,954,958,948,949,949,928,918,960,962,969,945,935,959,967,958,974,984,938,945,959,938,938,937,940,945,942,979,954,921,947,951,976,960,943,941,973,973,937,964,929,927,939,969,923,974,963,982,924,934,943,956,920,983,966,936,949,944,936,960,941,941,889,862,867,843,850,829,804,803,787,786,786,762,772,738,756,745,719,715,743,737,757,745,747,746,761,776,784,832,797,803,821,834,843,857,877,871,921,983,926,931,942,965,967,960,960,963,948,954,952,934,948,960,942,953,933,942,938,940,952,953,942,937,925,952,974,940,962,953,926,925,940,964,940,956,954,968,951,956,973,945,918,949,954,966,934,956,943,953,947,951,963,956,933,929,949,942,955,963,966,923,942,914,973,932,953,951,956,938,953,953,958,940,1
937,944,957,949,970,949,955,959,914,941,935,938,948,973,937,961,955,940,980,955,952,954,931,954,936,951,970,941,944,929,932,957,946,934,964,948,966,949,951,948,904,954,943,963,970,971,943,946,939,950,974,938,939,943,956,938,944,932,941,976,956,938,939,946,947,964,949,965,943,942,969,975,952,946,944,926,963,940,930,973,937,957,955,964,938,987,1023,1035,1082,1139,1195,1234,1240,1259,1231,1201,1126,1095,1031,1001,989,989,936,940,962,943,960,954,930,940,959,949,971,963,952,943,947,939,929,951,978,937,933,913,939,938,968,971,961,952,946,976,943,947,969,959,936,962,952,958,964,943,975,938,943,929,968,928,945,942,950,954,958,969,919,972,945,950,958,959,950,956,973,964,962,933,962,979,979,932,951,930,969,960,971,934,925,954,950,963,969,945,914,933,931,943,944,0
958,962,955,929,924,943,942,933,935,939,952,951,945,916,954,941,955,958,935,946,915,956,968,942,956,937,960,935,977,964,947,944,934,962,959,924,939,939,930,950,941,952,945,948,955,959,950,954,945,936,945,946,958,929,931,955,957,918,986,945,934,951,934,953,955,959,937,962,949,965,940,963,940,971,925,940,949,933,943,926,953,932,934,961,969,964,1028,1070,1082,1130,1171,1230,1261,1262,1235,1176,1139,1090,1033,1019,973,968,967,929,929,942,958,946,930,942,950,939,928,960,941,936,936,967,961,939,959,972,932,940,932,968,965,941,934,950,921,969,962,974,974,948,959,956,923,943,927,964,949,931,952,948,977,963,971,947,931,981,932,990,925,934,965,938,949,952,927,936,932,952,953,979,955,959,942,964,956,962,938,964,969,961,962,962,966,953,953,941,941,945,935,958,932,0
912,953,949,947,949,929,937,938,970,937,953,986,919,935,943,921,929,986,937,921,943,949,951,950,921,952,967,904,939,947,935,939,947,958,948,948,954,926,946,956,952,951,954,941,984,929,978,962,937,925,955,948,972,957,952,964,960,945,955,967,975,929,973,934,929,965,952,939,945,967,929,936,963,931,929,939,953,916,964,950,943,968,982,948,986,972,1011,1038,1084,1153,1170,1228,1252,1242,1216,1204,1122,1085,1035,1006,965,965,951,927,955,946,974,961,938,961,960,931,944,955,921,928,941,930,931,920,960,962,975,941,966,975,949,933,960,949,923,926,976,961,940,955,951,940,926,952,940,932,973,952,971,965,941,949,935,941,959,943,970,942,947,949,952,949,948,972,946,946,947,929,948,946,933,945,942,942,963,973,974,925,956,921,953,952,936,944,922,959,949,936,963,974,938,0
966,945,935,937,949,939,932,921,954,950,944,947,932,973,991,948,942,949,954,944,963,966,950,941,920,966,954,950,933,946,926,954,953,929,949,926,950,959,975,960,947,917,950,931,962,936,928,980,960,968,950,961,958,958,974,962,929,958,948,930,960,943,946,915,933,943,960,967,959,955,942,940,957,972,950,880,868,854,847,842,819,812,782,798,774,761,756,752,779,727,739,757,726,761,724,715,754,755,760,730,766,754,809,817,835,847,820,850,828,865,895,950,990,936,956,958,921,979,953,949,950,962,968,950,959,957,940,944,943,968,940,950,934,929,962,919,956,932,952,944,930,976,963,955,909,948,967,955,951,968,961,951,948,955,935,947,978,949,950,968,930,918,937,932,952,962,911,944,926,951,941,952,955,976,950,941,967,956,950,949,923,939,943,935,957,967,945,1
945,930,966,946,967,943,960,974,955,956,963,936,937,964,932,950,950,952,949,947,957,943,921,957,936,929,951,933,958,941,964,965,935,947,956,958,944,951,962,968,954,936,949,947,962,954,949,945,963,970,933,926,970,945,952,965,954,926,946,942,933,931,936,941,933,946,956,934,952,940,947,953,923,937,947,886,884,849,848,843,818,819,805,769,804,745,771,760,746,725,736,742,745,738,751,741,758,746,760,778,776,782,812,776,797,813,840,835,861,874,885,962,941,952,933,967,972,951,945,956,953,959,963,949,942,969,939,945,977,941,939,926,956,945,943,967,948,956,954,957,932,949,944,949,959,969,969,957,960,942,947,957,926,955,944,947,972,976,948,965,955,947,963,952,925,942,959,957,958,984,957,990,950,947,945,942,910,963,933,966,965,953,957,972,961,952,946,1
920,928,975,948,956,922,937,952,965,946,947,950,959,969,951,963,968,970,971,951,984,927,952,948,936,942,963,955,945,955,940,964,976,962,974,967,967,925,961,969,960,948,957,962,948,965,949,928,940,964,940,980,946,915,949,943,934,951,957,953,952,931,958,914,943,932,948,979,967,953,961,973,949,965,928,956,943,939,953,934,945,952,961,963,980,981,1001,1053,1096,1120,1199,1212,1262,1266,1226,1130,1148,1091,1059,1025,967,998,934,939,919,933,960,948,951,950,949,968,931,957,955,953,966,954,941,905,940,955,937,970,962,967,970,956,939,950,953,956,959,942,944,947,958,968,933,952,939,938,958,955,940,953,938,943,964,957,927,933,931,955,957,959,961,947,946,962,953,936,950,950,939,943,944,957,954,955,969,966,964,955,928,913,947,926,942,979,962,952,973,965,938,964,967,0
948,941,935,952,955,976,910,944,952,952,957,916,936,962,955,959,917,941,935,958,959,941,925,928,953,964,962,919,932,935,927,970,942,960,948,940,936,954,946,945,940,944,973,947,919,965,953,959,977,943,934,951,939,954,948,950,981,966,964,943,951,969,929,944,946,952,963,958,967,950,959,937,936,941,937,936,936,989,944,925,958,948,943,958,950,1015,1033,1069,1077,1138,1186,1221,1263,1230,1250,1183,1151,1094,1056,1030,974,948,947,949,946,950,975,955,963,980,967,947,965,923,948,968,943,934,959,939,934,939,968,946,920,957,948,944,914,934,946,913,942,940,940,954,981,949,922,966,950,948,941,967,928,938,939,936,940,945,961,962,946,970,989,938,976,950,974,928,946,957,972,921,947,959,945,957,938,955,913,967,933,968,960,956,940,943,935,970,939,933,941,955,947,967,955,0
985,898,957,948,948,959,961,954,947,930,946,947,955,936,979,943,950,933,954,967,954,950,942,947,953,976,937,923,945,966,955,943,942,950,975,939,955,942,932,982,944,935,951,974,977,962,946,931,950,932,926,948,937,952,956,939,932,956,953,971,956,956,926,950,956,973,950,962,907,944,975,938,962,982,947,1019,1016,1043,1032,1058,1068,1054,1091,1062,1109,1108,1098,1098,1127,1116,1108,1117,1136,1109,1097,1130,1125,1143,1122,1094,1095,1087,1099,1060,1065,1070,1050,1021,1034,1027,999,958,929,964,919,929,966,938,942,964,930,939,955,976,948,944,955,912,955,943,943,939,971,954,932,971,959,980,948,929,938,949,959,938,934,942,959,972,945,949,954,930,941,912,965,964,969,944,920,959,942,948,946,951,937,928,949,937,987,951,973,949,948,947,958,952,961,966,943,944,929,950,968,948,949,967,924,1
947,958,976,952,945,969,939,962,949,958,948,935,945,942,957,938,928,939,953,963,933,974,945,966,950,940,948,929,969,942,973,918,969,930,963,963,948,947,945,926,945,958,954,940,964,929,962,940,983,946,948,967,971,962,964,933,961,966,941,914,961,930,972,948,930,935,943,931,962,936,961,966,963,954,954,1031,1008,1010,1047,1047,1040,1070,1077,1070,1086,1105,1127,1122,1126,1119,1135,1115,1127,1131,1136,1135,1103,1094,1088,1107,1105,1103,1076,1079,1069,1032,1063,1017,1009,1010,1027,967,956,933,942,950,963,930,984,942,959,959,948,952,929,938,953,964,971,940,951,956,942,961,963,917,911,941,944,973,943,953,952,970,970,974,933,916,943,939,937,973,936,958,973,946,955,951,915,938,943,944,974,949,957,946,949,957,960,974,962,954,939,952,963,945,947,917,950,953,959,943,935,920,946,951,933,1
942,930,942,950,953,937,973,953,946,958,942,936,944,964,961,939,954,960,942,944,939,979,935,944,973,944,936,942,947,929,975,969,943,969,955,943,982,938,950,959,972,959,986,943,963,965,957,957,961,943,950,974,943,935,992,935,976,961,959,953,960,939,932,967,941,967,944,935,961,964,949,907,932,968,951,1021,1035,1001,1027,1039,1011,1064,1079,1064,1081,1109,1110,1103,1115,1073,1116,1153,1111,1143,1133,1130,1112,1131,1111,1103,1087,1119,1075,1085,1076,1043,1023,1033,1041,1031,1019,979,949,964,949,951,956,954,942,925,942,936,929,960,970,918,959,943,969,945,931,939,963,965,948,941,943,947,930,946,956,944,971,953,969,952,919,954,951,948,943,949,928,942,931,976,938,957,971,950,973,933,944,978,956,962,947,948,953,963,960,950,934,955,972,940,971,939,951,927,955,958,975,973,958,931,949,1
928,935,965,930,960,974,952,951,965,940,944,949,942,937,965,949,964,971,946,957,952,920,932,939,960,958,940,958,934,938,948,959,938,957,935,947,947,943,951,936,940,947,962,977,930,935,968,949,957,934,920,978,935,942,943,936,943,930,966,971,949,936,936,969,963,964,961,960,933,953,937,937,930,961,953,948,960,964,953,952,950,937,942,936,956,997,1012,1029,1078,1116,1184,1234,1245,1243,1226,1172,1123,1053,1036,1048,1009,980,954,944,935,954,968,957,952,937,948,969,953,937,944,962,933,941,944,952,954,934,962,977,957,938,936,956,949,937,956,947,930,948,957,934,973,954,940,981,944,941,931,930,951,936,962,953,942,961,941,972,943,926,913,923,957,950,934,934,960,955,939,926,958,951,952,956,960,952,970,965,948,937,965,939,938,921,960,968,935,957,954,933,946,945,936,0
938,963,954,948,940,945,948,958,946,932,929,960,942,960,932,960,927,950,951,956,934,947,955,930,912,939,955,965,949,954,969,942,941,920,970,953,938,914,949,942,965,957,955,983,935,950,953,939,957,951,939,948,930,953,947,939,947,946,912,960,956,934,958,963,961,941,967,940,935,976,982,956,956,962,972,947,952,965,948,965,967,943,948,959,959,977,1001,1040,1085,1114,1202,1218,1235,1272,1198,1191,1123,1076,1036,1006,969,966,949,938,929,959,954,937,976,959,938,950,933,961,936,953,960,946,941,955,937,937,961,918,971,971,963,933,957,956,930,912,958,958,952,924,950,960,949,946,948,952,923,958,947,935,936,965,936,932,961,975,960,953,949,954,971,971,939,938,960,943,966,933,975,939,951,956,949,927,956,959,943,938,960,951,929,955,939,941,901,955,950,938,959,958,983,0
944,936,924,949,936,950,973,947,922,973,936,928,915,971,945,972,943,945,967,964,939,942,932,921,949,948,927,921,917,951,978,967,916,975,959,963,937,956,906,910,953,953,959,966,951,966,943,946,952,939,952,930,935,970,936,946,949,951,944,947,956,939,960,956,906,952,938,919,944,964,968,952,974,943,930,954,945,995,927,986,952,954,946,954,985,967,992,1020,1075,1137,1157,1230,1242,1243,1219,1194,1123,1106,1051,1024,975,934,940,953,926,953,953,966,958,953,944,955,955,942,974,948,922,954,968,941,951,966,953,981,966,938,921,948,933,929,950,968,949,935,955,959,945,945,963,951,923,922,947,961,967,950,971,951,957,958,942,957,960,949,949,970,945,931,954,937,943,950,958,968,976,941,948,922,941,940,951,948,963,933,966,972,946,943,951,937,946,949,931,983,961,942,940,0
942,932,967,963,980,956,960,940,939,923,948,945,953,942,953,935,954,938,964,930,923,936,964,958,928,946,984,971,929,936,940,944,945,953,955,964,928,958,951,938,940,940,951,941,959,940,979,937,933,938,946,953,951,933,972,938,944,952,956,937,957,941,957,966,951,933,957,964,938,935,926,934,959,902,942,933,929,944,942,963,957,926,957,959,988,1032,1013,1031,1063,1129,1167,1216,1235,1236,1220,1201,1130,1092,1012,998,981,949,939,956,957,941,960,966,962,964,953,936,941,937,941,943,955,970,935,945,938,958,981,951,960,950,945,944,954,924,954,947,952,942,953,934,927,937,973,932,970,945,968,965,929,943,955,959,953,945,933,959,960,948,940,930,991,933,964,935,945,919,952,951,918,952,946,967,954,949,957,915,990,937,930,949,937,945,947,964,964,933,921,958,959,948,952,0
945,946,968,968,922,928,954,959,950,941,951,951,938,952,924,949,944,948,944,959,913,936,929,953,923,942,965,945,959,939,952,954,942,958,925,973,961,959,935,927,958,953,969,977,938,940,933,966,942,926,940,955,935,911,948,953,934,930,941,950,922,956,968,962,960,956,972,937,965,940,942,937,945,914,958,982,935,952,923,950,976,954,938,937,934,987,1028,1028,1069,1160,1199,1213,1250,1231,1235,1186,1111,1079,1066,1036,996,956,944,950,929,970,961,948,945,937,967,982,963,958,946,958,954,946,973,933,961,952,955,965,924,936,949,934,946,956,946,940,939,965,957,950,950,935,945,936,945,940,973,951,958,920,961,929,964,970,960,980,945,956,949,948,952,961,928,960,916,945,935,965,919,963,931,968,966,966,931,929,963,953,966,934,960,957,956,939,966,945,964,961,932,918,949,0
957,939,945,963,950,926,966,957,959,960,949,970,955,970,961,941,931,930,968,951,949,954,921,954,943,973,958,977,937,972,971,946,937,963,946,976,963,973,951,945,942,953,952,928,955,971,945,982,948,942,926,965,935,956,957,930,938,947,971,938,962,937,924,946,940,982,957,977,954,953,935,947,975,972,955,1014,1007,1031,1030,1073,1075,1097,1074,1066,1078,1102,1127,1104,1121,1135,1120,1113,1121,1143,1107,1144,1137,1132,1113,1071,1069,1065,1095,1080,1084,1056,1018,1031,1044,1039,1001,962,943,953,950,951,955,966,958,934,962,961,937,990,961,957,964,948,953,943,958,989,957,959,942,968,960,966,958,945,947,960,965,973,964,917,908,951,914,972,957,967,961,979,936,967,940,962,926,935,939,948,941,945,959,941,979,941,927,927,956,954,923,959,939,957,913,949,944,968,936,954,940,960,941,916,937,1
955,935,955,958,947,981,956,952,971,933,952,975,914,985,964,975,962,943,938,959,952,941,929,940,957,945,947,958,968,942,970,960,957,977,941,958,942,959,945,960,949,934,949,957,929,941,941,933,954,962,957,958,945,932,961,929,909,955,958,950,946,939,928,955,951,983,940,959,938,947,961,944,942,966,957,1080,1078,1088,1138,1127,1132,1184,1203,1187,1232,1255,1259,1267,1288,1298,1309,1327,1309,1307,1303,1299,1296,1307,1269,1278,1223,1220,1199,1215,1172,1148,1153,1111,1122,1103,1070,920,963,948,931,937,949,939,952,952,957,962,952,961,987,965,956,945,931,920,959,979,939,958,961,941,952,941,933,906,945,930,958,923,955,952,947,957,944,954,940,941,956,942,951,951,930,969,943,957,903,949,954,937,948,933,966,935,940,948,956,951,942,954,944,975,955,960,955,955,960,931,967,978,949,941,952,1
958,930,930,958,930,951,947,921,970,942,963,961,940,956,945,936,961,937,954,942,955,949,968,946,992,938,937,943,976,960,958,927,949,959,959,932,954,960,956,955,958,926,962,927,949,932,918,968,947,956,963,971,923,957,945,967,953,954,933,950,965,956,937,994,944,970,915,955,933,939,970,949,952,966,965,957,959,974,949,940,942,947,936,975,963,969,1019,1053,1082,1122,1164,1225,1237,1240,1212,1170,1124,1091,1040,1012,964,986,944,973,944,935,990,974,962,936,975,945,961,924,932,958,974,944,942,951,977,955,947,923,957,977,949,937,963,931,926,920,952,938,962,971,958,934,954,950,918,956,940,924,948,951,951,963,966,933,938,972,976,933,932,947,949,957,952,942,942,949,940,936,922,945,949,935,936,935,956,956,936,951,942,961,944,940,932,947,953,941,927,961,943,953,969,0
972,961,945,949,952,946,954,944,927,941,972,928,934,964,943,959,924,923,914,937,950,950,962,959,964,965,938,931,959,947,958,950,944,962,961,960,944,935,976,932,938,955,957,943,918,968,961,961,971,956,955,930,944,961,946,991,950,925,940,979,955,961,992,958,954,974,962,950,935,941,948,924,918,950,949,1008,1018,1013,1026,1008,1036,1045,1057,1090,1096,1066,1105,1129,1120,1115,1107,1175,1134,1128,1127,1128,1106,1093,1111,1110,1101,1077,1083,1067,1069,1053,1095,1027,1022,1018,1023,974,947,939,952,938,960,946,953,956,956,960,966,960,959,957,943,953,972,940,959,943,956,974,947,944,943,950,970,932,943,927,940,973,949,961,975,972,940,979,951,940,947,924,955,948,918,948,949,953,946,940,953,948,965,969,936,965,981,948,963,973,939,962,942,953,926,936,946,936,955,952,922,925,980,918,955,1
940,974,942,945,960,960,930,943,935,941,945,975,943,953,921,967,907,972,956,926,948,957,931,931,933,933,960,939,943,964,931,949,972,928,945,950,933,946,948,939,939,951,930,949,955,951,966,944,924,954,967,944,956,941,961,964,955,919,926,955,943,938,962,966,956,987,963,948,930,939,944,947,947,932,934,1101,1063,1106,1119,1137,1134,1197,1177,1207,1225,1265,1242,1268,1277,1301,1294,1310,1328,1299,1293,1305,1311,1322,1282,1282,1240,1208,1211,1208,1173,1162,1128,1101,1101,1098,1075,907,930,923,971,930,960,932,953,944,941,951,957,934,964,974,938,930,971,942,943,930,945,962,944,946,954,967,948,963,935,961,936,941,977,977,935,935,972,961,954,938,954,951,931,955,956,952,955,968,946,972,961,947,948,958,954,931,940,954,945,920,938,914,961,924,974,952,958,952,957,944,936,952,956,956,940,1
948,934,958,963,939,954,937,938,957,960,967,948,970,956,938,942,966,936,992,959,930,955,930,938,949,951,944,960,941,953,952,971,928,958,941,941,940,962,934,945,966,952,951,928,937,970,956,966,942,973,930,954,964,959,949,989,943,951,935,966,932,945,971,928,948,968,946,936,939,964,957,968,965,937,954,935,968,946,946,946,954,946,950,986,953,977,1002,1040,1072,1118,1191,1252,1236,1235,1203,1169,1143,1084,1040,1024,972,944,949,972,941,934,949,922,955,921,962,951,950,965,969,956,946,958,928,920,948,962,976,955,943,951,939,957,940,963,941,944,946,957,950,942,939,947,915,989,962,956,910,958,937,960,936,940,957,963,962,915,954,955,928,960,950,950,961,959,972,934,944,967,955,954,925,977,967,943,950,957,962,929,982,931,955,968,956,974,946,956,959,954,934,958,952,0
936,956,952,947,967,935,973,952,973,915,935,957,960,926,967,921,900,911,940,963,957,953,948,936,952,938,938,979,929,945,941,930,956,981,951,958,917,960,944,933,944,963,962,925,925,927,958,949,930,958,947,969,953,980,942,941,949,950,942,952,939,919,951,932,957,971,949,926,948,962,948,935,963,956,935,922,959,943,968,940,953,964,965,942,955,970,1013,1038,1092,1129,1206,1238,1240,1249,1211,1207,1125,1103,1058,1003,985,972,958,967,976,924,944,964,947,949,930,947,966,958,957,939,930,929,950,953,980,960,944,937,958,978,940,945,949,966,941,958,925,935,956,973,973,960,959,928,937,965,954,939,942,964,966,963,953,936,949,948,947,967,978,940,942,949,935,957,957,963,947,940,952,918,951,955,979,948,951,960,935,922,955,978,944,960,934,940,972,947,938,938,956,965,942,0
925,946,963,934,932,939,947,946,953,970,981,965,945,936,944,944,946,948,945,950,944,946,949,956,929,959,941,948,948,955,935,943,958,937,931,939,959,955,961,954,979,923,972,948,965,947,964,954,949,928,981,943,977,946,931,941,964,934,947,937,941,955,946,935,927,965,929,957,928,967,951,960,973,935,948,884,887,886,847,846,834,816,795,797,789,771,777,743,743,743,743,699,739,732,746,725,747,739,764,786,776,784,794,807,799,855,841,860,865,878,886,943,975,932,967,963,946,951,932,955,944,956,972,967,933,924,966,943,932,944,933,964,957,930,949,927,953,968,971,968,960,941,962,930,912,962,939,965,947,942,941,924,957,954,967,959,933,940,941,974,958,948,950,970,938,966,964,966,959,951,957,962,948,925,947,967,933,940,948,959,958,961,951,945,954,941,946,1
961,948,982,946,933,951,950,931,961,937,989,937,948,939,952,958,961,967,946,945,931,966,1001,947,958,968,932,942,942,949,962,939,952,965,947,946,946,965,964,963,954,929,974,941,953,982,958,927,923,936,968,961,936,961,976,951,991,950,931,960,970,952,933,943,964,954,945,949,950,949,927,951,942,941,953,873,871,823,847,831,802,815,797,809,811,763,742,773,752,742,754,716,729,725,753,747,742,783,712,776,756,758,790,808,810,816,808,845,858,877,872,957,945,931,949,944,959,921,936,971,946,915,939,963,939,955,964,917,968,973,922,933,963,943,958,938,945,979,926,932,945,964,949,925,958,953,948,935,970,952,940,952,954,951,953,942,934,952,948,933,948,943,924,970,947,962,976,959,963,968,956,964,968,954,986,964,917,926,951,939,976,967,948,934,917,957,953,1
951,963,939,972,984,930,909,958,962,960,926,964,936,925,937,944,941,949,958,942,944,948,936,936,950,952,953,952,945,959,962,936,922,927,940,975,948,941,922,963,948,951,932,930,955,966,945,966,946,963,967,917,936,949,949,948,929,978,969,949,927,976,972,950,959,956,940,971,951,972,950,919,934,950,953,1005,1023,1033,1051,1058,1051,1049,1071,1067,1093,1098,1102,1097,1121,1118,1115,1139,1111,1105,1148,1115,1112,1135,1095,1109,1104,1085,1082,1086,1083,1044,1057,1042,1017,1033,974,934,983,935,953,963,951,926,945,966,956,961,945,938,931,966,948,960,975,963,930,949,953,949,958,980,953,960,949,927,937,968,944,962,953,965,943,948,930,937,954,960,973,946,926,947,971,959,947,962,937,933,950,930,972,973,960,949,947,940,962,944,946,942,964,945,956,971,950,934,946,970,968,970,939,973,970,1
927,952,987,937,941,947,977,957,926,949,940,952,929,973,947,929,949,963,939,932,972,959,946,943,961,952,990,933,968,960,916,943,955,971,957,951,932,955,947,967,924,983,946,940,927,966,963,941,931,953,951,968,975,951,944,991,965,940,920,976,960,950,943,956,955,940,961,934,962,981,948,951,937,958,951,1035,1046,1120,1118,1133,1167,1193,1181,1229,1220,1226,1269,1286,1305,1277,1307,1294,1336,1313,1292,1289,1290,1246,1284,1258,1260,1199,1214,1206,1133,1158,1126,1123,1110,1080,1034,949,935,968,942,941,949,940,922,968,965,957,965,959,927,947,941,972,941,950,949,958,940,968,955,923,965,934,936,941,909,943,932,958,933,969,955,969,962,940,964,953,930,968,954,932,965,952,954,955,950,976,911,961,979,937,948,939,953,950,950,945,935,961,946,950,950,946,952,965,948,920,943,959,955,955,950,1
957,933,938,948,928,956,971,945,960,961,973,928,967,939,954,959,929,947,938,939,963,933,959,938,961,953,961,934,928,955,941,967,939,953,962,937,935,931,956,968,978,973,953,957,950,953,941,957,951,943,948,961,962,943,959,934,944,946,946,947,965,951,942,942,950,942,959,958,953,959,957,912,951,920,958,866,853,853,838,831,805,823,799,794,794,771,767,744,754,733,744,731,716,722,752,721,725,733,772,739,769,786,792,792,844,844,812,846,860,884,851,963,951,931,950,955,953,952,950,961,950,972,931,940,970,952,952,952,939,962,947,951,975,954,937,942,941,950,955,932,956,964,949,941,929,942,988,952,963,965,943,949,943,960,964,954,961,948,943,956,946,932,959,915,961,944,971,916,961,954,991,986,949,934,945,958,936,947,957,969,949,940,943,944,960,944,963,1
950,984,956,935,947,940,928,924,960,959,966,957,948,953,923,960,934,935,929,933,944,940,985,930,958,977,959,946,967,955,940,970,945,952,942,952,933,956,952,966,947,965,945,932,976,935,968,942,953,975,947,955,931,955,955,957,953,939,925,955,950,967,955,941,939,966,947,940,968,942,953,938,938,949,937,1004,1011,1027,991,1072,1065,1078,1067,1065,1083,1111,1111,1112,1114,1110,1119,1125,1118,1144,1120,1126,1129,1112,1096,1098,1098,1096,1114,1070,1066,1012,1058,1049,1008,1016,993,961,948,951,935,959,959,930,954,929,953,952,969,980,963,943,947,936,956,942,947,921,940,964,944,920,927,924,934,961,946,966,946,932,947,960,957,949,961,934,956,951,945,951,945,916,957,943,936,965,944,944,983,922,966,952,963,942,953,943,953,965,961,953,963,944,933,960,951,940,963,959,953,952,946,949,942,1
949,953,956,939,974,956,942,981,937,980,951,942,956,928,972,948,969,949,950,926,937,936,949,966,940,976,955,949,931,935,934,899,948,941,959,962,939,931,930,975,938,947,921,966,939,917,943,946,944,952,936,968,962,954,970,944,952,976,982,968,993,926,956,937,955,955,967,960,957,950,947,974,964,946,952,1004,1016,1030,1051,1052,1055,1063,1078,1058,1097,1108,1116,1103,1118,1142,1112,1110,1121,1099,1127,1122,1103,1139,1109,1115,1133,1098,1049,1077,1049,1056,1054,1054,1023,1008,1023,956,960,933,937,956,955,948,957,955,951,943,932,957,981,960,975,959,944,945,933,945,954,952,946,946,954,952,931,944,945,958,937,937,925,940,949,952,961,946,927,948,948,944,949,967,948,959,930,946,961,927,946,957,952,958,948,928,952,946,947,976,943,947,954,945,940,936,949,964,930,950,975,972,950,950,936,1
994,969,946,926,946,926,965,937,979,937,965,940,927,930,963,939,950,942,944,940,966,929,943,958,988,958,960,935,922,937,952,910,950,966,947,963,968,961,965,954,935,954,917,920,959,952,932,918,953,955,959,929,968,941,943,941,971,945,938,935,961,952,979,936,955,930,937,934,947,960,959,942,939,944,939,1016,1019,1048,1031,1037,1040,1064,1083,1087,1095,1093,1104,1127,1115,1113,1126,1120,1134,1135,1099,1144,1117,1124,1101,1107,1105,1091,1064,1085,1077,1075,1055,1045,1027,1033,1004,952,965,939,975,927,972,945,923,947,945,948,950,971,961,926,938,934,932,946,927,937,954,952,961,946,960,941,956,960,943,984,938,942,935,945,961,940,935,959,933,949,949,937,946,954,956,954,978,961,918,958,960,942,925,966,956,968,946,952,961,926,943,940,953,960,965,951,943,953,962,960,941,959,956,947,943,1
947,970,953,934,945,902,942,910,951,947,956,948,944,950,936,951,953,920,966,954,947,955,952,963,947,945,952,941,956,936,930,949,960,959,957,948,923,965,964,974,956,927,936,959,962,937,961,939,949,962,944,964,968,962,926,936,965,944,954,946,951,951,931,933,951,936,956,956,928,954,942,950,940,962,959,932,949,923,974,968,944,945,953,913,986,970,987,1053,1077,1117,1180,1228,1269,1232,1220,1184,1151,1102,1041,1003,979,954,964,954,959,961,917,951,958,961,946,943,961,943,937,938,956,935,961,940,941,935,971,942,944,954,944,933,961,960,947,958,931,940,924,965,957,959,949,946,966,959,937,948,948,926,944,933,948,943,945,941,952,966,933,962,975,939,966,942,966,943,937,941,958,953,939,930,961,982,945,946,971,942,940,908,944,949,963,933,948,961,957,929,948,982,937,0
940,963,959,952,950,989,925,976,945,942,951,956,916,957,936,972,953,937,930,940,958,943,952,926,930,913,945,917,971,944,968,963,946,942,943,906,932,960,960,947,952,933,954,952,956,945,976,947,963,928,945,959,933,978,971,953,936,952,939,932,953,968,960,958,931,936,965,949,933,929,952,955,967,951,977,959,947,970,937,937,959,935,958,963,967,1000,1003,1038,1124,1156,1185,1217,1248,1236,1262,1173,1143,1067,1003,1019,985,952,953,949,969,951,939,962,973,933,972,962,944,946,940,965,942,984,967,939,935,955,955,944,940,948,965,930,942,944,950,970,943,966,943,990,965,937,960,947,950,958,949,950,947,963,949,939,933,949,935,955,955,978,928,929,960,962,936,946,974,917,963,972,927,950,950,964,994,935,972,972,944,929,959,944,939,968,956,937,947,947,974,983,934,948,970,0
970,961,959,938,974,957,937,955,953,949,940,963,930,983,964,946,959,944,961,941,951,947,934,944,960,935,966,954,941,961,954,933,964,968,939,964,978,978,927,926,973,970,938,943,951,946,952,962,953,958,942,955,969,943,960,973,931,927,935,975,965,937,970,944,953,933,938,940,946,965,961,968,942,967,920,986,1030,1019,1080,1060,1041,1052,1045,1092,1098,1133,1098,1102,1126,1106,1126,1112,1142,1137,1132,1117,1114,1135,1121,1136,1089,1067,1088,1041,1082,1053,1056,1056,1032,1015,1017,966,953,955,937,923,945,929,954,934,944,968,952,940,932,923,966,954,984,964,935,914,945,949,938,971,951,962,933,938,947,960,968,967,953,964,958,945,955,954,953,941,965,967,950,958,953,976,932,932,948,935,950,941,946,954,938,946,946,939,967,963,949,959,940,949,974,949,936,954,949,957,944,934,951,945,954,1
939,951,946,974,958,941,976,950,959,933,942,938,953,935,951,964,976,969,943,979,948,922,946,953,947,966,961,944,964,950,932,929,956,942,930,964,994,961,942,924,937,980,950,930,955,981,954,939,946,969,944,966,946,951,954,939,939,958,968,934,952,955,960,964,968,974,948,948,934,962,944,942,963,972,955,912,887,858,843,836,834,837,821,801,785,779,752,777,729,740,741,725,728,741,733,766,740,774,742,753,779,767,794,800,817,821,820,847,853,902,863,961,943,936,935,969,938,946,954,938,955,975,973,963,962,953,949,953,946,963,947,951,949,930,966,940,965,938,943,925,939,947,936,959,969,932,916,968,963,944,927,964,943,963,947,946,938,957,955,938,958,920,960,944,941,939,932,942,940,976,925,963,965,928,956,961,967,956,945,944,950,952,943,930,970,964,970,1
942,968,951,946,956,953,938,971,939,940,929,938,942,946,975,967,948,950,978,934,965,947,960,958,932,945,945,982,949,960,949,952,959,938,985,950,963,945,945,912,964,940,931,948,959,958,930,959,943,944,962,975,952,956,951,980,947,954,960,966,971,943,937,971,968,980,985,931,951,954,965,973,956,948,945,993,1025,1039,1018,1062,1053,1054,1060,1096,1095,1086,1082,1117,1073,1136,1127,1171,1106,1115,1158,1154,1140,1114,1132,1109,1113,1090,1089,1091,1075,1027,1037,1026,1001,1028,1017,953,924,913,967,935,942,936,916,965,960,966,948,973,947,953,919,947,942,932,949,963,961,980,953,943,952,937,936,940,951,931,957,961,934,917,957,955,960,969,933,968,935,949,959,957,973,949,926,947,950,981,960,922,909,932,954,965,973,943,940,932,921,917,944,952,953,950,974,945,958,941,920,958,955,946,979,1
966,923,959,956,958,948,970,959,962,944,946,934,948,937,933,965,949,959,935,954,969,935,951,949,960,960,928,965,945,974,938,961,960,950,948,983,934,950,954,934,947,954,937,974,955,953,950,970,972,937,950,949,943,978,966,931,940,970,943,947,970,918,957,937,973,927,958,947,967,942,953,934,923,950,958,937,933,939,960,954,958,951,937,954,964,969,1006,1047,1078,1126,1171,1206,1250,1257,1223,1196,1135,1071,1043,1017,990,961,963,965,950,951,958,962,947,973,968,970,939,962,957,941,932,948,948,957,937,939,942,930,943,932,979,965,948,930,932,950,947,920,962,917,969,946,968,942,969,977,965,947,936,959,966,942,934,942,958,912,964,943,938,940,959,946,964,953,959,955,946,958,942,935,943,956,950,939,967,968,975,952,948,949,939,943,919,932,926,944,949,948,948,973,988,0
940,945,971,972,949,941,922,933,961,966,973,947,925,950,939,937,953,948,944,961,961,953,949,974,940,947,941,957,949,997,967,952,924,945,969,960,951,971,954,960,955,927,933,962,963,926,947,951,970,962,945,930,952,947,942,957,948,949,959,941,935,928,944,936,963,962,952,945,958,919,961,975,954,954,952,880,872,854,856,816,826,825,807,798,807,747,760,756,749,759,730,737,755,754,738,710,720,758,758,771,767,753,801,787,808,814,803,844,867,882,865,948,936,927,911,951,956,952,943,963,953,919,961,970,923,955,947,926,951,965,984,967,918,963,956,955,937,949,940,974,957,998,941,964,930,995,952,951,951,946,978,953,926,950,959,942,939,950,945,963,943,932,954,960,948,949,933,962,950,946,936,936,950,934,930,927,959,957,960,943,931,957,952,939,949,959,942,1
949,977,955,928,939,961,956,965,951,945,942,937,929,962,978,957,973,956,932,958,959,945,983,952,934,957,943,946,973,952,962,926,940,949,953,947,940,952,957,973,923,942,951,942,960,948,960,959,980,935,940,968,960,931,976,957,949,940,935,952,943,954,961,961,955,984,943,954,940,932,955,936,946,917,921,972,938,959,959,938,936,958,942,965,966,965,1028,1035,1112,1133,1198,1226,1267,1248,1234,1171,1128,1065,1037,990,973,974,965,930,941,961,958,954,945,940,965,960,940,947,944,947,964,956,974,942,945,950,925,962,954,944,965,930,956,950,962,933,965,987,946,939,926,969,930,933,925,931,931,952,962,934,937,944,939,974,942,951,931,926,984,958,944,947,916,954,942,973,960,966,992,944,929,935,926,960,964,939,956,985,937,957,948,937,960,960,961,950,972,956,955,942,958,0
951,930,946,948,962,943,940,959,944,963,935,947,945,947,934,939,971,953,918,967,948,957,968,956,953,929,941,965,949,968,932,942,945,969,958,936,948,955,947,952,947,956,974,967,977,942,956,952,975,965,945,948,985,956,963,989,929,934,952,956,931,947,964,935,942,961,943,919,975,940,970,924,926,963,978,955,977,949,947,956,947,961,930,972,944,967,985,1061,1082,1131,1164,1225,1247,1234,1220,1205,1136,1098,1034,1022,987,979,923,955,941,961,948,940,963,939,938,963,950,929,962,961,967,927,970,972,956,970,933,943,959,945,962,945,954,944,951,923,937,953,943,958,935,942,972,962,980,927,938,966,957,962,978,941,959,959,957,939,942,947,943,948,961,918,966,950,941,963,946,951,961,949,941,938,953,942,920,952,945,961,960,936,950,944,943,971,942,947,967,948,972,981,976,0
954,933,936,937,974,956,940,951,930,922,942,956,950,966,952,937,953,936,958,944,955,934,967,963,936,946,941,938,938,935,969,955,939,959,959,923,949,938,929,943,955,959,941,948,953,957,932,946,946,979,927,950,948,950,927,928,921,940,955,953,960,945,964,956,955,928,950,925,946,934,951,914,918,968,931,896,866,865,852,813,810,842,797,776,784,741,764,752,744,757,733,732,744,709,758,745,754,762,775,739,801,781,803,807,827,820,844,858,860,875,864,949,960,954,947,970,960,930,916,978,979,941,951,957,952,940,959,943,942,949,948,954,992,965,943,945,937,945,948,954,937,946,932,942,955,961,945,926,955,942,946,925,970,972,962,974,952,961,921,942,932,935,967,931,932,957,916,966,983,936,943,963,919,926,954,946,960,944,941,953,940,942,951,974,966,948,949,1
939,935,923,939,949,941,946,924,969,945,953,949,953,950,965,963,978,960,953,930,924,952,962,929,960,961,946,941,937,932,958,950,942,975,931,954,974,958,932,963,937,953,947,948,944,948,936,945,939,936,976,953,948,946,936,947,945,957,975,951,990,953,969,939,986,956,935,961,966,954,949,939,959,938,988,1068,1094,1109,1113,1155,1140,1203,1187,1236,1265,1238,1250,1246,1285,1335,1308,1291,1318,1320,1309,1284,1308,1267,1280,1260,1249,1231,1212,1212,1176,1126,1126,1119,1131,1083,1079,992,941,962,960,951,940,948,966,938,947,923,962,946,958,946,952,957,932,954,948,967,937,941,941,953,963,970,944,956,944,974,954,940,975,941,952,947,926,946,959,965,972,926,956,981,980,940,973,931,950,961,952,957,939,942,949,955,941,953,946,938,949,939,946,951,957,927,944,934,934,952,918,931,933,978,928,1
942,954,955,978,945,936,964,975,937,944,932,935,959,928,957,948,926,943,966,953,938,955,934,937,932,971,930,955,966,941,945,953,980,943,928,959,946,944,938,947,960,948,959,965,954,935,953,949,959,923,933,954,951,928,919,942,967,946,953,960,955,980,937,955,964,956,943,935,945,972,953,943,951,941,940,1013,1025,1028,1045,1023,1042,1089,1080,1089,1071,1125,1121,1120,1113,1123,1125,1139,1125,1138,1145,1148,1123,1108,1105,1087,1117,1076,1095,1077,1061,1056,1053,1051,1015,1026,979,962,962,956,950,953,937,945,945,924,940,948,947,940,959,932,945,937,969,953,938,963,929,938,947,956,960,913,965,950,947,943,957,962,963,961,951,943,937,952,940,949,963,929,958,976,977,940,953,960,952,960,946,948,953,953,967,952,954,964,981,977,974,933,926,974,948,951,946,936,963,958,951,946,920,940,959,1
953,937,937,955,934,936,948,950,936,946,945,938,951,954,973,977,951,959,950,953,951,935,974,959,971,950,962,959,962,959,961,937,968,938,955,942,967,954,921,979,933,954,979,934,964,944,940,964,969,925,959,935,936,946,931,938,943,949,968,985,943,955,966,937,952,925,939,967,961,953,951,941,962,958,947,940,970,936,957,970,929,954,989,952,942,978,995,1055,1093,1138,1179,1233,1268,1242,1198,1186,1137,1118,1040,1019,958,963,928,944,959,959,956,959,956,976,954,933,934,946,960,933,954,926,958,953,969,939,936,982,939,963,953,952,988,935,967,965,950,925,948,962,932,932,968,958,950,924,965,971,967,976,957,948,935,947,949,917,926,933,939,953,952,942,933,949,964,957,949,946,966,976,950,976,929,939,952,948,938,943,955,930,942,950,946,923,928,950,963,966,941,954,934,0
936,948,948,960,930,963,959,970,932,961,954,944,949,926,964,971,928,933,945,938,965,938,968,951,936,950,934,955,953,940,947,929,914,954,955,944,937,952,941,963,973,951,941,937,939,913,924,966,948,950,958,962,951,950,962,958,952,955,972,932,953,956,942,920,964,955,910,989,973,978,955,931,925,975,950,859,851,853,840,823,838,807,802,782,762,772,750,758,744,745,732,753,726,726,711,737,736,749,771,769,783,787,788,811,812,838,815,855,850,848,868,940,942,994,941,961,941,933,952,922,949,936,955,951,950,947,931,965,955,964,961,950,972,932,951,960,950,949,952,928,942,932,968,969,938,949,955,958,956,952,979,941,934,966,967,945,915,932,946,961,969,942,939,941,969,960,940,963,961,939,933,940,948,952,938,964,952,953,948,944,935,952,946,947,946,943,967,1
956,991,969,937,967,961,974,960,939,960,950,958,934,950,955,950,944,954,972,923,982,967,954,960,968,938,941,965,982,951,974,964,949,917,963,971,950,968,947,945,930,958,939,959,951,939,931,944,945,974,949,952,952,944,955,939,930,954,958,943,943,947,933,966,947,965,938,931,929,964,947,990,951,947,994,1080,1088,1120,1124,1155,1124,1188,1172,1214,1231,1200,1244,1292,1274,1279,1315,1284,1333,1288,1316,1318,1300,1265,1269,1248,1236,1258,1213,1203,1173,1175,1136,1127,1079,1066,1076,934,936,968,960,941,935,952,941,995,935,926,961,940,930,958,932,963,936,947,961,930,950,938,935,946,938,939,977,978,934,947,928,965,967,948,916,949,942,931,952,970,951,978,931,965,926,978,963,946,944,940,939,955,951,961,949,949,977,929,941,937,957,963,975,947,971,960,941,971,949,939,948,958,955,954,950,1
945,938,927,933,959,940,937,942,958,973,943,960,948,926,937,936,950,937,944,946,918,944,947,942,951,969,939,940,953,952,920,939,933,957,958,962,939,947,970,958,937,942,952,970,961,956,934,960,952,926,943,932,943,941,968,956,978,949,943,956,948,938,949,948,935,940,945,942,919,927,964,938,979,937,950,922,980,943,948,935,935,970,943,941,976,960,1011,1040,1082,1159,1186,1216,1243,1260,1219,1209,1141,1109,1061,1001,976,1000,954,919,925,940,970,941,919,931,977,953,948,937,930,956,936,923,971,952,954,945,953,963,947,946,950,956,954,951,977,953,967,936,924,933,955,943,931,945,936,940,941,954,956,961,945,937,929,954,949,962,936,956,955,934,944,977,966,934,932,935,946,967,959,964,961,946,972,973,958,967,972,959,948,938,959,957,925,940,945,962,969,937,955,953,950,0
959,965,937,932,958,938,945,959,938,962,948,936,969,932,954,933,955,971,904,938,959,930,931,986,955,951,969,946,956,941,948,951,975,951,926,943,949,936,952,937,950,933,962,945,959,915,938,977,951,956,961,956,957,934,925,953,970,966,966,954,946,935,959,955,944,951,921,969,955,958,970,950,937,919,974,952,942,964,968,946,932,919,956,953,957,976,1005,1045,1070,1132,1205,1226,1267,1256,1236,1154,1146,1075,1046,1002,1007,961,927,956,938,936,935,958,924,939,933,918,947,944,954,940,956,959,931,941,938,928,981,962,975,944,952,941,954,953,926,946,976,958,940,920,956,938,946,951,957,971,963,979,939,932,972,958,954,944,929,969,962,954,964,954,943,933,953,927,945,944,949,928,931,951,945,925,965,962,948,947,931,954,957,942,929,952,956,937,936,950,950,932,911,969,963,0
951,946,943,950,950,958,988,954,934,935,965,972,973,950,975,929,950,950,956,958,966,954,966,931,945,921,955,963,952,934,926,918,951,932,936,997,941,978,921,940,972,955,937,936,959,931,929,949,935,960,969,954,929,957,954,948,958,944,928,944,937,950,953,940,939,950,946,968,931,942,964,937,955,985,961,967,973,933,987,965,942,944,955,927,986,932,1006,1026,1103,1147,1174,1180,1249,1261,1236,1195,1130,1071,1057,1038,1000,964,961,946,954,949,940,949,958,958,943,945,954,939,951,949,933,973,948,953,949,984,955,977,986,955,935,977,949,952,962,961,950,962,947,931,931,957,956,957,957,958,959,959,957,924,971,930,943,961,985,937,914,942,937,959,933,946,961,942,929,967,952,944,948,953,958,975,930,945,934,963,932,933,946,958,943,952,939,944,932,933,960,911,954,957,974,0
948,933,959,935,950,933,966,981,955,932,961,967,920,931,937,938,949,935,953,960,947,959,960,959,968,940,936,965,937,955,964,973,967,956,959,957,942,947,943,949,958,971,946,914,946,971,954,962,984,979,962,917,962,945,943,946,962,928,952,954,949,917,930,962,953,922,936,980,959,971,942,951,956,959,944,1084,1097,1110,1160,1133,1155,1174,1167,1194,1236,1247,1307,1305,1321,1320,1309,1297,1291,1310,1300,1315,1297,1268,1252,1297,1219,1226,1202,1205,1146,1142,1132,1117,1102,1113,1064,943,926,962,940,971,957,933,950,948,960,956,950,958,943,911,953,973,960,961,948,947,943,952,956,957,932,932,979,944,922,955,974,966,962,959,923,933,981,944,935,976,937,951,972,942,945,929,956,934,958,943,962,933,957,957,979,965,953,958,963,952,931,934,958,994,937,952,939,959,963,931,953,940,984,966,932,1
928,936,958,942,939,942,943,951,935,955,953,919,974,951,952,976,967,940,966,934,945,921,941,951,935,953,936,955,975,959,947,949,936,970,932,945,914,928,945,955,931,966,925,964,940,955,933,955,972,944,955,953,968,952,960,957,962,918,962,959,930,975,978,921,938,935,954,951,957,936,964,958,949,913,941,974,921,927,935,954,962,953,948,949,941,986,993,1043,1093,1149,1199,1226,1259,1251,1213,1174,1139,1109,1058,999,991,964,968,909,939,934,975,905,941,959,961,955,944,966,938,958,942,945,949,941,933,988,946,951,936,948,979,930,963,957,955,954,930,930,961,952,932,958,926,952,944,953,941,945,944,933,976,940,942,962,934,913,938,938,952,948,934,962,946,932,962,940,920,952,960,944,946,974,961,952,963,956,962,952,955,962,924,916,975,975,938,976,937,923,959,932,943,0
935,950,978,909,971,958,948,962,951,953,950,952,950,942,947,956,981,963,962,952,957,955,949,934,961,952,942,951,948,936,926,960,926,949,961,937,965,940,962,932,936,959,957,941,941,940,961,960,930,950,936,940,947,971,924,952,951,954,945,985,952,957,963,922,967,953,949,963,922,945,983,956,942,944,965,948,958,963,937,941,937,920,993,929,979,976,999,1054,1089,1120,1187,1247,1248,1284,1230,1205,1149,1096,1035,1008,986,940,958,934,965,941,929,932,937,952,954,947,950,959,940,941,926,916,962,966,957,969,979,936,938,955,976,968,956,929,931,951,922,965,963,966,952,941,927,927,962,952,948,955,937,956,959,944,951,933,948,950,946,942,948,965,981,942,947,966,956,969,942,940,934,965,984,945,976,974,976,964,961,941,949,937,960,954,926,955,962,969,942,943,943,951,960,0
952,948,949,957,922,947,954,934,949,984,977,968,945,945,974,931,929,951,949,962,960,954,942,966,963,950,968,941,940,966,959,948,964,954,950,967,966,948,960,950,920,955,957,937,962,967,956,925,937,944,961,923,953,993,949,936,938,947,958,943,973,940,961,963,915,947,968,952,962,940,955,928,945,953,970,1010,1024,1055,1029,1044,1053,1037,1090,1072,1095,1109,1092,1129,1107,1130,1126,1134,1139,1157,1109,1121,1103,1114,1104,1095,1121,1075,1083,1057,1059,1048,1037,1034,1036,1020,1002,961,964,966,940,939,918,949,940,947,945,966,953,933,960,950,953,934,952,956,973,936,951,949,944,952,938,955,961,970,934,971,953,931,953,962,950,932,945,925,949,937,932,948,961,970,956,973,965,953,968,943,969,943,973,963,953,933,957,927,950,931,949,937,949,943,956,920,968,944,936,951,930,927,954,969,973,1
910,951,942,947,914,951,956,972,942,937,944,953,937,938,953,947,946,961,949,953,925,936,935,933,925,943,949,932,934,946,931,947,955,947,959,947,984,959,950,938,948,967,967,953,937,956,940,952,947,922,959,924,948,958,946,944,979,967,985,947,935,949,962,984,954,942,958,964,928,949,943,945,954,954,962,944,932,941,951,961,942,939,964,943,941,976,1027,1034,1100,1154,1189,1204,1248,1240,1236,1183,1155,1091,1054,1020,973,977,956,946,962,962,933,959,952,959,950,979,926,951,937,953,961,973,954,962,928,955,943,925,954,964,941,950,960,949,942,973,939,938,938,995,963,941,967,964,925,942,941,944,968,937,959,949,932,968,960,960,968,979,964,950,934,969,956,953,946,940,947,936,965,965,931,936,968,954,953,967,946,964,969,951,945,941,974,949,958,954,967,961,990,949,956,0
956,946,941,933,956,940,957,963,945,923,956,941,930,956,950,958,914,937,948,946,948,941,937,949,933,949,947,922,961,928,945,938,947,962,934,934,949,930,944,940,959,950,902,965,937,947,936,937,956,952,950,907,916,946,956,942,949,964,935,942,956,978,917,942,963,952,944,951,950,926,946,946,941,950,930,865,856,855,841,821,860,845,793,784,832,771,762,755,761,755,744,751,723,743,720,735,737,734,749,753,768,792,790,809,837,825,838,859,846,874,857,933,953,970,944,938,943,961,936,947,926,952,942,948,950,952,934,978,922,954,959,915,952,985,958,921,940,940,932,945,943,938,959,945,927,936,959,960,937,956,940,940,943,943,951,924,953,956,946,942,966,960,947,949,957,987,941,964,941,953,936,946,963,937,955,945,933,966,947,965,971,970,952,927,926,929,958,1
925,957,963,925,947,954,950,943,945,963,965,974,947,950,935,944,974,931,950,937,977,947,953,952,938,969,942,952,935,948,956,969,936,949,973,945,936,940,927,938,941,944,959,936,944,956,972,978,941,955,955,961,927,968,957,972,967,968,929,956,937,941,960,953,924,962,925,937,969,951,935,988,949,956,949,949,964,978,992,934,943,943,941,941,982,976,1003,1029,1090,1104,1195,1242,1258,1242,1242,1167,1141,1079,1040,1014,976,979,950,974,944,961,937,945,945,963,971,943,962,972,926,950,960,933,934,935,958,968,963,949,977,949,938,963,967,983,946,961,944,956,931,920,940,931,938,929,969,955,948,951,969,957,996,933,950,929,947,955,945,938,963,971,959,937,945,966,971,968,941,944,953,947,943,946,949,951,932,946,964,944,970,918,956,939,938,964,968,945,948,936,950,945,958,0
966,951,958,976,942,963,959,970,936,947,932,938,978,966,930,961,944,940,924,965,946,949,946,927,952,947,939,951,944,942,947,960,971,961,967,953,941,945,954,940,948,938,940,942,949,940,959,931,951,963,960,965,942,950,939,960,967,951,937,941,948,967,968,959,953,945,939,959,957,960,929,951,934,942,961,871,879,872,854,842,805,798,779,796,782,799,736,747,791,737,736,719,749,738,734,755,737,762,753,776,789,782,787,831,802,816,852,883,866,866,856,944,950,953,954,942,970,948,961,942,920,940,935,962,971,940,951,984,957,932,955,947,961,954,935,964,973,955,962,948,948,960,958,969,937,962,952,939,929,951,931,958,954,958,952,944,957,942,942,954,945,942,925,950,973,956,944,920,941,931,948,967,934,945,935,958,947,945,943,946,931,953,940,975,954,917,948,1
967,941,925,958,973,940,932,928,948,897,932,956,958,963,930,988,940,945,941,940,935,933,964,944,930,947,938,937,939,934,965,946,934,934,925,934,957,921,957,972,930,959,962,935,940,943,957,966,974,928,932,947,951,954,973,960,944,930,941,949,968,980,944,961,937,963,963,948,969,931,937,983,912,945,965,943,972,946,963,967,922,934,937,947,987,982,999,1049,1070,1108,1198,1231,1255,1238,1226,1198,1139,1074,1023,1005,960,973,981,932,970,974,953,931,969,944,951,925,973,944,939,948,918,982,973,936,957,939,921,926,988,939,947,942,947,967,945,944,947,952,948,968,949,956,971,959,931,946,944,955,961,957,953,936,959,948,975,943,938,931,955,940,939,926,929,937,950,957,920,938,924,942,962,983,958,978,938,952,974,923,946,919,945,967,970,937,955,936,958,950,985,959,967,0
961,964,970,956,962,945,933,938,934,955,959,937,954,932,961,927,955,936,940,933,970,957,949,959,971,950,967,970,950,920,936,946,960,947,966,947,989,942,934,937,951,960,941,937,955,938,939,943,939,937,918,944,974,930,949,949,957,924,950,927,945,966,951,977,958,939,976,946,944,942,954,964,960,938,947,940,951,958,944,942,948,967,934,947,962,962,1024,1045,1103,1118,1169,1222,1219,1235,1222,1199,1128,1076,1067,1012,965,978,933,955,946,949,951,942,971,971,941,934,959,965,933,970,937,972,980,960,951,946,946,943,960,948,929,952,961,945,954,966,943,946,967,964,930,956,950,922,923,963,959,987,963,949,936,946,939,969,943,929,948,949,957,944,955,952,954,928,954,925,960,975,965,962,940,950,942,965,952,945,918,951,962,964,937,945,955,964,970,953,956,963,926,947,937,0
939,928,924,964,954,965,955,952,941,936,960,950,955,936,959,931,951,954,954,954,932,945,940,946,976,946,937,949,942,967,953,956,937,922,963,983,929,987,971,968,958,958,925,962,921,954,959,948,933,911,964,946,932,954,960,927,942,968,927,940,930,934,962,947,957,980,955,924,949,947,935,950,945,924,948,855,818,848,850,817,818,803,830,799,775,763,775,747,760,718,725,730,747,765,697,736,753,745,722,793,816,773,787,792,819,858,861,849,872,864,892,961,964,947,976,953,942,962,928,969,940,956,967,970,951,932,942,949,932,957,948,942,942,930,924,926,961,922,938,939,971,953,943,939,951,963,912,967,944,924,963,969,948,940,953,946,935,951,961,961,950,931,940,947,935,963,965,941,944,972,960,950,946,950,930,953,939,944,953,954,971,941,946,946,927,939,953,1
954,958,938,991,953,951,980,925,926,939,964,963,953,945,964,931,956,949,943,943,941,972,942,967,937,975,971,934,946,954,971,957,943,955,953,932,933,960,941,957,947,959,905,949,938,950,953,937,956,951,974,939,967,937,953,955,948,932,958,924,959,932,948,921,957,933,941,938,946,935,949,968,935,946,967,960,936,956,956,927,941,947,970,931,960,998,1014,1063,1094,1148,1188,1229,1236,1231,1244,1201,1145,1102,1034,1032,967,978,941,953,944,948,935,955,953,953,949,950,958,952,939,946,944,968,943,926,919,929,973,947,966,933,910,954,953,957,920,951,945,964,945,954,948,962,962,919,939,934,950,943,957,970,942,944,967,947,932,956,953,948,932,948,958,942,940,963,950,978,939,955,930,948,964,957,949,967,977,942,952,938,958,973,962,957,937,919,959,963,956,944,943,955,937,0
964,955,919,958,958,952,956,950,982,953,966,947,918,951,944,951,959,946,950,948,940,954,954,952,947,941,939,950,936,951,958,955,953,932,950,964,977,944,954,928,938,954,961,949,930,937,947,961,946,986,956,936,975,928,965,914,940,967,947,965,965,952,953,954,919,910,961,968,939,929,968,946,959,934,938,931,937,962,949,950,950,946,944,931,967,1008,1004,1061,1074,1116,1175,1216,1259,1237,1225,1216,1155,1094,1043,1024,967,946,936,919,926,947,952,957,960,934,933,936,945,974,939,943,931,957,964,954,927,940,941,923,942,965,956,939,947,960,949,961,960,951,962,936,952,966,933,953,960,933,950,932,957,967,962,964,957,944,956,929,951,933,944,952,933,931,942,924,955,924,932,955,979,977,973,945,936,969,928,954,967,960,944,944,955,957,950,976,946,957,958,919,941,943,949,0
952,928,946,940,938,945,944,936,947,941,959,943,965,946,974,945,933,962,984,924,949,920,954,919,975,970,951,965,935,961,908,954,977,981,947,958,952,960,962,942,938,947,930,977,937,932,939,963,950,944,958,961,952,952,989,977,941,930,907,969,952,951,958,933,951,955,934,937,967,940,955,942,949,948,961,991,954,965,948,918,968,980,965,937,954,971,1004,1047,1104,1124,1176,1218,1275,1219,1240,1179,1101,1104,1031,997,969,969,948,929,949,969,963,958,937,922,933,934,944,933,976,954,963,937,962,956,946,945,956,908,943,949,954,939,978,955,941,949,951,933,926,957,964,936,941,961,960,945,955,929,915,944,932,967,968,982,964,951,936,977,949,978,946,954,955,961,978,928,956,966,951,967,964,955,960,942,973,962,958,919,947,943,948,957,933,940,962,966,950,951,930,960,946,0
953,942,932,927,952,946,954,950,928,947,953,976,950,952,930,952,960,955,925,971,958,961,951,953,964,969,957,926,954,944,958,951,967,982,968,943,962,969,948,950,937,943,962,952,960,946,943,924,970,911,950,968,956,953,949,975,945,938,956,959,953,942,945,926,943,941,939,937,928,963,935,960,935,949,978,969,957,949,921,955,944,954,959,941,966,939,1016,1064,1100,1135,1177,1251,1255,1238,1220,1177,1148,1072,1040,1024,972,975,981,930,952,954,952,962,950,934,927,937,949,945,950,962,958,939,950,953,961,945,946,951,954,937,956,945,958,934,935,935,947,916,969,940,974,945,940,945,944,958,917,922,921,948,973,938,931,952,964,948,949,930,952,948,926,939,924,939,918,939,971,980,928,942,954,935,949,959,966,961,993,923,957,931,959,959,964,933,944,942,958,929,959,991,972,0
959,959,954,937,965,958,973,940,923,983,948,953,934,954,955,933,933,945,955,961,951,976,940,943,966,946,955,930,920,954,944,960,931,950,923,948,935,955,946,960,939,941,927,932,953,944,935,971,963,960,929,939,987,949,948,914,951,948,976,925,945,963,942,942,955,953,950,944,964,995,971,953,942,950,953,859,858,869,837,843,829,820,793,792,763,772,761,762,761,737,766,740,727,706,728,710,749,728,737,763,788,778,783,803,780,848,824,847,859,847,891,962,959,949,957,959,925,957,967,949,958,918,961,934,971,981,964,961,978,939,956,946,973,935,952,957,939,961,944,934,998,968,932,943,979,951,965,936,949,945,945,968,970,948,965,936,938,934,918,942,974,958,931,940,957,962,944,945,938,938,938,975,922,957,948,951,939,951,947,946,934,943,938,935,934,939,933,1
926,952,963,955,949,956,959,929,938,955,938,949,944,932,952,932,963,948,948,977,941,969,965,936,921,946,935,963,941,945,938,941,958,933,930,963,951,969,946,935,956,960,937,959,954,936,963,938,959,953,945,968,952,948,954,979,935,941,953,934,930,942,955,949,915,963,978,957,977,962,932,968,985,948,958,886,850,873,848,837,830,808,809,791,803,782,759,783,730,754,727,740,733,755,746,705,738,749,770,779,788,763,790,791,806,817,845,864,849,863,869,964,943,954,975,969,953,968,947,940,950,934,945,963,942,929,952,941,947,935,946,964,955,964,987,952,950,934,965,942,966,949,960,948,950,959,934,967,955,950,937,945,934,951,991,949,924,940,947,956,960,930,936,948,939,938,928,961,959,943,958,959,951,933,928,950,951,968,954,955,963,965,948,947,972,931,952,1
971,963,956,963,944,957,944,956,956,969,940,967,942,988,966,963,949,941,959,958,927,951,914,966,946,944,925,948,959,948,977,954,957,912,976,943,943,951,954,975,972,948,970,937,957,920,946,944,945,933,948,936,940,970,959,943,958,932,965,952,964,952,931,988,968,955,952,941,948,961,974,924,938,936,921,956,960,951,962,930,949,951,946,960,958,968,1004,1034,1106,1137,1176,1219,1293,1238,1222,1206,1109,1100,1031,1002,980,961,918,953,964,968,986,986,959,952,917,960,922,943,935,956,924,941,931,952,969,930,939,942,929,943,963,951,931,947,957,950,956,950,948,939,963,931,948,948,923,954,959,976,973,938,948,944,938,958,929,987,947,962,969,939,943,984,939,953,946,959,944,958,961,964,950,959,929,947,948,919,945,920,950,953,925,963,939,935,922,971,945,956,928,943,985,0
930,957,943,951,954,956,953,953,949,933,952,974,952,957,944,948,949,933,936,961,965,962,941,933,969,950,967,951,950,940,963,941,936,938,938,955,956,938,952,936,960,941,953,944,960,941,948,943,969,949,969,939,943,966,959,968,941,936,940,954,953,924,929,932,948,969,947,933,939,940,960,941,951,948,955,1014,1029,1017,1044,1055,1055,1076,1108,1076,1096,1114,1107,1107,1117,1113,1094,1106,1140,1143,1138,1116,1136,1119,1100,1081,1104,1103,1127,1089,1056,1044,1059,1041,1036,1032,1011,914,962,975,952,937,955,973,970,943,937,955,965,946,953,962,935,950,954,942,956,956,937,926,965,954,969,938,940,943,950,945,962,956,931,934,950,960,938,952,954,963,938,949,948,944,928,932,962,966,926,923,935,929,958,945,945,957,954,961,939,946,931,945,936,950,948,944,944,955,964,967,924,942,954,979,967,1
931,929,946,944,945,954,946,923,968,921,959,949,919,963,949,942,931,957,925,971,936,914,938,939,965,950,956,959,966,958,963,961,943,963,951,978,956,965,959,932,929,954,944,956,927,977,964,958,935,952,943,943,947,943,952,944,965,973,952,943,938,934,964,949,921,947,943,958,933,940,944,945,950,939,939,1039,1041,1016,1055,1040,1085,1079,1076,1072,1053,1085,1096,1094,1127,1131,1116,1117,1150,1127,1113,1114,1139,1108,1123,1098,1101,1087,1077,1085,1046,1084,1059,1031,1014,1024,1028,939,961,945,953,959,957,948,972,929,942,942,937,971,936,944,957,961,960,942,963,945,950,951,938,937,958,933,961,938,948,944,929,935,943,949,952,958,972,953,946,928,943,948,951,943,970,943,945,969,977,940,959,930,938,934,937,951,949,926,947,930,966,954,975,933,957,937,938,942,944,954,974,954,948,940,941,1
957,953,958,949,966,952,929,936,923,940,943,945,975,961,959,969,949,969,970,947,946,944,962,939,944,954,933,942,946,951,976,948,947,951,926,940,967,973,1005,959,950,937,943,918,970,946,941,980,931,933,942,934,917,976,956,924,954,932,948,938,971,974,936,956,943,951,963,936,956,985,954,957,954,927,952,926,933,945,977,960,933,947,972,949,958,966,995,1047,1081,1163,1193,1246,1251,1263,1215,1195,1132,1097,1044,1014,978,1003,965,964,960,950,934,943,975,967,953,915,949,962,941,950,940,959,928,941,968,965,939,926,954,926,951,958,955,948,959,964,945,951,944,940,959,948,937,959,962,961,953,954,949,950,932,952,976,946,948,962,962,957,933,949,943,949,938,910,944,975,928,935,961,938,951,938,949,928,934,966,921,949,976,953,927,923,961,980,931,944,939,951,944,955,937,0
954,948,963,951,939,946,928,934,967,954,980,942,957,945,962,936,969,947,941,969,956,961,985,942,949,946,933,941,945,946,943,961,943,927,943,940,934,973,955,929,982,944,959,963,951,950,946,936,946,966,961,943,939,960,950,947,939,941,919,926,928,930,950,936,926,941,939,942,944,942,951,951,967,925,951,949,944,941,958,941,934,945,968,942,977,994,995,1058,1107,1150,1163,1212,1239,1242,1245,1159,1122,1107,1028,999,973,956,951,931,929,988,954,962,961,948,952,951,961,973,968,958,929,937,971,947,949,963,941,949,942,961,922,985,958,962,950,981,916,951,939,974,956,929,955,950,939,958,963,960,937,939,953,913,934,948,928,951,949,948,936,942,940,980,964,931,970,949,974,955,956,933,931,934,936,943,968,962,946,922,962,933,946,948,957,941,972,971,917,962,926,948,945,0
960,940,957,943,936,972,932,925,936,958,963,979,980,921,952,949,928,960,983,929,978,944,938,945,949,946,966,959,931,940,948,966,943,952,954,954,946,936,987,944,971,939,945,952,946,944,929,939,959,943,946,950,972,958,948,946,962,945,950,928,971,944,959,955,931,950,943,948,944,962,910,972,935,926,956,946,948,952,953,951,970,961,950,942,964,979,982,1036,1107,1130,1188,1245,1239,1239,1218,1201,1125,1075,1038,1004,968,940,950,952,949,969,965,956,935,939,947,961,946,949,948,936,935,934,951,938,944,950,948,935,937,959,958,953,942,930,956,942,945,929,937,935,943,957,963,957,924,954,919,956,949,940,921,942,957,958,971,938,947,918,991,971,947,950,933,975,947,934,988,940,960,946,936,973,941,968,924,957,958,965,978,951,951,947,963,956,920,941,943,959,966,938,929,0
930,939,926,953,943,959,979,972,947,971,930,936,943,947,956,975,945,949,932,969,935,929,949,960,926,945,954,959,952,955,962,924,913,951,955,990,961,953,939,949,957,945,955,961,964,962,940,944,956,952,938,938,935,953,938,954,939,916,938,948,949,945,945,933,955,950,938,969,950,955,986,945,947,948,938,961,954,932,947,949,943,926,966,919,970,965,994,1059,1085,1132,1189,1225,1220,1246,1219,1201,1172,1069,1039,1036,962,994,959,980,956,936,927,951,979,956,963,947,962,964,940,943,931,913,936,939,953,941,946,935,961,947,945,939,952,942,930,935,940,950,959,920,955,957,941,941,936,950,951,944,951,963,917,946,938,951,962,928,953,963,960,960,949,953,956,954,961,971,955,954,976,937,961,945,948,931,920,923,927,954,950,965,928,942,954,953,966,957,940,955,947,943,953,0
949,932,944,954,951,942,951,968,970,958,951,956,950,979,927,920,935,949,948,938,955,978,961,933,971,930,962,953,952,974,964,927,924,966,911,947,938,967,942,944,966,954,954,950,935,942,951,955,956,940,951,957,925,953,965,956,933,951,976,956,934,975,957,958,931,943,947,924,945,972,962,939,931,946,916,1024,1025,1046,1054,1052,1052,1067,1087,1063,1089,1127,1092,1102,1135,1116,1121,1141,1098,1132,1113,1125,1128,1121,1093,1094,1093,1077,1108,1081,1075,1065,1047,1038,1015,1021,1031,954,982,899,961,903,946,966,958,927,957,946,934,932,961,945,953,943,920,965,943,952,978,960,949,926,932,941,940,964,957,958,936,952,940,939,948,961,931,956,966,922,939,968,938,922,947,931,968,965,973,946,931,975,949,958,970,955,939,943,942,968,961,965,956,959,949,931,984,946,942,926,961,951,948,945,922,1
944,981,948,934,927,961,925,958,952,949,966,949,939,973,946,950,947,959,945,939,946,942,945,948,942,950,964,970,940,949,961,913,958,919,973,958,939,944,945,958,965,950,937,933,959,966,959,927,938,946,945,941,969,961,942,944,966,923,924,943,923,949,957,929,963,963,941,954,933,911,962,958,945,927,968,1072,1082,1107,1121,1119,1135,1151,1172,1231,1217,1239,1256,1262,1258,1287,1294,1299,1302,1313,1326,1297,1313,1286,1272,1244,1229,1242,1207,1190,1172,1176,1131,1127,1100,1097,1085,903,973,940,938,924,958,968,933,934,959,951,940,959,917,956,947,931,942,959,950,921,931,933,937,921,962,926,940,950,966,962,943,950,940,945,947,942,960,954,972,949,939,906,936,951,938,941,942,947,930,941,927,955,959,943,944,952,956,936,958,977,921,963,917,964,935,926,964,963,934,934,936,953,949,958,935,1
935,953,984,929,951,938,965,947,939,937,947,946,937,972,948,967,982,974,941,967,961,964,934,953,949,951,943,948,935,972,951,952,940,951,973,943,962,923,951,973,939,953,946,953,968,936,931,960,971,934,965,947,944,940,948,966,962,944,957,956,926,963,942,938,943,961,953,963,960,953,968,948,934,956,965,943,932,950,948,937,958,925,968,950,953,991,1003,1042,1097,1154,1192,1197,1219,1245,1219,1193,1129,1071,1055,999,980,990,941,947,952,969,959,965,960,937,946,970,944,951,966,947,957,963,962,967,947,944,941,932,986,931,979,926,956,959,942,925,936,969,960,928,946,947,930,982,982,953,944,944,950,975,941,935,950,960,945,917,949,965,957,943,953,929,966,933,928,980,936,952,957,948,933,958,952,936,937,938,927,974,968,944,957,953,971,940,954,929,983,955,960,945,944,0
926,932,965,955,947,966,930,942,923,978,922,957,951,950,947,950,955,959,943,948,953,947,939,963,928,960,956,945,950,935,959,956,969,924,958,952,953,953,951,943,973,918,958,945,954,933,936,939,932,969,961,939,948,969,948,954,941,961,958,961,964,971,917,946,948,968,931,959,951,980,952,952,956,938,985,961,934,937,952,956,940,957,926,931,953,971,1009,1015,1073,1160,1190,1192,1260,1234,1206,1188,1144,1080,1073,1018,993,956,951,941,945,984,958,947,951,964,937,953,975,975,928,941,916,958,961,962,946,937,943,950,977,949,929,958,951,965,938,928,954,946,967,961,979,928,953,932,965,943,949,965,954,948,959,954,970,961,932,950,920,966,936,938,968,950,957,962,946,960,966,963,971,944,924,965,921,955,957,928,963,950,978,953,944,964,971,940,954,946,963,947,944,946,938,0
946,959,944,952,964,911,946,939,941,951,941,959,943,974,957,904,929,951,944,941,961,962,943,941,950,932,980,956,955,948,940,935,932,920,952,948,998,935,960,970,984,941,966,965,938,959,943,944,945,939,957,949,963,972,951,968,952,933,948,957,971,928,979,963,939,940,926,928,956,948,963,941,953,951,968,966,921,917,953,931,951,962,936,954,966,980,1002,1026,1064,1135,1169,1206,1229,1247,1239,1195,1128,1071,1046,1003,990,956,955,935,939,956,939,941,953,913,977,964,949,951,943,961,935,979,934,924,908,941,973,968,971,974,949,937,937,943,916,933,951,951,965,938,961,953,936,971,957,927,960,951,979,975,928,955,941,946,944,933,948,958,934,966,969,922,945,975,947,951,919,929,971,945,944,948,922,978,949,981,900,928,925,937,936,958,958,912,916,972,952,929,966,962,962,0
953,965,948,951,943,943,932,948,953,965,930,960,973,945,945,960,951,955,930,943,932,970,959,932,944,969,959,945,935,939,969,967,952,980,950,945,981,961,962,947,942,960,936,953,936,933,935,934,936,958,948,945,960,944,920,962,916,963,969,948,941,936,962,971,924,940,953,932,947,932,965,960,940,940,957,994,1028,1064,1019,1041,1053,1049,1086,1085,1080,1089,1101,1122,1124,1121,1136,1116,1124,1149,1127,1138,1114,1115,1106,1102,1065,1096,1103,1100,1061,1065,1057,1043,1025,1037,1004,962,953,954,962,964,954,952,958,946,947,953,952,957,944,966,925,948,964,938,970,937,938,940,965,964,927,964,961,925,946,946,953,946,950,960,945,949,960,933,951,948,965,969,950,977,946,930,929,939,955,926,957,963,935,938,924,941,975,968,953,949,971,935,941,940,955,994,939,958,937,949,968,945,931,931,952,1
976,952,962,947,933,971,947,957,970,955,932,964,955,952,955,939,945,958,936,935,919,952,954,936,956,943,941,979,940,951,963,966,952,979,967,966,939,967,925,953,969,959,940,934,954,956,937,951,959,951,962,945,959,952,954,919,954,946,941,944,969,937,961,931,962,927,958,914,955,937,948,962,991,934,960,1017,1037,1017,1047,1048,1052,1040,1034,1107,1106,1121,1104,1103,1141,1121,1108,1151,1103,1111,1116,1144,1118,1096,1109,1084,1072,1082,1071,1086,1064,1079,1064,1051,1024,989,1010,962,930,955,944,931,949,966,955,932,951,968,950,943,955,988,956,937,931,938,959,972,938,949,941,979,943,955,959,961,925,942,941,947,933,941,995,940,951,959,941,937,941,956,965,940,956,978,971,925,932,946,953,957,938,938,955,940,947,968,924,921,941,960,963,933,966,939,962,978,973,935,931,950,967,954,932,1
954,980,945,945,943,946,935,961,960,946,953,958,953,971,940,948,951,961,956,960,924,914,935,961,922,963,920,947,923,931,928,939,939,952,953,944,940,939,945,951,930,951,944,946,982,958,966,929,985,948,950,945,932,968,965,939,936,940,930,978,960,970,949,958,944,939,960,977,967,956,952,950,940,945,941,869,858,854,826,833,823,826,778,771,780,790,772,728,755,726,739,745,732,740,740,745,758,743,748,782,764,807,805,800,812,834,831,853,874,847,842,964,966,924,950,951,945,963,941,939,940,961,972,940,943,952,962,944,957,919,961,965,949,948,954,975,959,937,938,959,961,961,969,955,947,942,928,935,972,948,960,949,957,943,957,980,946,946,955,935,956,970,955,957,943,945,941,966,904,965,952,940,936,967,948,949,931,956,937,950,942,942,954,935,954,970,947,1
946,952,964,950,936,942,957,930,957,946,941,928,939,929,951,952,964,947,957,956,924,954,938,937,932,941,915,947,942,964,933,933,964,940,943,948,939,953,969,924,942,933,963,946,953,950,948,948,953,958,929,955,941,982,948,966,950,953,958,941,924,973,916,963,940,957,952,968,959,984,949,995,920,944,960,861,871,869,854,827,829,820,790,811,781,784,762,755,760,731,740,753,720,733,750,740,726,743,768,777,762,790,825,812,808,851,825,839,845,902,861,952,964,937,957,952,942,937,952,968,986,944,952,945,942,971,947,926,951,982,950,947,920,950,939,916,952,987,943,953,925,938,941,952,954,955,923,946,939,959,983,939,970,933,972,981,947,938,949,945,919,938,959,961,931,951,944,959,958,917,956,958,941,968,946,952,963,945,943,933,962,956,951,924,948,932,988,1
966,936,939,946,955,973,949,970,933,973,926,942,962,954,974,950,960,942,944,961,946,972,954,946,972,954,959,930,971,945,934,951,958,968,965,960,950,946,944,963,961,963,923,922,957,948,933,962,941,890,962,964,979,961,967,951,965,936,977,944,927,930,962,933,977,948,947,946,947,985,951,982,932,983,918,849,854,879,843,831,819,823,793,782,789,778,768,777,724,738,734,744,747,747,714,734,763,750,743,742,772,767,810,802,823,846,840,854,849,889,871,949,941,945,967,935,932,959,925,949,965,952,949,932,954,949,981,941,949,948,950,953,938,978,961,947,950,975,967,965,939,943,971,956,926,953,944,965,949,954,929,928,943,946,952,962,950,912,942,945,924,956,938,942,943,945,958,948,966,944,971,937,954,950,932,939,968,966,940,934,939,961,945,955,951,941,951,1
953,935,937,920,953,922,937,973,944,967,950,963,967,958,940,937,935,949,924,948,959,959,935,931,947,961,982,967,931,964,968,947,932,940,955,958,948,939,946,937,932,935,940,929,958,972,968,933,946,959,952,946,982,930,933,941,950,946,966,943,966,957,957,950,946,959,967,947,949,944,945,951,940,946,972,1068,1093,1092,1121,1146,1153,1197,1156,1230,1252,1209,1255,1284,1268,1287,1286,1296,1322,1281,1292,1321,1291,1291,1275,1276,1239,1225,1189,1207,1148,1159,1112,1119,1093,1114,1097,967,948,953,957,964,953,956,939,954,951,946,928,963,934,945,964,964,948,948,933,953,927,917,959,968,955,940,961,925,930,950,958,958,941,963,955,943,942,946,940,942,924,942,948,932,966,954,938,943,956,941,943,960,929,963,945,957,922,945,954,945,932,948,965,968,966,936,970,942,933,958,948,975,941,961,953,1
922,958,957,945,950,957,965,964,956,959,921,965,951,958,956,965,929,925,949,918,956,965,959,952,932,927,961,960,941,958,970,975,958,932,934,945,936,959,964,963,971,958,964,934,924,961,961,928,967,979,968,958,966,941,947,945,951,936,931,966,955,942,975,939,920,968,958,963,960,945,941,943,938,974,952,939,953,939,965,967,949,931,945,964,978,984,1004,1065,1104,1137,1192,1224,1240,1245,1214,1199,1135,1064,1026,1012,985,977,957,958,962,949,944,925,960,973,952,961,966,949,955,945,945,954,966,944,933,961,964,938,945,976,940,948,959,998,930,968,950,936,938,958,943,951,958,940,912,961,947,947,950,972,939,961,931,963,944,932,940,947,958,947,965,948,941,964,975,954,936,938,968,982,936,950,941,948,940,956,934,939,935,954,963,940,942,963,928,937,947,945,925,955,936,0
987,941,942,950,952,915,956,945,954,955,937,953,937,936,975,936,939,938,946,953,947,944,952,943,940,935,938,953,961,953,929,940,970,962,955,961,939,928,959,962,945,973,956,945,919,940,943,951,960,961,921,940,972,946,953,949,944,940,968,958,976,932,945,980,945,975,945,916,942,966,949,948,934,969,953,939,973,945,967,940,942,965,940,947,952,999,998,1030,1088,1121,1193,1257,1221,1231,1228,1204,1137,1092,1043,1001,992,960,956,933,956,987,945,930,987,942,947,947,925,955,952,937,949,953,923,939,930,965,952,964,929,938,968,935,955,963,955,952,968,937,940,959,950,930,921,930,954,959,940,954,979,933,938,956,950,948,949,935,947,952,957,966,944,942,965,938,940,978,942,950,962,950,960,981,953,957,939,963,982,940,953,929,929,942,932,954,980,956,946,957,955,944,956,0
930,942,942,942,968,950,965,969,936,959,957,955,950,931,966,970,961,980,939,962,950,929,941,963,946,935,939,940,968,950,959,956,970,927,946,958,954,950,977,939,940,967,939,921,930,929,949,945,941,956,950,973,945,970,965,951,938,941,929,940,942,917,945,920,966,942,968,959,936,934,931,958,949,942,929,874,890,860,855,842,849,817,803,792,812,764,766,748,735,734,734,731,732,727,772,738,746,754,753,771,762,813,812,797,819,804,821,831,836,859,884,965,946,933,954,936,953,933,960,955,940,945,958,961,973,932,964,940,951,933,963,954,958,940,936,953,963,942,942,970,947,949,955,977,965,969,963,949,950,943,956,952,932,953,939,957,927,964,950,972,934,922,964,952,963,956,949,969,916,933,954,937,924,964,973,957,958,952,942,944,972,956,946,976,948,977,944,1
960,950,945,947,922,969,930,955,961,943,964,969,933,926,954,938,933,956,932,972,953,971,962,939,932,966,937,952,940,933,965,949,945,942,921,966,942,952,926,959,957,966,971,948,942,961,956,960,931,943,971,958,933,943,948,925,970,971,947,943,953,956,953,931,952,957,944,945,960,938,959,966,959,934,971,866,870,842,811,841,818,804,821,783,764,769,761,746,740,724,708,728,744,721,716,750,755,769,781,753,781,787,798,786,827,859,832,828,851,870,887,956,930,948,942,946,960,970,957,925,968,968,921,978,955,953,980,929,978,956,945,957,929,962,955,935,933,959,945,937,961,957,944,936,959,938,952,945,977,931,938,939,961,948,940,939,975,952,934,942,942,930,944,949,948,946,958,924,981,961,932,948,949,950,945,940,947,926,938,917,945,933,938,955,941,950,955,1
964,959,935,970,942,951,941,957,949,971,965,942,960,943,922,948,946,956,952,961,975,943,936,916,954,969,924,966,946,954,939,959,965,983,955,952,937,934,934,970,941,955,947,936,962,965,913,970,966,974,965,955,950,950,942,943,961,934,960,982,942,967,950,923,958,954,941,933,957,949,915,947,946,961,974,1060,1084,1102,1127,1129,1150,1173,1183,1198,1223,1239,1269,1275,1265,1315,1319,1308,1323,1350,1353,1316,1283,1283,1277,1232,1263,1219,1196,1216,1161,1141,1127,1125,1095,1074,1071,940,932,940,950,939,945,956,947,985,933,955,963,977,922,960,960,947,933,924,935,948,969,979,938,969,971,966,963,950,948,956,945,930,948,948,923,944,976,957,931,976,959,963,961,955,945,943,941,967,948,948,965,959,963,942,953,941,945,951,956,949,948,978,963,962,937,973,925,958,939,940,956,959,950,951,949,1
981,960,924,942,944,923,973,963,959,938,955,972,934,951,921,949,974,956,936,954,947,938,965,956,947,963,933,942,946,928,950,940,965,947,951,947,926,954,930,953,958,948,939,947,963,939,947,953,969,930,949,970,949,929,941,934,945,949,887,927,940,977,966,948,954,940,950,920,970,947,944,954,940,955,958,925,927,955,934,941,983,928,939,938,981,964,1012,1045,1056,1137,1188,1238,1250,1249,1232,1193,1146,1094,1035,1002,983,966,955,952,961,940,938,934,962,945,964,982,926,938,950,947,935,948,923,950,937,950,944,964,950,934,922,936,964,970,961,956,948,967,933,962,935,916,963,935,957,939,949,933,931,933,943,942,959,958,956,964,950,964,955,959,968,970,943,998,937,933,936,965,950,949,935,957,970,935,965,961,961,941,943,957,956,961,934,959,976,936,962,965,952,967,961,0
939,934,969,940,936,938,921,978,952,957,937,959,955,921,949,957,951,950,951,939,978,941,928,948,968,931,963,940,946,948,937,965,974,962,950,959,947,974,962,986,951,954,958,950,936,956,956,959,948,942,965,931,954,949,951,968,921,960,928,947,936,961,958,961,953,963,942,959,950,968,959,951,956,963,941,954,925,942,920,931,952,931,954,982,971,999,1026,1032,1085,1131,1184,1244,1263,1243,1253,1187,1124,1096,1044,1021,984,980,969,956,955,956,942,933,945,940,940,981,966,926,970,966,941,940,953,942,960,943,959,937,939,950,958,918,951,946,953,969,971,960,946,954,937,941,949,973,941,961,950,943,923,945,952,931,920,948,946,936,939,957,949,929,957,953,955,958,934,954,969,965,971,962,926,945,941,950,937,974,941,945,957,957,973,939,949,974,973,967,942,948,966,956,922,0
957,957,952,919,941,941,943,973,955,964,949,927,954,933,942,940,944,961,967,960,951,946,934,956,976,964,954,947,936,930,940,948,959,903,921,960,938,961,952,964,936,957,932,946,962,968,963,923,957,948,954,954,935,967,938,935,947,954,956,948,955,938,957,958,945,983,952,957,946,944,966,953,928,962,938,1035,1027,1006,1009,1026,1068,1040,1081,1064,1106,1094,1085,1120,1106,1146,1095,1130,1132,1124,1132,1114,1139,1119,1087,1115,1092,1092,1088,1035,1073,1071,1047,1025,1027,1030,1003,929,956,963,962,960,961,959,964,953,972,932,930,917,966,960,948,921,924,965,957,941,952,930,956,936,932,943,945,966,946,944,950,949,979,949,956,935,944,946,949,932,959,920,951,954,951,924,975,941,941,953,970,942,960,965,975,956,913,945,959,948,926,945,951,963,949,949,932,946,957,955,949,937,944,970,948,1
945,963,952,949,942,938,973,950,963,943,948,960,942,938,954,992,953,956,951,962,953,955,956,966,954,947,973,939,915,939,940,961,970,961,973,947,971,933,973,928,969,954,974,953,953,952,958,955,961,938,933,938,940,941,934,981,963,947,927,952,933,960,939,963,957,962,960,967,942,954,942,958,952,926,937,955,961,961,921,944,979,970,941,931,964,972,1007,1044,1109,1118,1168,1243,1241,1232,1221,1161,1146,1095,1042,1016,996,956,950,936,962,937,949,939,947,951,941,932,955,956,942,966,953,967,961,958,957,961,950,950,976,953,944,972,970,940,955,954,977,946,936,967,964,960,951,945,940,963,928,942,943,941,949,969,932,951,923,951,933,935,960,922,912,953,961,980,942,959,928,917,959,958,1001,974,923,957,921,944,970,954,935,926,946,925,914,950,966,931,959,948,962,940,940,0
931,941,954,936,952,939,956,978,963,959,929,924,942,942,959,948,980,965,959,951,937,962,938,957,933,947,930,958,942,926,946,948,967,940,950,958,930,937,945,947,948,950,946,975,925,960,962,951,939,950,940,945,937,942,953,932,950,936,964,944,958,956,947,936,947,936,941,958,944,932,968,957,969,960,942,934,939,933,930,981,949,941,965,940,995,958,1032,1068,1079,1110,1183,1213,1254,1230,1234,1203,1145,1105,1061,1030,985,957,974,939,956,951,973,960,943,941,980,974,918,977,978,957,969,952,971,937,960,945,928,941,945,953,940,948,939,927,960,924,965,961,939,954,952,950,951,959,930,955,940,939,951,965,950,954,949,939,921,950,980,964,939,967,949,932,954,962,941,942,958,939,941,949,949,932,961,927,948,955,951,925,970,963,925,948,967,974,944,958,957,958,950,947,973,0
923,984,962,949,955,925,916,980,954,927,946,956,931,926,927,967,954,946,968,930,954,955,955,967,945,925,944,976,937,956,942,923,951,947,980,929,961,953,976,940,942,955,942,946,927,930,949,960,949,945,955,934,967,939,951,962,948,936,952,967,937,953,974,969,962,976,940,928,980,961,964,966,944,933,949,1011,1007,1021,1030,1043,1032,1052,1056,1060,1074,1100,1111,1094,1104,1140,1172,1137,1130,1145,1123,1137,1109,1088,1118,1103,1086,1096,1082,1093,1072,1047,1031,1028,1045,1015,1022,968,952,934,955,910,947,976,928,963,926,933,973,962,947,923,933,940,946,935,957,939,948,975,964,952,949,945,948,932,955,920,976,991,942,942,944,924,963,966,937,981,955,963,932,945,968,934,958,918,946,953,940,937,965,933,930,940,986,929,938,950,974,945,954,990,918,929,952,940,935,948,958,934,940,952,929,1
937,934,963,955,952,936,977,938,976,939,974,965,941,957,974,959,973,939,946,961,944,960,967,949,932,963,946,973,932,939,967,947,984,956,943,943,928,944,961,949,948,950,962,951,958,957,959,931,945,956,939,961,932,933,959,952,940,948,920,926,937,955,955,946,971,956,953,951,967,956,931,940,971,958,964,943,953,922,957,957,951,970,953,972,966,1016,1013,1038,1086,1139,1158,1231,1236,1244,1237,1195,1131,1108,1047,1011,976,964,944,954,966,947,974,972,944,940,948,957,924,946,979,952,970,952,948,963,957,982,959,949,928,957,951,967,983,931,937,979,939,952,940,958,946,958,959,938,961,985,944,962,945,953,967,924,948,935,937,961,948,922,965,947,943,966,940,939,934,951,970,941,942,931,944,936,961,972,950,942,945,955,930,942,952,965,953,937,946,956,929,965,943,971,969,0
949,965,952,934,944,968,963,929,931,936,951,975,945,954,924,953,971,942,952,975,941,951,935,928,950,946,958,969,957,928,965,969,947,956,961,976,941,942,957,972,940,935,955,949,925,948,933,933,963,945,976,977,936,964,938,952,951,956,980,947,966,959,946,903,953,945,960,927,945,960,965,964,971,943,934,1082,1077,1079,1115,1140,1141,1196,1201,1208,1199,1252,1249,1258,1281,1281,1298,1317,1302,1313,1291,1305,1287,1280,1255,1280,1246,1233,1212,1184,1191,1154,1120,1115,1090,1096,1072,915,956,933,961,931,935,952,938,950,935,940,945,966,937,930,955,960,934,952,974,923,970,958,957,956,969,956,939,990,930,931,962,927,968,953,930,945,972,938,942,943,957,923,937,949,953,951,941,936,957,928,955,929,956,972,939,953,955,959,950,961,956,977,958,921,959,964,958,963,940,956,932,919,944,955,967,1
948,944,964,947,950,947,944,976,922,942,967,933,964,930,988,946,944,941,992,969,971,958,952,954,948,937,958,932,930,950,948,957,929,928,939,951,933,935,944,958,935,937,937,943,949,980,958,965,948,966,940,936,930,921,939,930,961,967,939,941,934,972,967,951,923,972,930,936,895,935,938,969,904,929,950,1080,1102,1108,1121,1172,1156,1176,1193,1201,1233,1281,1238,1285,1297,1291,1323,1296,1304,1309,1330,1330,1291,1308,1268,1278,1255,1242,1224,1203,1200,1148,1149,1140,1086,1123,1064,937,980,970,941,942,959,927,938,930,944,947,960,920,942,975,943,947,949,937,952,925,916,936,995,932,951,921,948,964,941,924,942,946,940,969,975,965,958,980,915,956,979,941,963,937,951,929,945,957,969,935,925,936,956,965,971,960,939,959,960,936,940,946,965,951,943,959,954,958,928,954,960,932,942,938,924,1
947,963,962,935,948,922,951,935,946,961,944,965,905,957,965,956,962,939,944,939,966,966,933,928,969,939,952,956,961,948,972,943,947,924,954,927,962,967,971,959,979,953,920,961,936,962,964,961,920,948,966,955,947,941,935,949,941,947,956,939,952,951,912,952,950,955,959,959,947,958,978,947,954,962,947,946,941,960,935,948,951,930,968,942,985,996,1003,1062,1094,1138,1163,1210,1245,1249,1234,1191,1131,1104,1028,1027,967,969,931,961,970,945,950,949,954,950,938,933,945,957,933,968,933,957,934,947,984,939,964,954,939,935,951,940,953,941,951,956,949,940,963,962,954,948,977,961,930,958,968,951,934,948,948,947,931,968,938,934,953,921,925,973,951,944,1005,925,944,949,946,946,945,940,940,972,936,964,946,938,939,963,982,964,965,973,977,989,962,926,946,946,959,960,953,0
992,972,934,943,953,942,941,963,948,966,952,981,942,930,926,947,962,949,948,953,949,976,963,939,935,953,955,960,927,961,962,952,948,933,934,946,963,930,974,951,936,941,964,956,924,940,901,938,948,935,947,951,962,974,945,970,954,933,950,953,948,954,944,955,947,927,938,927,947,950,981,950,942,936,943,1083,1066,1118,1106,1157,1138,1183,1202,1207,1204,1252,1225,1269,1286,1301,1294,1322,1301,1324,1309,1288,1279,1273,1256,1264,1249,1235,1187,1190,1167,1158,1121,1129,1131,1082,1071,958,935,962,955,934,947,952,958,922,959,964,931,949,933,940,933,943,926,945,920,930,930,937,942,959,953,953,950,956,933,931,952,959,952,979,943,952,926,940,932,953,931,986,962,952,935,955,945,954,940,946,953,932,925,916,967,947,958,958,972,928,950,953,928,947,961,972,973,964,930,932,968,951,957,927,949,1
957,944,948,947,959,951,967,972,961,942,927,920,982,970,940,942,917,930,943,929,978,956,945,946,952,987,958,935,944,961,930,941,930,966,962,935,945,949,931,936,967,926,936,923,974,950,942,954,957,953,913,949,959,939,944,956,965,978,981,931,942,938,930,961,938,941,956,974,949,931,961,952,973,974,951,933,966,938,938,947,934,965,935,967,960,986,1006,1072,1094,1139,1169,1253,1245,1231,1246,1174,1161,1093,1040,1012,993,933,951,944,953,972,948,939,950,956,943,965,945,948,967,918,948,945,955,937,950,956,924,959,936,967,939,937,955,935,946,923,938,966,952,928,935,943,953,930,956,936,946,971,940,970,900,920,969,981,950,960,936,947,970,975,949,941,973,939,960,952,948,941,954,927,914,946,962,939,958,930,950,955,952,953,965,936,967,957,963,974,936,969,953,971,944,0
944,946,961,959,963,979,912,945,950,961,920,973,951,944,947,941,953,959,938,933,953,941,939,945,982,916,945,968,934,945,942,925,953,958,924,941,968,969,970,952,960,941,951,964,944,984,939,908,969,956,949,954,927,943,947,933,926,940,941,941,967,942,939,958,963,963,983,943,938,940,935,951,954,951,976,944,939,976,958,953,928,967,937,932,946,985,1003,1045,1108,1140,1195,1232,1247,1249,1219,1190,1126,1076,1049,1016,988,959,933,954,961,957,945,957,933,953,959,969,933,942,971,950,945,939,947,956,915,970,939,959,960,941,935,971,952,990,968,954,937,950,935,957,956,931,938,923,937,936,960,933,960,942,937,961,947,952,953,940,946,962,945,964,965,953,957,948,930,959,935,920,923,951,932,926,946,941,918,923,948,913,934,949,972,937,935,949,939,924,961,964,954,950,954,0
955,926,929,952,962,962,945,942,943,952,923,950,927,960,947,963,921,972,924,947,953,933,952,972,948,973,970,960,934,960,947,944,931,955,962,923,948,969,962,941,970,942,959,948,945,950,918,943,947,938,949,938,946,942,958,951,930,969,935,932,951,911,961,942,979,974,951,953,964,942,947,982,941,944,952,1075,1086,1105,1111,1147,1144,1187,1209,1173,1205,1259,1269,1279,1284,1299,1309,1322,1321,1330,1268,1316,1295,1304,1280,1246,1233,1221,1209,1231,1196,1172,1144,1141,1092,1079,1072,985,922,962,946,984,980,955,943,939,931,916,981,962,964,965,967,963,950,935,952,948,957,905,950,962,984,964,957,953,960,928,959,957,947,962,960,934,946,960,959,928,942,951,959,912,939,938,916,949,959,942,938,962,947,960,946,978,953,949,967,949,940,957,972,970,959,941,945,937,951,939,959,945,981,932,934,1
958,942,956,948,946,938,940,916,947,956,981,947,936,949,960,935,957,938,972,969,953,971,939,957,975,939,940,927,936,956,954,945,965,935,956,926,920,936,941,942,954,942,931,948,972,940,967,938,948,956,963,928,955,946,936,941,954,987,920,965,931,947,937,956,952,959,965,922,956,917,949,965,954,955,933,934,935,927,968,953,946,951,941,945,959,997,1005,1057,1095,1103,1192,1238,1251,1262,1225,1174,1146,1072,1040,1011,979,960,964,978,960,965,963,917,926,953,962,947,972,961,940,946,988,949,950,931,961,950,947,955,973,970,955,973,932,953,990,950,969,951,940,944,938,923,953,964,938,953,939,958,927,951,951,933,950,945,949,940,962,960,950,970,963,953,938,939,934,961,948,953,938,955,947,939,964,956,959,981,939,933,949,954,963,953,959,954,952,979,957,931,955,944,951,0
933,950,949,950,929,936,937,970,960,960,952,948,957,953,940,934,953,934,933,959,942,937,947,954,929,925,958,960,956,950,976,948,957,954,963,966,957,951,965,963,953,943,948,939,927,973,962,962,949,947,947,953,918,939,954,942,953,945,963,958,961,990,943,950,964,975,923,943,963,926,942,975,931,942,947,1048,1019,1040,1042,1036,1071,1077,1083,1064,1088,1112,1111,1110,1109,1130,1124,1112,1163,1124,1114,1132,1101,1106,1116,1112,1109,1080,1058,1072,1073,1057,1023,1024,1036,1010,1012,970,962,951,940,954,925,956,957,971,948,964,950,934,976,945,936,931,954,932,949,926,960,941,966,955,928,982,935,947,949,948,931,958,1002,962,957,954,971,939,954,974,923,948,949,951,947,945,951,919,966,959,950,946,940,930,951,931,964,948,949,963,933,932,917,962,953,919,964,955,944,935,971,934,958,928,936,1
952,953,945,950,956,956,966,962,975,927,963,947,958,961,942,941,940,937,918,940,953,963,946,957,937,967,963,944,967,953,942,984,951,941,943,963,958,958,945,948,942,939,955,931,939,967,945,968,934,952,954,971,967,972,923,974,959,943,935,970,948,961,941,945,967,948,940,939,964,940,971,945,970,948,918,1004,1010,1042,1043,1063,1049,1042,1061,1071,1072,1099,1103,1106,1100,1148,1121,1134,1136,1118,1124,1116,1105,1105,1098,1108,1092,1095,1099,1063,1070,1087,1049,1020,1027,1017,1020,952,926,948,939,950,974,957,934,937,943,948,951,939,951,943,965,941,932,950,987,964,972,945,946,951,969,943,950,976,963,935,962,965,964,947,966,949,919,930,973,928,978,949,943,966,922,939,943,956,956,963,954,941,969,941,957,947,951,932,946,925,936,936,936,945,950,909,944,957,960,945,941,965,939,931,948,1
950,945,946,927,949,961,915,931,963,937,944,940,970,954,939,971,954,942,933,943,947,943,965,946,947,958,934,960,951,950,945,971,952,952,943,941,935,958,973,944,930,971,959,947,965,948,927,945,918,941,945,950,944,972,957,927,958,957,956,938,946,951,972,934,949,970,949,939,966,944,948,952,930,923,936,1005,1016,1055,1012,1061,1056,1018,1045,1109,1098,1093,1097,1116,1125,1097,1117,1132,1107,1116,1135,1116,1134,1117,1122,1106,1118,1088,1093,1067,1056,1034,1020,1038,1025,1014,996,935,951,950,939,924,938,926,923,929,954,931,935,956,942,958,942,971,955,978,932,939,950,937,991,948,957,939,934,940,947,943,960,940,945,956,958,956,954,921,954,963,925,951,959,943,950,958,943,951,937,973,945,956,955,947,923,961,920,960,966,940,992,954,938,955,951,932,938,935,952,930,964,925,961,951,956,1
957,959,942,962,962,957,961,953,949,929,955,960,972,959,957,969,946,966,937,956,972,945,960,937,944,946,941,960,975,953,976,949,950,950,961,958,949,979,923,938,969,950,953,934,963,946,945,947,950,933,981,947,953,966,923,945,972,947,952,957,966,958,957,947,981,934,966,955,944,950,930,959,927,968,984,868,865,869,864,830,834,811,819,813,757,762,753,753,735,763,739,748,737,720,746,720,740,761,729,757,779,785,794,806,836,829,813,845,857,854,883,961,946,962,948,930,927,966,947,973,920,943,935,953,960,958,953,977,956,933,953,955,942,946,946,948,937,956,933,937,937,938,936,953,950,956,959,955,944,946,956,958,994,958,922,956,950,950,929,945,951,936,967,960,968,947,955,928,909,939,952,944,958,955,948,957,961,949,958,986,935,945,939,945,954,923,941,1
918,943,960,955,948,937,950,950,954,951,972,934,939,953,968,937,924,954,928,938,954,963,953,948,967,964,945,967,957,968,937,925,943,948,938,938,954,962,949,972,952,928,962,943,968,976,943,939,943,981,959,951,943,951,940,935,924,944,950,945,934,947,921,942,955,968,980,956,947,968,975,961,921,936,952,1022,1028,996,1056,1031,1053,1075,1058,1088,1107,1080,1119,1101,1114,1096,1117,1118,1119,1133,1135,1119,1129,1143,1095,1117,1080,1104,1060,1067,1064,1057,1027,1061,1044,999,986,946,947,941,988,974,959,953,949,963,935,953,977,965,930,966,971,959,948,965,947,944,946,954,975,940,954,936,944,944,956,968,950,955,955,946,948,947,938,957,939,956,943,942,965,953,950,964,968,950,948,937,953,949,955,935,941,935,962,946,972,958,931,965,940,968,978,929,943,936,961,957,948,963,975,938,954,1
964,947,938,965,956,943,961,956,950,950,957,968,939,943,950,952,960,970,935,922,948,905,936,932,945,953,952,941,946,947,952,941,981,970,928,945,939,968,934,945,947,956,936,943,964,934,958,950,934,946,930,945,939,954,933,940,948,928,963,933,954,951,934,939,935,957,968,965,936,929,947,925,944,928,945,1014,1007,1030,1027,1008,1087,1062,1054,1091,1107,1127,1101,1147,1118,1162,1113,1125,1154,1131,1149,1157,1116,1134,1114,1105,1077,1097,1083,1061,1092,1063,1036,1051,1040,1045,983,980,938,965,958,945,964,951,949,969,931,941,940,933,962,966,958,941,988,939,954,944,957,945,944,947,931,945,949,950,948,952,968,922,945,954,970,950,964,941,956,972,923,946,934,963,953,956,939,943,925,942,955,930,947,925,957,944,945,962,955,934,965,982,936,939,959,977,930,958,954,955,964,971,957,949,941,1
984,973,963,949,971,960,933,946,938,936,944,955,949,936,952,955,960,954,976,979,943,949,973,938,950,951,916,961,937,952,947,961,942,940,946,973,940,925,961,955,942,927,964,975,950,963,963,960,936,935,959,947,964,959,935,922,968,930,958,958,973,959,942,922,941,940,949,938,952,969,933,961,932,972,957,940,955,926,939,961,978,977,968,957,958,983,999,1046,1082,1143,1176,1223,1256,1239,1241,1190,1116,1064,1047,997,981,956,945,944,933,946,951,948,931,964,963,942,960,913,949,943,940,942,944,943,952,949,958,969,957,955,945,969,974,970,969,940,990,944,949,966,922,954,952,955,958,925,953,966,933,957,951,944,954,943,919,966,958,952,937,956,943,942,950,955,941,922,938,960,983,949,946,942,940,941,961,965,959,980,938,936,958,962,940,915,938,952,979,935,951,959,947,0
936,960,915,961,972,941,935,971,960,961,955,962,951,971,964,939,939,936,930,967,947,944,978,924,960,983,942,931,968,930,950,937,941,937,946,951,944,954,944,952,945,973,928,977,957,938,949,928,941,950,945,940,947,973,945,940,934,962,962,938,959,971,951,939,953,924,941,974,963,939,932,953,934,959,948,1049,1081,1088,1171,1150,1154,1191,1205,1208,1214,1259,1270,1235,1291,1288,1316,1307,1285,1335,1298,1281,1291,1276,1271,1262,1244,1230,1203,1223,1200,1152,1179,1149,1143,1068,1080,959,938,970,967,936,951,965,953,947,963,950,955,974,938,935,962,974,951,955,945,946,930,923,960,940,934,938,951,963,935,929,966,976,962,951,947,939,950,931,941,950,964,962,963,968,962,940,951,943,947,949,947,916,942,980,940,937,947,944,957,940,918,966,955,941,942,954,950,939,947,951,944,961,923,952,958,1
923,965,964,941,933,946,944,963,975,947,930,927,923,971,947,975,973,961,958,955,974,959,960,940,980,940,970,943,940,948,965,935,957,955,977,940,946,957,917,951,937,946,960,941,958,950,949,943,945,965,947,953,926,945,960,956,962,937,978,912,940,921,948,985,970,947,957,938,947,974,949,944,952,960,928,948,953,949,973,943,960,957,962,960,954,1013,1033,1053,1079,1121,1165,1229,1224,1231,1260,1186,1156,1072,1054,994,974,972,915,963,944,994,947,955,938,946,957,957,941,969,936,955,967,928,967,974,957,953,912,963,951,965,945,961,954,952,944,954,940,945,968,932,939,948,945,959,923,967,940,919,957,950,932,942,938,959,989,964,940,952,934,935,916,928,958,948,967,977,962,937,937,963,957,950,946,948,923,943,945,931,974,939,929,953,941,969,964,954,939,958,991,943,949,0
968,930,949,937,978,950,916,969,971,960,948,956,953,953,946,947,973,968,911,953,941,952,950,927,956,950,953,952,968,945,939,936,910,945,949,965,949,941,935,979,932,952,937,973,970,945,966,918,946,925,962,954,944,967,927,948,936,943,920,917,991,937,946,959,950,930,936,955,934,981,971,933,958,965,931,1066,1060,1121,1133,1143,1160,1155,1207,1200,1243,1268,1244,1251,1261,1286,1310,1305,1300,1323,1309,1279,1303,1275,1276,1299,1249,1209,1211,1224,1189,1189,1167,1089,1088,1065,1060,959,964,956,975,945,951,963,960,925,953,969,937,944,946,953,947,941,905,952,944,926,927,939,943,967,927,944,963,947,940,925,962,944,939,946,949,953,936,958,959,965,958,965,957,957,955,960,928,920,950,937,935,943,947,940,954,946,962,956,963,951,944,945,942,955,952,951,958,932,957,968,960,974,941,950,952,1
945,946,962,949,956,963,952,944,967,957,978,976,950,929,943,951,920,937,951,963,922,969,946,948,966,976,949,929,949,956,941,951,959,966,988,941,971,949,937,942,956,948,971,962,957,932,965,927,937,944,971,952,968,975,957,975,963,960,925,978,978,957,944,947,969,965,931,964,914,939,953,963,947,951,966,948,941,929,924,958,936,941,945,978,970,964,998,1028,1090,1149,1174,1220,1239,1239,1196,1177,1136,1082,1025,1008,983,956,948,934,943,953,945,956,941,940,960,959,956,949,941,957,967,948,912,938,965,934,977,940,965,920,962,972,971,984,945,927,957,940,954,961,949,925,957,956,952,949,962,962,940,943,957,950,947,959,915,931,931,969,974,927,934,978,910,971,946,946,943,942,941,902,979,982,960,963,948,969,939,982,958,945,969,954,946,961,941,941,960,946,944,968,924,0
935,942,926,975,950,947,938,944,950,935,921,974,954,943,977,967,957,951,940,952,953,946,948,967,927,961,940,965,960,940,957,951,939,932,968,930,976,965,931,921,982,940,960,921,970,957,932,935,951,951,954,939,948,930,955,917,955,954,939,947,942,952,979,920,929,958,927,909,947,961,931,931,964,968,945,1030,1008,1040,1044,1038,1085,1039,1091,1101,1086,1088,1094,1099,1087,1096,1142,1132,1148,1133,1138,1130,1071,1141,1112,1100,1074,1081,1071,1064,1061,1052,1030,1045,1019,1002,1011,944,945,952,947,946,960,959,963,947,944,943,975,953,923,950,953,945,954,942,950,945,934,958,926,943,946,959,952,961,952,946,928,955,968,963,947,927,952,973,921,950,960,951,961,948,932,945,960,952,939,963,938,940,961,956,941,942,972,936,978,940,946,955,969,942,958,948,953,961,944,972,957,937,940,957,968,1
936,932,928,956,939,940,960,951,956,961,964,939,948,930,965,922,922,968,929,960,960,966,935,975,959,943,954,921,931,949,971,968,955,947,948,926,920,944,931,946,930,931,927,956,971,952,929,922,946,966,942,940,959,929,946,960,971,950,964,936,945,959,969,944,949,920,986,961,961,910,919,947,954,951,940,948,952,936,959,943,950,952,944,953,952,1006,991,1064,1061,1133,1185,1237,1257,1218,1197,1192,1161,1078,1051,1022,962,979,964,905,960,934,919,931,943,945,945,952,973,944,984,985,948,946,958,944,917,948,951,934,928,942,942,955,953,950,957,952,960,945,968,927,958,945,929,954,953,945,957,948,940,955,947,957,952,939,934,957,971,955,969,955,916,929,959,955,975,959,948,978,972,956,963,944,964,940,945,947,949,953,950,975,938,946,974,952,941,931,934,942,946,956,925,0
948,958,938,966,963,951,950,967,948,946,939,952,937,971,951,966,951,949,976,936,970,954,949,943,948,955,939,976,925,954,944,977,938,942,936,952,966,957,930,908,940,953,937,936,930,926,917,961,927,947,933,913,965,989,948,950,948,958,959,950,940,975,961,993,966,936,938,938,976,951,928,963,909,961,946,1007,1017,1032,1036,1031,1079,1070,1067,1097,1088,1114,1114,1135,1111,1133,1124,1132,1146,1130,1143,1096,1131,1109,1092,1126,1113,1117,1074,1089,1063,1080,1030,1028,1023,1034,1008,939,960,968,949,968,950,966,957,936,937,955,942,925,952,935,937,945,937,961,932,927,969,955,950,942,937,953,943,940,960,960,935,966,947,953,958,944,934,951,974,947,959,928,936,953,950,968,952,962,921,932,929,959,944,935,954,948,958,984,961,963,935,904,955,959,957,940,967,951,936,948,961,951,951,966,930,1
990,929,949,931,933,944,944,921,930,939,943,912,989,960,948,955,954,927,975,948,933,954,960,961,947,955,964,930,930,948,978,951,931,940,949,958,927,945,963,935,947,958,927,978,943,941,955,965,985,920,945,954,967,940,985,955,960,945,961,929,932,927,956,906,957,961,961,955,936,959,970,944,978,948,964,940,961,948,925,957,956,967,950,981,957,996,1013,1022,1107,1112,1195,1199,1255,1230,1221,1183,1132,1090,1043,1015,984,988,924,925,943,968,939,947,917,949,967,930,947,922,984,923,947,970,971,947,953,960,944,956,945,931,977,953,968,949,945,925,954,966,935,953,947,961,949,955,954,925,941,966,970,954,949,942,941,970,949,934,948,936,956,927,958,948,953,959,939,952,951,947,926,953,982,953,956,974,940,932,951,939,965,944,968,899,932,960,958,920,932,971,926,967,942,0
939,960,946,948,965,946,926,954,967,946,942,953,961,934,947,943,963,933,952,966,932,941,966,952,947,946,959,943,934,946,935,948,961,951,942,944,965,962,929,937,973,954,934,932,936,943,968,939,972,948,959,950,984,950,936,972,950,951,976,956,948,946,969,920,945,947,960,942,935,962,954,945,968,968,952,929,968,951,956,943,952,944,942,944,961,990,1003,1050,1105,1130,1197,1220,1227,1261,1243,1172,1154,1114,1055,1004,993,962,946,928,966,956,948,938,936,956,943,943,939,952,921,933,946,937,938,948,947,923,919,961,933,965,942,950,919,907,945,956,938,930,967,953,936,952,971,930,954,947,922,946,937,940,949,957,963,963,949,909,935,964,955,947,921,951,934,943,931,962,940,931,958,965,974,929,943,968,946,950,973,950,958,962,940,932,940,925,947,966,913,921,949,943,958,0
949,927,941,935,946,936,939,949,954,944,936,956,949,938,963,945,953,954,952,964,955,967,971,966,970,908,958,952,967,973,946,944,953,955,926,957,964,945,957,979,935,956,943,954,958,935,942,966,962,957,973,935,954,959,937,972,943,952,957,960,916,955,950,944,957,948,951,942,945,929,966,968,953,954,949,946,956,961,936,967,948,949,954,917,943,1011,1005,1060,1099,1147,1179,1228,1238,1260,1230,1175,1167,1096,1055,1018,984,970,978,951,953,934,943,939,965,950,927,967,935,969,948,939,966,931,962,980,953,952,970,908,930,951,948,945,958,921,971,927,929,917,981,953,932,939,935,942,920,943,979,957,949,890,960,933,932,946,931,940,930,928,946,948,957,947,975,937,958,939,948,952,953,923,960,937,948,959,939,943,946,945,942,949,941,948,918,956,972,927,977,919,938,946,972,0
968,953,952,934,929,953,943,952,937,956,940,957,956,969,970,949,954,948,933,934,947,977,919,961,948,957,923,944,955,948,945,944,938,931,962,966,945,940,968,956,936,912,943,941,947,966,949,957,937,939,973,948,958,963,930,930,916,945,966,962,949,957,951,939,956,952,977,960,955,1002,948,930,948,931,955,886,870,852,847,838,833,773,774,801,763,805,753,751,735,742,754,739,733,743,723,731,735,742,732,780,785,761,781,799,804,819,852,850,860,881,872,961,932,956,948,935,968,960,960,960,960,964,928,957,944,935,943,934,923,947,945,920,943,901,927,963,963,948,965,926,953,958,951,940,953,945,947,961,928,933,941,947,956,982,949,953,930,937,931,960,968,917,957,964,945,970,960,941,926,964,938,937,967,924,942,961,927,932,963,956,936,958,981,958,947,948,946,1
931,960,931,961,920,946,967,954,944,950,953,943,931,957,932,922,919,961,944,915,926,927,974,948,945,944,933,945,959,949,975,935,960,959,945,942,932,959,943,957,957,967,952,926,936,966,965,963,951,966,977,946,963,941,950,932,944,955,953,937,938,946,979,954,902,984,956,943,957,914,940,975,947,949,941,961,940,959,983,976,950,946,969,949,964,1003,1022,1070,1080,1145,1180,1234,1249,1248,1217,1169,1128,1093,1039,1011,980,989,945,965,943,931,972,967,935,956,977,960,959,944,946,948,941,933,949,955,941,946,939,947,946,961,951,938,954,917,959,963,948,943,933,943,955,945,969,943,973,964,990,965,955,941,952,949,927,914,961,955,970,978,921,979,957,945,944,915,948,967,936,934,943,960,949,947,966,946,965,947,942,965,956,952,955,940,936,956,945,940,926,947,945,962,956,0
933,982,954,968,928,968,937,981,950,948,931,957,934,949,967,930,973,950,958,952,933,931,969,952,960,947,936,962,953,939,942,993,953,959,941,979,939,970,948,944,936,948,938,928,928,923,940,939,950,945,951,936,949,955,964,972,949,945,923,958,972,919,950,930,964,961,938,971,958,954,957,962,942,927,940,1078,1088,1093,1114,1156,1170,1176,1153,1205,1228,1247,1269,1254,1282,1294,1299,1306,1293,1312,1310,1294,1290,1298,1274,1266,1251,1236,1225,1190,1174,1127,1141,1130,1094,1099,1084,924,978,939,957,948,944,973,951,966,961,969,989,957,931,943,956,926,957,938,952,954,961,951,935,910,947,973,939,950,948,937,966,946,940,958,951,939,944,984,943,960,973,939,961,956,941,968,966,922,972,935,945,931,986,952,967,948,960,959,961,970,960,951,928,974,967,927,945,960,962,928,938,960,961,952,951,1
969,947,949,949,939,949,941,958,932,951,940,961,966,981,921,956,964,929,926,962,947,952,954,954,950,937,953,932,973,939,943,968,960,923,928,966,955,972,964,957,960,935,926,930,953,961,939,942,931,940,950,924,971,950,946,966,928,936,937,972,944,937,970,944,948,967,956,947,942,937,960,951,941,936,950,968,922,992,950,964,947,963,959,932,962,971,1022,1064,1099,1132,1184,1236,1231,1259,1208,1182,1147,1086,1050,1033,974,956,959,952,949,962,954,985,929,965,942,948,949,957,946,951,943,953,947,956,969,984,932,931,929,951,949,959,943,947,925,952,936,955,967,947,969,948,960,939,939,936,929,950,963,943,949,930,952,963,931,935,952,955,943,949,970,944,949,964,967,957,960,959,974,932,954,920,966,963,956,941,939,935,946,972,949,945,943,961,938,983,952,965,934,949,942,0
967,928,930,943,933,982,947,943,960,980,931,959,938,952,944,967,953,953,945,954,962,949,928,964,970,953,971,930,936,939,963,920,965,937,934,937,968,957,968,954,953,921,958,957,972,965,941,943,954,973,969,946,950,969,936,959,955,962,941,943,941,942,962,954,956,936,942,933,931,951,932,922,959,928,955,1018,1050,1035,1033,1046,1042,1065,1083,1062,1088,1095,1109,1103,1099,1136,1126,1156,1104,1128,1164,1143,1138,1124,1124,1098,1094,1107,1090,1064,1015,1037,1068,1025,1049,1006,1008,946,933,944,940,945,936,948,971,944,945,960,954,954,931,955,935,962,980,922,952,938,953,946,938,955,986,954,962,942,940,946,953,929,947,973,954,957,972,939,913,912,960,954,940,918,941,929,965,934,981,948,970,965,949,941,936,943,965,927,915,943,930,979,935,959,947,936,960,963,964,926,982,956,956,950,927,1
934,947,950,949,952,955,938,946,975,942,948,962,954,931,954,935,965,949,961,946,943,962,953,969,947,943,930,942,965,955,942,954,961,978,964,962,942,954,937,949,956,931,958,924,949,964,946,980,959,927,970,967,941,963,947,972,956,948,935,943,963,955,940,935,939,950,963,957,946,938,963,949,932,925,963,943,946,956,962,935,943,941,971,933,957,965,972,1055,1094,1158,1182,1230,1251,1254,1228,1198,1160,1074,1049,999,984,951,969,956,928,935,948,934,939,962,918,937,955,953,926,936,953,942,964,929,942,917,952,956,923,954,948,967,932,937,981,963,957,953,949,929,935,960,981,944,937,944,921,949,940,945,935,934,949,938,933,935,945,946,970,934,952,965,947,965,923,936,953,950,950,943,938,945,947,941,946,937,966,939,963,941,946,952,945,956,960,964,995,923,920,937,977,0
961,962,948,958,956,950,965,949,940,981,943,941,941,935,955,932,952,932,951,962,955,950,982,949,964,986,933,966,931,945,960,946,949,963,956,970,952,937,978,941,936,954,948,945,951,912,993,954,941,943,959,887,968,959,932,938,971,938,928,948,945,965,942,949,959,936,935,968,953,948,948,958,922,941,963,966,943,960,936,980,960,960,965,956,958,985,1014,1039,1080,1146,1176,1216,1241,1224,1225,1180,1143,1085,1061,1012,985,966,948,925,966,933,962,938,951,955,963,942,939,944,959,939,928,943,954,953,954,964,939,959,935,948,940,946,930,918,942,980,976,938,945,960,955,932,947,947,946,961,939,937,950,979,952,923,913,948,945,934,946,939,964,943,937,938,963,946,934,930,953,936,963,946,939,952,956,965,957,973,940,941,971,953,974,957,949,975,938,955,950,945,961,935,943,0
974,951,943,972,960,949,951,959,926,956,925,961,941,945,951,954,948,931,970,937,924,914,954,951,928,946,932,961,952,975,967,988,911,988,924,942,959,982,945,947,945,950,963,953,950,921,943,961,935,979,944,929,926,936,944,940,937,929,947,961,963,944,966,947,942,975,939,947,942,941,970,971,929,949,951,1071,1073,1119,1133,1157,1161,1158,1176,1229,1227,1246,1227,1304,1288,1290,1301,1286,1307,1319,1297,1321,1289,1275,1283,1259,1211,1236,1194,1160,1207,1150,1144,1123,1107,1092,1065,926,950,951,942,964,941,956,948,960,945,942,955,938,942,944,965,933,968,973,964,957,957,948,962,938,956,953,946,941,956,946,956,922,956,924,951,957,963,956,965,944,933,924,945,955,903,964,921,954,947,928,924,941,946,947,945,938,922,957,952,955,938,948,946,957,944,930,947,955,946,942,927,940,938,928,935,1
963,950,933,958,939,963,939,926,960,957,956,929,958,931,982,943,925,953,933,946,960,957,933,955,935,967,912,958,948,959,946,949,964,949,952,960,940,917,941,941,949,965,949,924,956,954,965,928,960,954,935,944,950,977,958,958,963,954,986,945,952,958,968,978,958,978,939,964,929,951,944,946,930,937,941,848,869,851,856,815,813,827,790,773,775,821,759,765,767,736,754,749,749,737,739,717,739,747,757,773,783,772,774,792,806,808,843,847,841,848,856,930,973,939,935,951,947,920,938,954,953,954,943,966,946,930,966,978,958,940,968,990,965,955,934,947,959,946,969,960,952,949,942,951,942,950,976,961,962,964,951,925,944,945,944,953,946,934,955,948,942,958,947,932,931,954,958,937,955,970,945,944,950,935,949,935,961,946,965,941,949,953,943,964,972,979,957,1
942,940,929,952,938,967,941,962,929,954,947,958,948,946,952,940,964,981,949,947,943,952,958,961,951,958,940,947,953,970,944,930,977,937,931,942,953,938,940,944,956,974,955,936,938,953,968,958,980,966,947,937,921,936,970,946,954,928,958,991,961,934,958,921,927,923,941,933,959,920,978,985,958,972,949,940,928,948,959,923,963,951,968,933,966,982,1022,1062,1092,1137,1170,1216,1241,1253,1216,1185,1142,1072,1044,1006,989,956,957,945,924,934,956,930,959,970,935,980,968,973,963,921,979,950,952,935,972,936,937,937,949,921,957,958,922,975,970,953,980,952,985,973,956,944,960,961,971,953,947,973,962,945,962,930,913,941,922,961,939,965,932,971,979,925,958,946,984,945,950,947,941,934,932,934,961,928,937,944,965,951,941,931,955,936,926,928,957,953,958,932,974,955,963,0
974,943,962,968,935,907,949,934,969,945,933,958,964,970,975,921,936,953,917,950,944,948,970,979,928,947,925,942,949,925,943,950,963,947,947,956,944,934,919,983,933,928,961,962,948,952,959,965,957,949,957,926,929,932,941,964,926,973,947,949,947,960,962,934,926,957,960,970,910,945,935,967,935,954,941,955,955,932,976,939,950,954,959,942,957,986,990,1043,1107,1130,1207,1206,1220,1227,1195,1224,1150,1096,1027,1020,954,928,947,947,955,962,960,940,957,935,945,943,945,991,949,947,920,957,958,967,945,936,936,953,965,967,935,942,918,977,951,929,963,941,937,932,935,942,976,957,938,943,941,973,946,937,946,926,997,939,957,944,967,938,953,918,936,954,958,943,949,983,966,946,957,947,910,929,957,958,936,970,948,981,925,925,934,957,942,945,961,957,976,940,928,944,947,0
959,933,939,959,917,936,948,923,918,945,970,982,966,934,941,957,922,930,960,960,930,936,948,958,962,946,941,943,964,928,943,938,937,963,933,946,980,958,963,955,948,925,949,973,950,972,990,945,954,963,970,962,917,920,946,962,937,944,971,964,938,942,982,910,928,932,946,926,928,955,929,950,965,944,979,950,934,945,933,942,961,925,951,937,958,995,999,1017,1080,1139,1186,1214,1235,1215,1208,1205,1131,1090,1042,988,992,963,929,957,952,956,918,944,907,955,974,970,912,946,955,951,959,949,953,951,945,946,933,927,976,955,942,958,941,931,935,972,957,953,941,940,954,974,969,938,933,956,945,995,946,950,958,952,970,931,944,953,962,959,935,951,948,945,914,936,973,927,940,938,956,971,961,940,968,980,957,946,973,952,948,964,933,936,985,912,964,957,936,967,933,954,954,0
958,963,938,928,954,951,960,943,957,941,960,961,947,936,943,942,925,954,935,943,940,981,964,939,980,957,927,921,978,955,944,974,953,963,964,932,941,940,962,950,939,982,954,926,937,960,954,926,953,939,968,977,955,953,969,949,945,944,952,960,950,950,960,951,956,951,944,956,940,929,955,964,954,969,960,950,962,935,941,955,956,940,950,971,983,967,1023,1061,1108,1114,1167,1234,1238,1258,1224,1193,1124,1098,1055,1011,965,988,976,984,945,935,967,933,933,993,936,947,953,968,966,956,976,966,931,933,936,939,945,961,943,944,929,954,924,921,950,949,961,968,910,955,958,964,974,927,963,926,951,976,944,951,963,969,937,964,957,965,958,940,934,940,955,949,943,947,949,949,972,984,956,942,941,929,936,981,942,942,958,943,949,944,950,954,931,974,937,979,948,945,944,911,939,0
953,946,941,930,942,991,921,927,988,959,972,973,946,953,958,962,963,934,934,948,955,943,954,929,955,971,949,943,947,953,948,964,909,967,939,931,950,967,935,943,946,962,959,934,929,940,954,945,949,963,949,949,959,944,935,956,932,974,943,948,947,960,959,974,966,983,977,948,934,964,917,972,932,966,941,877,880,871,822,837,847,818,796,797,785,768,750,746,749,755,711,732,733,721,750,747,741,728,758,745,778,776,790,791,819,813,824,836,852,886,862,932,943,954,945,970,929,957,961,946,945,957,944,937,950,929,969,962,918,947,951,941,936,957,933,964,998,942,985,927,957,945,953,964,918,954,961,934,947,916,946,949,948,948,976,941,946,975,966,970,942,979,970,948,966,948,942,951,950,937,972,944,957,930,950,931,962,933,944,927,965,946,993,957,966,932,956,1
949,932,969,958,964,927,967,965,940,923,969,928,948,950,936,943,965,969,947,936,965,969,938,948,954,930,957,960,942,968,959,925,963,960,938,972,937,933,950,917,959,946,959,980,937,964,953,949,949,945,963,941,971,947,950,925,949,946,965,954,949,937,965,957,945,970,961,924,948,961,949,948,943,975,972,1021,1007,1010,1057,1055,1034,1092,1078,1084,1078,1101,1089,1090,1104,1131,1132,1127,1131,1129,1147,1122,1107,1116,1111,1116,1106,1090,1055,1064,1048,1054,1060,1024,1023,1031,988,935,936,937,945,965,953,938,956,956,957,942,963,951,949,943,953,959,947,938,957,956,954,932,943,971,975,959,951,965,949,940,967,926,955,951,962,939,953,916,963,926,944,955,961,952,950,943,944,947,929,968,986,948,948,959,950,947,937,943,965,954,993,968,968,938,962,944,950,958,935,972,947,932,928,951,965,1
942,948,963,944,953,923,954,944,938,951,931,943,955,950,952,949,946,961,946,949,942,937,973,962,938,947,956,974,959,968,934,951,943,930,937,946,959,919,946,930,943,929,924,967,957,956,946,963,965,943,929,923,982,931,953,958,936,941,946,973,982,955,932,942,949,946,967,938,953,960,953,979,935,943,960,851,877,865,860,841,803,828,807,783,769,794,761,750,751,747,738,714,735,732,740,719,726,723,760,776,775,801,809,809,828,852,835,828,875,862,896,933,956,948,951,950,952,947,959,959,959,948,942,930,945,938,941,939,948,960,960,979,949,957,947,971,940,960,938,975,955,980,958,954,943,967,960,936,950,943,959,938,950,945,962,963,940,955,957,962,953,933,945,957,929,937,957,956,958,933,931,955,929,957,925,961,953,940,970,950,957,944,969,954,933,942,929,1
929,954,973,958,936,963,966,946,938,946,976,950,950,942,972,964,950,923,975,958,954,953,958,954,941,926,961,954,952,938,936,946,920,954,940,956,943,970,960,955,962,963,960,970,947,949,952,957,947,952,944,956,970,928,960,933,950,959,948,957,953,951,995,946,958,927,945,951,893,926,952,950,967,947,945,875,862,883,859,827,828,817,797,787,798,741,739,765,748,761,755,756,739,736,742,712,736,769,745,766,778,768,808,803,831,833,848,843,841,872,881,947,955,942,937,960,930,942,954,917,949,952,939,933,961,972,960,949,928,964,928,968,957,955,939,969,935,954,930,956,942,969,931,949,951,947,958,946,933,969,946,928,950,941,958,927,977,939,956,949,952,960,954,933,933,963,925,953,944,961,924,964,932,964,914,935,964,946,946,950,947,950,941,972,970,963,941,1
922,932,945,954,935,951,951,945,962,930,951,939,946,972,926,961,930,945,957,951,920,914,942,955,932,927,948,953,945,970,942,933,947,930,974,949,983,955,955,957,941,959,946,950,964,949,950,948,963,931,958,953,932,972,968,937,945,945,969,971,947,941,982,920,938,910,968,915,962,940,963,938,949,965,911,852,861,857,856,817,821,823,811,806,756,788,759,712,744,743,726,727,754,717,736,736,739,731,742,795,774,782,811,817,809,823,826,875,856,884,884,989,942,953,948,955,918,949,948,937,956,946,942,938,947,939,974,931,945,958,956,979,920,947,955,948,965,943,963,903,960,949,948,915,944,969,967,935,930,948,933,974,958,941,935,948,962,954,933,968,956,943,928,961,933,932,967,935,945,945,928,944,951,922,934,912,950,927,948,950,951,950,943,928,954,955,961,1
980,959,963,963,951,931,948,935,960,968,964,951,948,944,937,959,962,989,946,955,941,939,935,947,938,982,940,958,947,914,975,930,953,950,979,926,939,952,925,971,936,960,948,944,962,945,972,957,936,953,964,966,955,951,950,973,934,954,962,938,926,967,947,944,954,968,969,946,970,947,983,933,959,961,968,949,934,949,957,971,942,978,942,973,981,984,1017,1049,1106,1166,1194,1215,1219,1224,1233,1189,1149,1065,1055,1007,980,939,938,929,964,951,954,938,957,946,962,925,993,972,940,930,953,962,949,963,969,930,960,957,927,960,934,938,938,954,968,960,940,985,947,973,967,941,960,928,960,928,962,955,968,971,921,958,932,971,950,951,960,952,950,954,926,939,963,936,953,938,941,952,940,954,939,949,956,956,942,935,966,946,968,947,945,954,950,977,938,941,971,950,944,955,943,0
925,949,921,976,953,939,955,956,932,956,920,940,929,960,936,965,945,954,946,943,958,951,962,969,965,939,954,972,953,972,938,928,959,972,971,947,981,952,943,944,948,960,949,955,953,942,966,959,921,948,946,934,951,942,929,936,975,939,956,947,963,954,984,955,942,950,957,921,939,953,957,961,941,963,938,1013,1032,1051,1052,1043,1041,1050,1057,1079,1108,1102,1111,1113,1123,1144,1120,1149,1128,1139,1121,1146,1127,1118,1112,1100,1087,1068,1081,1061,1067,1042,1032,1038,1047,1030,1033,936,961,949,939,953,962,961,955,933,955,957,947,953,943,960,958,948,950,974,956,952,957,929,963,928,928,939,940,945,931,943,954,945,965,943,947,968,978,933,966,925,939,916,920,948,949,951,949,933,955,925,977,946,907,946,966,968,968,963,939,968,963,952,953,925,954,935,947,941,973,951,956,955,943,940,948,1
940,954,942,940,953,951,934,956,967,963,943,936,960,910,916,955,961,932,947,933,932,965,945,948,985,956,937,940,957,940,972,969,964,943,928,960,951,947,948,952,942,966,968,949,946,968,950,946,963,927,956,968,925,947,936,959,925,979,961,954,935,948,954,949,972,914,943,977,952,984,951,953,928,954,965,970,1011,1023,1012,1040,1065,1072,1073,1083,1109,1121,1116,1127,1116,1178,1136,1112,1136,1134,1112,1120,1115,1094,1144,1115,1088,1085,1081,1078,1088,1061,1033,1024,1025,1009,1019,964,957,945,946,954,984,939,933,940,939,943,938,955,942,958,953,957,964,948,953,990,947,948,949,951,981,934,967,942,976,954,973,973,934,945,969,962,957,935,971,977,923,975,939,937,945,941,926,934,969,963,931,935,959,927,941,973,936,945,976,941,943,957,945,953,950,955,941,967,934,968,932,941,916,966,960,1
958,962,957,934,941,936,928,947,949,950,940,912,946,943,948,943,938,931,947,960,943,942,957,957,944,932,984,946,963,926,959,901,927,949,931,971,913,950,976,920,945,926,980,1004,956,950,955,945,942,950,977,938,929,954,918,973,956,958,948,941,946,946,928,946,947,959,934,933,945,948,902,952,927,938,954,887,870,849,842,813,830,828,798,785,785,790,749,768,761,737,747,741,717,729,745,701,736,766,727,768,759,806,769,804,833,833,816,844,850,880,849,949,936,954,968,950,970,967,964,942,937,939,941,955,944,950,960,952,944,977,935,930,948,954,952,936,940,951,950,949,940,988,921,955,956,964,924,928,964,931,939,951,951,936,960,945,943,945,959,971,952,945,962,949,979,961,928,965,945,954,983,938,957,943,939,925,949,972,940,985,969,965,942,991,965,938,941,1
972,953,954,961,952,934,953,948,958,934,947,965,944,968,950,932,938,941,944,923,950,965,957,955,974,982,959,956,933,919,945,943,946,923,947,962,937,939,923,946,942,946,928,940,956,926,956,946,945,945,926,966,937,931,938,950,948,945,937,924,937,966,928,955,965,952,969,953,938,948,946,924,957,949,953,957,961,959,956,941,980,952,944,974,981,989,1021,1053,1078,1160,1161,1218,1265,1252,1218,1182,1104,1078,1038,1011,979,951,956,944,941,951,938,958,950,963,935,906,960,954,978,958,965,943,943,925,947,935,971,935,915,959,952,980,962,954,939,947,925,952,971,942,948,978,968,957,959,945,947,933,955,937,971,961,937,954,924,917,940,939,939,941,947,926,940,963,960,944,954,950,918,942,960,955,959,953,939,962,961,972,981,951,935,955,949,965,966,936,940,974,939,967,947,0
963,951,968,961,943,952,956,939,960,969,940,943,923,940,949,958,954,977,925,938,939,941,937,953,959,946,959,945,939,953,953,935,928,954,982,966,961,944,939,946,944,982,951,960,940,924,965,953,944,938,966,947,952,945,941,976,948,946,918,971,956,968,937,969,946,937,941,948,974,971,958,946,947,958,945,1044,1080,1089,1114,1136,1149,1182,1215,1209,1231,1230,1273,1284,1294,1284,1294,1308,1317,1322,1318,1323,1298,1283,1300,1263,1274,1246,1224,1183,1194,1161,1161,1137,1104,1101,1062,937,940,943,948,954,947,940,941,946,968,933,943,915,955,963,924,964,953,938,922,949,966,916,958,944,941,941,959,941,942,953,926,944,973,925,958,952,966,924,952,975,947,945,976,943,953,939,954,952,966,948,978,961,952,952,944,948,946,942,943,943,944,960,954,932,922,956,953,953,958,959,941,989,957,945,966,1
937,970,953,952,967,961,966,941,932,961,942,956,961,923,971,935,942,962,974,962,976,930,939,926,957,980,941,939,943,967,937,945,967,952,963,945,959,963,949,939,965,935,969,932,934,961,941,932,955,919,962,950,952,963,961,956,941,949,945,931,944,948,956,950,958,934,921,949,940,952,933,941,938,954,970,1049,1001,1004,1007,1028,1051,1060,1078,1098,1103,1085,1131,1114,1114,1110,1144,1118,1149,1133,1104,1099,1093,1106,1106,1125,1076,1111,1090,1107,1053,1049,1044,1029,1005,1033,1029,962,965,935,940,929,953,929,941,923,922,959,965,939,951,926,937,939,985,968,932,970,947,960,961,987,951,921,922,964,970,970,952,960,936,949,951,956,942,955,955,960,950,956,977,945,922,947,964,956,946,951,940,931,970,972,941,947,967,993,937,965,941,911,970,935,952,989,950,954,947,945,937,934,951,953,940,1
945,947,930,953,962,966,928,944,941,939,942,949,939,958,960,947,947,954,954,958,960,941,964,951,955,972,933,941,929,942,945,944,918,938,966,956,930,947,964,936,958,968,972,953,961,920,951,951,971,925,925,951,949,952,941,972,956,955,943,962,949,975,976,929,926,943,968,932,933,958,945,912,945,946,959,872,881,860,859,810,821,823,816,791,764,763,786,744,750,726,734,738,756,717,738,748,741,729,789,783,776,799,824,815,842,833,810,854,854,839,863,952,964,982,956,961,942,968,971,913,946,925,946,964,953,973,951,963,956,950,955,989,952,966,925,935,960,947,951,955,938,952,939,953,940,955,921,929,985,956,974,940,970,954,955,966,956,969,933,964,954,948,971,942,949,959,953,937,972,973,951,953,930,949,943,950,966,935,947,958,965,924,964,938,990,944,967,1
946,950,942,948,932,934,962,984,916,944,955,971,956,954,920,958,977,937,952,949,970,957,963,965,952,966,938,945,968,947,937,942,946,942,925,952,941,967,944,920,944,965,967,970,948,953,974,946,966,968,941,945,941,964,933,945,943,927,952,949,958,944,935,983,952,948,935,933,958,952,943,964,946,958,969,956,950,934,939,941,957,963,952,962,969,991,1028,1068,1061,1143,1178,1225,1246,1279,1216,1195,1147,1077,1033,1004,973,953,943,952,957,936,973,916,962,936,949,940,957,922,941,953,964,966,959,941,970,965,938,961,966,963,959,936,960,954,944,962,962,938,925,964,945,938,959,943,935,943,931,957,969,911,961,964,963,964,947,930,937,976,955,938,947,976,974,958,947,951,952,933,960,964,949,946,944,952,960,962,936,954,932,973,908,928,932,950,989,940,920,953,970,934,938,0
923,939,964,937,962,941,974,912,950,939,971,943,948,951,950,942,969,922,979,958,974,931,943,938,943,913,949,951,942,941,951,935,922,966,943,955,959,948,964,936,926,973,956,916,958,969,923,949,963,971,931,964,969,968,981,961,950,947,924,949,930,949,939,939,962,987,930,969,935,974,950,966,952,965,941,929,972,970,920,940,935,966,954,932,947,997,1010,1027,1064,1124,1178,1242,1274,1265,1210,1168,1152,1105,1043,1039,956,966,951,961,967,940,968,957,965,943,963,960,972,969,970,933,974,948,971,967,937,948,948,961,975,957,957,934,960,944,937,939,969,931,926,954,973,928,962,962,950,957,957,957,964,971,939,962,953,967,951,935,948,958,917,967,991,968,939,944,938,939,956,946,974,965,980,945,957,950,967,941,942,961,939,958,935,947,945,935,919,971,939,938,941,943,953,0
939,932,949,947,947,930,938,941,947,954,974,978,935,943,962,957,946,946,920,945,916,942,960,933,940,960,956,957,956,947,950,944,968,952,942,958,933,942,939,952,940,964,957,945,933,959,951,947,978,946,982,948,951,953,957,956,920,941,955,928,973,950,945,939,928,950,928,933,953,955,935,965,929,939,957,965,946,949,945,962,958,952,935,948,986,979,999,1043,1079,1131,1175,1215,1235,1240,1221,1186,1144,1067,1041,1011,981,976,952,954,968,955,974,921,951,965,955,929,932,962,973,958,963,930,972,945,928,947,964,934,949,941,977,951,939,927,942,949,953,947,970,965,928,919,932,953,957,930,937,935,950,935,948,946,949,941,929,953,953,956,934,921,939,954,943,946,944,929,966,979,942,916,929,967,943,947,941,940,933,956,901,950,951,930,958,931,957,935,955,942,935,920,950,0
945,947,927,911,952,944,970,943,952,943,945,972,943,950,934,961,963,940,932,970,952,968,937,950,915,936,934,969,924,945,936,941,955,934,961,957,927,930,956,937,962,947,961,960,950,942,936,963,949,955,930,953,961,947,960,925,946,932,963,949,919,927,941,949,951,944,983,956,951,967,962,944,967,945,944,929,951,948,971,948,944,934,921,938,982,969,1000,1056,1108,1119,1191,1210,1262,1249,1229,1178,1144,1088,1041,998,984,985,937,938,957,929,972,950,954,951,941,952,929,946,931,960,933,937,950,957,945,945,975,947,952,947,958,972,958,969,959,941,965,955,934,961,959,949,956,958,966,954,921,940,946,942,928,958,958,948,965,960,934,932,963,959,968,963,946,948,930,940,949,963,949,945,956,949,974,948,945,972,949,927,956,958,934,959,932,948,958,944,972,943,988,940,956,0
955,926,950,948,962,951,947,951,963,944,941,939,949,923,943,962,934,951,923,969,941,949,957,951,961,948,954,949,954,950,932,929,949,951,963,955,928,949,934,967,937,943,967,928,942,940,966,941,933,955,930,947,953,956,948,955,922,957,943,961,946,965,979,957,929,973,944,938,967,931,953,937,946,943,940,1020,1014,1040,1030,1055,1042,1076,1061,1097,1084,1118,1097,1127,1126,1121,1126,1120,1151,1120,1121,1106,1089,1102,1096,1117,1101,1087,1062,1048,1077,1046,1031,1050,994,1040,996,978,947,974,955,949,954,934,944,945,943,968,966,968,956,930,936,927,966,946,946,939,958,964,948,949,939,949,941,937,915,949,948,986,941,914,937,964,952,962,984,957,936,951,958,953,930,950,934,951,927,948,932,959,939,940,941,961,958,942,944,914,961,918,950,949,948,965,947,957,978,945,970,935,940,974,936,1
946,940,969,940,942,941,968,960,962,946,965,948,939,979,952,954,943,921,949,948,980,948,939,953,973,960,940,944,951,948,982,942,958,948,940,972,924,939,938,933,936,949,938,946,939,971,943,947,948,946,954,930,928,957,969,934,978,945,942,967,960,976,917,974,966,928,937,989,941,914,967,934,955,967,952,951,957,966,954,948,942,938,956,944,995,999,986,1065,1091,1141,1170,1178,1240,1266,1234,1166,1145,1087,1036,984,989,972,955,923,942,941,973,976,937,965,947,958,957,946,950,943,936,954,946,925,943,944,966,958,953,940,960,940,948,989,942,941,951,957,972,945,948,957,950,945,927,961,945,948,980,964,921,955,943,951,958,935,953,932,957,956,955,936,961,946,957,940,1011,940,957,938,951,941,958,966,952,975,950,961,964,915,971,922,946,962,943,945,961,936,946,945,957,0
948,959,960,944,973,951,969,953,926,954,979,984,929,955,944,967,930,942,956,950,960,959,950,947,977,946,954,964,941,951,942,936,939,955,957,941,955,973,967,926,959,931,934,957,957,946,954,951,950,964,953,944,927,958,959,943,964,941,957,959,965,932,934,932,973,959,942,945,924,948,946,944,944,949,957,1049,1079,1110,1128,1116,1146,1167,1209,1232,1244,1231,1272,1302,1273,1283,1280,1289,1281,1304,1323,1272,1311,1257,1282,1258,1278,1227,1204,1199,1203,1170,1144,1132,1119,1061,1054,969,980,933,941,937,937,954,974,942,978,939,936,959,961,961,969,942,936,946,948,943,940,929,939,966,954,939,938,962,949,970,928,980,969,951,939,920,937,961,955,950,938,950,952,942,966,954,961,961,956,930,944,948,948,938,938,921,939,936,975,954,946,940,928,956,948,948,948,969,923,959,946,977,945,945,960,1
965,951,953,959,967,961,950,956,932,935,960,953,945,918,972,953,970,934,949,948,961,937,931,963,971,948,968,935,945,933,973,933,944,955,957,943,958,970,954,947,961,953,946,954,981,971,941,948,964,932,962,931,944,941,928,965,961,930,925,931,946,951,979,944,939,934,975,979,945,960,954,972,954,948,943,942,936,963,967,975,960,931,960,952,990,987,1044,1043,1079,1151,1191,1228,1238,1230,1247,1150,1148,1071,1047,1003,977,942,927,942,962,972,968,945,940,953,974,957,947,956,966,947,949,951,932,965,942,975,930,948,943,952,969,961,951,938,963,933,931,935,953,937,928,960,957,943,950,946,943,968,939,963,954,965,956,953,974,950,956,949,963,940,949,930,945,948,963,930,938,937,986,937,928,970,949,932,929,939,925,937,955,939,942,952,936,938,928,968,953,965,948,967,936,0
919,957,947,957,946,944,923,962,926,956,975,937,945,963,938,970,938,966,963,960,985,966,940,971,984,954,957,965,933,960,917,944,965,947,936,926,954,927,940,936,946,920,947,961,928,923,962,953,938,940,945,969,945,973,953,962,937,954,973,929,952,964,940,912,933,953,951,943,958,920,963,954,961,942,943,963,974,946,953,946,957,951,960,979,971,1022,977,1049,1090,1154,1186,1224,1223,1260,1215,1178,1149,1070,1050,1026,969,967,945,957,966,958,968,957,957,960,965,970,957,948,948,957,948,952,944,946,937,956,933,930,950,943,967,943,935,966,948,958,925,932,950,954,961,954,956,916,964,954,949,949,947,945,943,980,964,954,961,955,964,976,931,922,955,955,968,934,957,951,928,946,965,973,975,970,942,961,939,932,955,961,941,945,935,943,951,938,963,943,936,941,930,961,940,0
951,977,931,942,964,947,950,933,967,946,955,947,942,944,952,943,953,936,957,968,967,940,972,951,944,949,943,955,940,958,961,961,939,965,948,944,955,932,939,951,951,932,985,948,970,938,946,945,940,941,934,929,963,946,923,955,944,966,942,938,980,961,985,962,934,928,931,958,932,958,962,964,966,952,954,1082,1126,1097,1123,1156,1159,1183,1219,1200,1256,1246,1268,1270,1281,1291,1302,1322,1304,1309,1311,1286,1291,1274,1274,1264,1238,1234,1214,1210,1176,1160,1123,1126,1108,1097,1072,957,950,952,967,927,944,943,953,958,935,922,940,965,932,965,964,978,940,956,940,958,933,942,953,971,937,964,942,936,934,955,953,955,960,932,922,927,926,957,938,956,977,932,949,960,938,927,945,953,924,960,971,915,956,947,951,938,942,950,979,944,933,939,932,920,961,952,941,931,936,981,945,955,953,944,962,1
967,970,937,963,960,936,957,958,948,946,940,947,958,953,954,931,969,979,929,926,945,970,948,979,939,955,966,959,966,968,932,939,944,937,969,927,970,961,962,970,960,961,950,941,939,957,944,965,936,955,947,936,964,954,945,952,943,940,959,947,929,951,976,938,965,945,943,955,940,962,954,981,954,951,954,942,940,926,923,947,961,944,930,956,940,952,993,1028,1087,1152,1203,1232,1265,1262,1205,1204,1134,1122,1038,1021,992,966,938,944,962,956,922,925,961,956,945,919,955,967,955,961,932,940,956,923,956,948,932,956,989,943,949,954,943,968,966,948,956,956,945,942,955,955,918,961,961,933,948,968,962,954,934,923,957,924,961,964,963,942,959,966,942,964,978,946,976,977,942,931,962,948,948,983,926,937,941,955,962,923,940,953,970,947,966,935,950,943,979,957,961,923,956,0
928,952,953,957,927,954,940,947,952,943,947,920,958,922,945,955,982,955,943,946,953,963,952,916,937,953,935,942,955,963,970,940,951,952,954,939,971,956,948,924,949,959,951,963,941,943,950,935,952,946,945,969,942,955,938,950,939,935,945,944,951,943,949,933,957,950,953,952,947,960,928,974,946,977,960,855,853,862,836,823,864,809,800,762,769,769,751,722,761,735,766,754,752,739,726,742,739,744,750,770,749,770,815,810,838,826,848,836,848,879,876,947,975,958,970,969,965,945,942,957,967,938,969,933,937,943,901,980,954,975,947,950,969,957,956,948,956,936,979,939,962,965,977,960,913,965,958,948,940,971,929,947,938,935,940,932,945,964,939,967,939,952,946,955,935,944,965,962,938,961,958,947,964,940,972,969,940,950,931,935,972,957,948,932,937,947,932,1
936,957,952,944,975,931,953,949,958,948,934,937,936,936,943,948,937,936,964,965,970,938,946,942,939,960,945,942,956,970,952,972,931,936,923,942,954,949,951,968,938,964,961,927,967,958,939,928,955,966,940,932,959,950,970,976,953,954,978,956,939,929,960,981,976,958,958,963,935,946,939,935,945,955,924,877,826,858,818,849,837,810,813,784,786,754,757,770,757,739,748,748,740,744,728,723,760,760,770,795,760,764,773,828,780,824,840,844,840,872,881,942,941,950,959,968,936,952,971,949,924,941,918,962,959,953,986,966,971,975,969,959,955,941,952,973,962,946,907,951,949,952,924,929,951,937,920,935,951,947,958,971,953,958,957,935,938,969,919,957,960,962,975,953,956,947,980,948,921,955,973,952,959,952,949,905,960,940,963,943,951,943,944,934,935,934,974,1
939,939,940,931,974,965,967,922,1001,948,953,950,946,932,937,954,956,925,932,966,948,977,940,962,936,939,962,968,975,941,951,950,943,943,955,964,931,942,931,925,942,943,966,958,940,949,918,948,929,926,937,947,953,935,965,964,952,948,936,953,987,945,969,966,943,962,972,950,975,942,937,964,976,958,974,1008,1022,1011,1025,1048,1037,1068,1076,1088,1098,1099,1102,1107,1089,1146,1142,1132,1117,1114,1113,1130,1095,1116,1122,1103,1092,1094,1049,1098,1080,1039,1029,1031,1039,1031,1025,946,965,952,956,982,955,955,966,959,945,947,933,941,947,953,933,947,943,946,945,950,932,919,961,956,940,935,940,934,986,961,975,964,958,963,931,948,939,943,918,951,957,929,928,940,942,933,958,935,940,951,958,964,957,931,938,952,935,943,960,956,945,929,963,970,951,977,944,965,965,974,947,960,957,943,975,1
997,963,948,962,941,960,937,979,921,961,957,944,952,980,942,976,961,953,973,950,954,948,961,955,947,933,958,972,974,952,955,956,957,934,968,956,954,962,943,932,927,947,965,942,965,967,943,937,950,952,945,953,942,950,971,947,948,927,962,942,929,951,963,928,971,939,950,962,950,942,963,967,963,960,933,934,961,956,938,932,950,931,938,953,971,983,1013,1081,1084,1147,1172,1225,1236,1226,1207,1182,1115,1109,1058,1004,1007,963,925,960,940,940,962,975,942,957,947,935,940,933,972,955,957,958,947,972,937,966,924,956,927,943,944,923,950,959,958,969,942,953,951,959,919,942,951,970,959,939,936,957,909,943,944,978,920,955,931,918,955,955,946,959,938,954,954,965,963,959,966,922,927,932,956,953,944,951,956,931,955,977,938,971,949,942,953,933,964,950,965,964,964,963,957,0
957,954,945,945,946,957,941,941,945,952,930,938,953,901,945,933,961,973,956,969,949,944,960,942,937,934,936,974,965,945,950,943,961,950,947,947,942,953,928,951,922,943,956,944,945,944,957,949,984,947,926,971,951,942,952,950,946,954,939,948,965,968,963,965,935,966,959,932,928,933,978,949,945,967,926,957,963,944,947,957,950,932,936,925,954,978,1016,1049,1080,1152,1191,1229,1233,1245,1206,1164,1112,1101,1020,1032,979,957,952,965,957,967,939,967,944,957,947,964,965,977,969,930,948,937,935,933,944,948,961,973,941,987,942,949,925,945,937,968,963,988,965,942,933,961,964,938,935,938,961,954,956,938,977,959,949,957,937,954,933,938,937,942,945,944,984,942,941,953,954,946,957,931,934,965,960,959,961,967,925,971,936,933,949,965,946,965,940,931,962,961,954,938,952,0
956,948,966,954,948,954,911,944,959,969,960,952,938,917,943,961,949,938,933,940,972,958,954,968,972,939,938,954,932,950,931,948,960,963,948,940,962,970,949,931,958,964,950,936,932,963,973,953,943,957,929,938,931,962,953,942,967,951,971,963,960,952,957,953,979,952,953,960,954,945,932,945,941,969,994,1066,1099,1085,1156,1147,1144,1167,1177,1207,1206,1258,1260,1282,1278,1289,1310,1296,1312,1327,1315,1314,1287,1294,1251,1242,1254,1250,1224,1197,1165,1152,1128,1106,1095,1095,1064,941,942,967,950,942,963,961,961,961,950,942,935,945,955,940,960,949,947,968,954,950,931,942,958,944,959,957,941,976,941,943,943,960,961,952,961,965,948,947,945,923,967,938,934,937,953,963,959,952,966,934,954,971,954,947,943,950,981,951,968,928,962,931,956,963,922,967,938,960,948,954,988,941,936,926,929,1
946,957,941,945,978,963,940,939,937,943,952,967,920,960,940,942,965,979,931,927,925,956,955,944,948,952,934,967,963,899,944,965,951,933,939,943,944,966,934,968,964,942,948,954,956,964,938,940,940,942,925,923,962,955,945,969,939,943,963,941,961,945,956,954,920,959,966,962,947,957,944,926,964,938,966,1017,1031,1035,1059,1031,1047,1067,1078,1074,1126,1098,1124,1106,1117,1106,1119,1115,1144,1147,1127,1091,1145,1114,1120,1097,1098,1100,1061,1071,1064,1077,1061,1018,1023,1007,1009,935,937,933,932,951,968,974,949,945,940,942,959,955,953,959,944,954,965,963,939,974,960,947,923,961,923,982,951,954,958,922,945,964,920,925,954,964,954,934,950,948,935,940,949,925,974,953,959,937,951,954,956,937,935,963,965,936,930,950,971,931,982,929,944,961,955,935,957,934,957,945,944,950,919,925,972,1
945,930,934,965,951,925,962,923,942,944,953,955,954,936,949,948,959,958,966,948,964,952,931,964,924,968,958,943,926,948,960,956,931,955,947,959,946,966,974,947,962,950,938,964,943,902,981,963,925,946,945,949,928,958,931,956,950,959,958,965,948,940,916,938,968,962,945,919,949,956,956,969,947,940,961,875,893,868,862,833,802,823,800,825,796,744,752,752,734,771,753,725,757,757,762,755,759,757,730,760,776,785,798,821,806,814,843,836,882,868,866,927,951,934,936,965,965,936,951,963,973,978,949,935,941,947,919,969,964,956,925,970,966,939,952,960,942,964,964,941,984,961,984,969,949,938,975,972,929,932,948,928,938,942,939,926,961,954,952,950,965,950,935,956,925,971,950,938,952,963,977,960,936,962,950,950,944,944,935,965,945,929,948,942,974,913,919,1
937,947,946,951,939,982,939,964,986,949,955,941,978,965,941,956,948,977,955,983,916,934,957,943,977,955,977,932,971,959,938,939,957,968,947,922,959,943,966,950,929,959,967,954,941,963,955,942,946,960,972,945,925,933,955,966,938,934,955,929,953,925,925,941,925,952,955,959,972,970,962,956,952,928,950,957,991,963,963,930,956,962,965,936,977,987,994,1023,1070,1135,1176,1243,1234,1254,1216,1200,1144,1076,1050,984,989,966,963,940,954,952,958,940,921,970,973,950,951,978,949,913,951,917,937,948,952,950,949,917,957,965,944,953,960,961,960,959,965,930,940,954,946,935,967,961,928,966,962,949,953,961,953,960,948,922,938,935,943,970,957,959,931,951,955,925,941,950,966,955,932,934,957,943,945,944,923,953,914,930,943,970,935,938,948,909,933,965,934,933,939,933,940,0
933,948,935,933,946,955,939,948,951,939,958,953,934,950,959,950,957,956,941,955,939,936,959,944,942,951,915,927,934,953,945,939,945,957,944,961,955,950,980,975,943,940,973,960,959,935,939,939,925,985,957,943,960,924,948,966,932,943,955,929,956,940,957,960,929,968,947,957,952,957,948,938,928,948,948,933,946,967,937,953,927,972,968,963,957,979,1021,1026,1102,1137,1182,1226,1262,1234,1219,1179,1152,1095,1027,1019,960,956,983,985,946,918,940,940,966,970,946,948,955,932,952,957,957,946,964,946,968,961,955,935,964,957,947,920,940,928,937,940,926,951,945,931,945,946,943,943,950,931,967,953,939,981,949,964,951,954,958,932,959,957,934,959,923,930,971,963,937,934,947,925,929,933,938,956,955,945,937,966,963,967,939,980,947,947,931,939,946,949,958,965,950,938,955,0
932,963,917,933,947,954,941,936,944,927,933,956,959,940,985,953,913,954,931,932,966,956,940,952,935,975,956,931,945,960,960,961,941,957,945,972,933,959,945,924,950,961,932,929,945,953,937,957,958,942,940,934,957,939,943,945,940,963,930,984,978,966,970,962,927,951,951,962,933,960,954,946,946,923,940,949,972,954,954,958,953,936,939,951,959,977,1012,1054,1080,1138,1182,1236,1272,1236,1215,1193,1134,1097,1055,1029,974,985,944,988,945,954,947,940,948,959,974,942,980,962,949,916,933,932,933,968,972,948,954,951,950,950,939,942,967,949,961,945,966,918,974,937,981,942,916,953,959,949,960,947,950,960,948,946,970,957,932,939,965,956,976,932,969,942,961,946,931,949,925,924,967,965,930,982,947,966,945,977,938,920,957,927,950,958,980,934,943,980,961,973,936,966,932,0
931,950,953,934,954,956,942,960,941,947,916,971,931,965,950,946,937,943,966,952,935,937,956,958,945,930,967,952,939,960,953,962,944,972,959,960,959,931,955,958,965,971,929,933,946,946,966,949,936,957,952,965,936,937,937,942,960,924,919,928,954,944,934,952,954,951,935,927,952,952,957,945,935,925,942,953,941,962,932,975,975,921,964,961,962,985,1008,1039,1085,1119,1176,1242,1249,1241,1228,1219,1163,1122,1045,1008,972,978,955,932,929,941,933,946,959,944,953,958,949,944,967,943,964,943,962,959,931,965,949,904,950,959,941,964,966,943,933,928,933,920,935,941,939,972,927,942,943,934,961,947,935,963,937,963,950,928,936,959,957,986,968,924,932,917,944,928,966,937,938,918,948,940,939,939,950,953,912,942,955,952,940,930,952,950,937,959,939,938,928,979,954,949,978,0
946,964,964,960,937,940,954,989,931,971,947,948,950,935,951,971,949,948,964,979,945,942,963,962,974,933,944,976,909,939,949,949,955,930,918,910,971,949,958,933,944,944,927,933,936,963,954,920,947,962,952,959,962,964,957,980,950,937,967,952,957,950,934,956,928,946,932,960,962,955,945,929,953,942,979,998,1031,1009,1025,1040,1079,1043,1071,1089,1060,1098,1095,1102,1134,1119,1130,1124,1138,1152,1126,1141,1125,1116,1108,1098,1085,1112,1070,1067,1069,1050,1060,1041,1014,1018,1014,990,959,974,947,945,947,952,957,926,929,944,981,958,948,953,948,948,950,957,962,965,962,937,941,940,959,962,941,971,931,951,918,972,908,964,931,970,934,941,947,957,939,980,941,966,948,936,945,956,931,953,948,963,934,971,941,937,943,960,973,951,943,950,950,947,967,971,952,977,965,933,961,962,950,936,965,1
933,933,935,957,969,947,955,956,939,912,945,973,944,945,930,970,964,967,958,939,929,964,938,929,951,901,943,946,966,942,950,966,956,897,966,946,944,950,949,968,938,959,954,969,933,938,989,953,961,972,957,963,923,945,949,956,971,981,959,950,936,939,948,959,977,958,965,953,956,945,943,932,956,988,923,951,963,937,957,951,983,932,948,949,995,956,1007,1042,1054,1150,1183,1229,1250,1259,1236,1169,1143,1073,1021,1008,984,955,934,922,951,940,962,939,959,938,950,963,962,934,949,942,971,946,943,953,945,959,938,979,956,920,954,948,957,929,960,951,952,952,954,967,986,957,976,953,932,965,954,947,948,921,943,933,966,944,946,951,940,946,970,962,924,944,942,944,960,933,962,922,941,968,940,940,939,926,943,942,932,963,932,982,964,937,944,922,943,958,981,942,953,942,946,0
963,972,972,957,982,952,972,950,984,966,944,944,954,927,940,949,944,970,936,952,948,961,956,941,945,942,931,950,960,944,946,936,913,960,961,953,950,910,947,936,935,940,959,970,950,951,951,946,957,912,948,931,955,947,940,938,969,955,969,935,936,950,932,952,955,931,944,944,937,949,975,930,975,958,930,875,829,849,844,842,850,832,787,808,783,778,715,759,728,748,747,720,754,722,744,776,740,767,743,771,766,764,807,791,792,836,818,834,868,887,896,955,964,948,951,940,941,949,961,953,937,960,958,947,955,930,963,932,960,902,940,938,953,925,939,910,954,934,949,919,944,954,960,950,935,935,971,976,947,935,932,969,931,969,938,952,944,942,947,940,988,941,956,965,927,963,928,925,955,975,958,965,968,948,968,942,945,949,945,919,951,950,950,959,935,958,942,1
942,917,949,915,933,956,926,951,954,946,948,936,926,945,919,977,962,954,948,957,951,932,974,970,985,940,956,967,971,923,977,976,931,946,939,941,930,949,953,965,929,954,955,942,949,955,950,947,953,927,959,951,933,956,930,936,970,933,948,967,965,945,934,950,966,931,942,948,952,962,973,953,968,954,974,927,957,955,950,944,948,961,934,916,965,1007,999,1037,1081,1153,1194,1221,1273,1227,1220,1197,1137,1074,1075,1006,968,974,971,957,979,931,930,966,952,955,929,954,988,940,974,937,933,952,939,977,984,953,944,934,940,970,944,953,958,934,946,937,940,973,922,954,930,932,952,929,941,940,926,971,932,947,956,969,952,946,953,935,944,955,967,927,975,948,935,969,931,975,955,956,953,944,949,947,957,934,920,952,944,968,943,909,956,958,964,931,938,955,968,976,911,963,979,0
958,963,941,965,937,956,938,912,936,970,938,963,963,940,920,939,958,950,966,953,978,956,939,962,950,930,943,944,958,962,929,980,951,965,937,949,955,910,941,947,962,965,983,944,939,916,958,946,945,967,972,936,954,965,938,929,940,953,965,957,964,918,922,958,940,937,929,945,974,942,960,933,937,943,932,881,858,866,829,846,822,835,824,751,799,750,764,741,773,734,746,734,739,754,724,746,723,749,764,760,774,768,791,776,806,821,810,819,856,852,884,938,946,979,953,940,962,940,944,973,961,962,979,957,957,934,968,934,972,950,955,943,950,923,980,929,959,961,948,938,925,926,954,941,963,957,957,952,951,931,934,928,930,955,942,954,965,932,960,955,966,971,921,957,976,927,962,951,984,934,968,923,951,932,952,953,952,943,961,952,956,928,943,972,939,949,953,1
975,966,955,946,938,945,941,962,947,960,953,936,951,937,948,935,944,951,946,915,1004,928,934,956,980,937,940,940,944,945,939,952,916,972,955,934,975,940,963,943,965,935,945,968,964,949,967,964,942,982,950,971,949,949,952,954,942,953,944,942,949,940,964,947,961,948,948,941,936,936,943,952,938,948,936,975,957,932,963,922,948,941,952,953,998,953,993,1035,1091,1137,1194,1252,1241,1244,1219,1191,1138,1084,1065,1009,976,976,927,953,962,958,933,961,958,960,949,952,946,930,925,971,957,968,954,965,919,945,963,910,925,951,967,988,974,939,931,948,949,939,968,956,957,948,953,946,953,953,949,946,947,940,926,930,947,934,933,948,946,952,960,974,927,950,963,935,946,953,951,951,929,939,957,981,946,964,982,958,944,980,958,956,958,968,931,957,933,966,984,953,945,933,947,0
948,952,983,944,949,953,927,945,920,943,994,937,935,933,964,936,948,950,912,950,957,962,965,942,951,969,954,948,957,947,955,963,978,960,934,977,958,928,940,958,944,944,930,951,947,972,938,963,915,980,950,952,947,956,956,937,965,954,946,938,936,942,957,944,947,945,939,947,957,935,958,957,925,949,965,1006,1010,994,1033,1077,1069,1058,1059,1088,1096,1108,1073,1096,1110,1112,1089,1127,1127,1102,1132,1105,1105,1094,1106,1103,1053,1117,1091,1092,1068,1053,1025,1034,1030,1029,1026,978,956,944,962,961,973,954,971,952,945,964,953,934,952,956,955,927,957,928,954,948,933,950,964,972,935,934,935,957,944,966,927,969,969,952,948,951,947,906,946,916,929,984,946,918,942,933,953,941,987,964,965,961,951,935,976,939,930,948,931,949,962,915,939,961,936,933,928,940,954,955,965,931,942,971,959,1
939,942,964,968,993,953,926,949,941,943,953,941,965,948,940,942,970,923,933,950,958,951,934,927,941,941,950,932,985,965,951,959,941,949,962,952,958,944,970,949,935,960,955,945,929,980,961,929,973,936,965,932,941,942,956,959,966,929,956,917,977,934,969,923,947,978,942,951,987,985,944,948,936,948,935,928,967,959,977,941,948,964,927,999,958,979,1014,1049,1088,1124,1166,1209,1241,1240,1256,1179,1126,1067,1037,981,972,990,963,953,944,953,971,935,977,931,952,955,952,961,953,972,950,964,955,955,934,953,960,950,954,942,946,945,964,941,968,922,955,947,949,963,937,958,950,953,946,972,958,925,934,949,948,966,953,942,944,948,958,943,959,939,947,931,965,982,950,954,919,958,959,964,941,953,955,940,926,932,935,925,970,969,945,992,945,937,949,943,952,976,986,971,952,0
977,962,964,957,954,952,955,982,946,962,952,942,961,946,971,936,958,942,943,957,938,965,930,945,961,920,941,957,942,952,975,951,934,938,936,976,955,948,940,963,957,909,973,932,944,953,940,966,954,939,943,942,981,960,953,960,940,951,976,934,946,951,941,936,938,959,982,927,949,961,970,961,969,955,958,1070,1083,1119,1092,1143,1139,1191,1187,1212,1231,1246,1247,1283,1256,1291,1322,1303,1310,1315,1291,1281,1284,1271,1248,1257,1261,1239,1212,1219,1152,1165,1131,1126,1094,1081,1080,943,955,947,945,953,953,937,955,954,963,961,932,954,957,972,930,954,936,956,973,951,953,926,976,949,969,929,964,916,943,933,939,970,936,947,947,958,946,952,961,950,972,969,941,954,957,945,934,943,933,943,921,958,939,959,943,941,958,953,934,924,939,949,954,957,967,963,976,933,956,939,935,934,930,958,953,1
966,966,940,936,970,951,932,962,966,949,946,936,970,963,920,943,948,964,957,943,945,952,958,940,948,932,928,950,947,937,963,956,945,954,941,960,947,927,939,954,954,962,945,949,969,955,939,958,943,928,978,952,976,980,965,959,955,964,941,963,957,941,952,940,957,947,944,938,965,956,962,945,960,940,936,978,943,958,946,942,964,947,955,946,946,980,1004,1026,1081,1102,1179,1236,1235,1252,1218,1193,1143,1093,1010,999,993,951,927,946,914,962,963,959,945,937,938,936,941,961,965,975,951,944,933,966,946,938,948,936,943,948,936,949,992,939,939,938,948,946,958,953,976,969,947,964,946,950,968,951,937,933,952,951,951,956,952,952,982,945,963,952,945,953,959,944,946,952,933,943,966,976,929,914,937,946,932,954,973,922,975,959,950,934,943,945,934,945,942,958,948,968,934,0
951,948,960,976,956,942,943,952,949,930,933,957,968,932,925,923,922,947,959,951,949,947,954,933,962,907,951,950,956,942,938,940,957,974,961,952,952,946,928,974,923,982,931,956,969,959,945,947,944,940,934,951,963,936,934,950,966,951,941,945,993,960,947,953,939,942,956,966,995,950,951,969,967,933,928,939,973,962,932,963,973,933,945,928,976,963,1010,1019,1087,1150,1153,1221,1242,1248,1216,1195,1127,1103,1052,988,986,976,969,944,956,949,925,952,945,941,967,968,936,953,964,978,932,939,972,950,971,959,930,952,955,973,922,956,952,970,956,942,960,942,926,983,923,970,961,974,958,944,953,968,962,937,954,954,935,951,951,965,958,953,984,929,935,955,934,951,959,954,919,936,954,975,937,938,953,972,952,952,919,973,947,979,968,954,967,937,972,990,932,972,936,974,962,0
952,935,941,953,948,947,993,940,940,970,932,923,959,972,966,928,977,951,953,963,942,978,946,937,931,920,934,948,965,958,955,957,957,956,954,964,940,928,923,946,938,974,953,932,1004,969,954,951,965,978,948,954,960,970,930,968,961,967,944,965,966,926,934,992,942,984,944,943,949,912,966,938,911,947,953,1018,1023,1038,1035,1045,1053,1038,1090,1094,1080,1096,1120,1117,1113,1128,1150,1137,1147,1162,1113,1109,1098,1103,1126,1082,1121,1108,1062,1074,1056,1060,1034,1031,1034,1021,1005,930,985,922,963,928,922,939,925,931,959,957,947,953,934,927,968,949,945,942,957,959,947,924,961,949,966,942,919,960,936,950,967,937,937,928,950,961,929,963,941,921,961,965,957,953,949,938,941,960,969,960,958,967,958,939,956,930,915,949,974,946,924,967,944,959,958,973,968,974,906,950,960,946,944,939,911,1
972,955,968,960,946,958,970,942,942,941,939,928,938,965,973,940,944,948,965,944,973,956,941,968,926,956,947,962,962,948,937,942,945,904,945,976,974,961,964,950,954,946,917,980,935,949,935,972,936,943,946,934,941,936,959,943,958,957,915,948,972,954,943,958,935,962,982,937,970,955,951,951,934,955,948,850,852,834,812,874,824,821,786,795,783,771,739,764,746,723,756,735,754,735,731,730,753,740,786,768,761,778,810,828,833,808,816,851,849,853,870,958,940,939,951,964,955,930,935,931,924,936,956,957,924,973,937,952,938,974,915,935,966,966,945,931,942,942,926,974,964,942,957,943,948,955,948,942,940,956,958,961,967,928,946,959,957,937,948,937,960,953,940,960,952,935,950,961,945,926,948,923,905,946,965,977,961,951,954,966,942,929,953,961,945,949,954,1
941,962,984,935,950,992,952,952,925,958,944,963,954,937,946,964,933,956,954,947,967,974,953,971,956,969,969,983,986,963,964,938,936,947,954,954,941,929,953,935,950,959,920,943,920,929,922,949,954,962,947,939,940,933,947,932,963,943,937,976,940,950,925,957,926,961,938,973,936,955,944,951,954,946,965,959,971,936,960,938,932,945,955,962,946,981,1020,1028,1076,1153,1171,1241,1234,1258,1227,1197,1115,1080,1026,1027,961,992,954,965,949,952,963,952,923,958,937,964,966,965,957,969,955,951,942,950,944,942,960,948,946,962,950,924,959,972,940,963,938,952,952,952,925,952,944,957,961,947,959,961,916,966,941,959,947,940,949,958,943,920,932,966,949,936,971,972,944,939,957,919,944,939,943,956,948,971,952,948,980,949,925,939,957,942,905,926,959,941,967,930,1001,942,955,0
932,954,953,951,958,977,946,932,946,931,913,951,942,927,949,925,933,950,931,965,926,954,943,957,956,952,933,950,935,926,942,977,941,951,951,946,943,951,928,970,920,948,930,947,952,953,965,983,938,946,970,951,925,917,942,912,931,938,952,942,977,938,957,949,935,976,934,974,972,951,951,951,927,934,924,951,985,939,962,946,941,937,951,953,969,985,1009,1017,1051,1135,1196,1230,1249,1235,1234,1169,1125,1065,1036,980,1003,945,944,954,948,959,976,933,965,947,946,944,973,969,962,928,959,944,926,942,953,952,944,953,948,960,949,970,963,941,946,969,955,942,949,925,928,942,974,964,969,976,945,950,946,958,944,951,954,933,947,940,952,951,961,921,953,940,948,958,949,940,974,969,944,935,952,960,926,962,954,931,977,925,943,960,959,958,961,937,947,965,953,968,980,936,944,0
949,935,960,945,977,956,955,940,928,969,965,954,968,947,935,961,958,941,947,974,944,943,969,940,907,920,959,940,944,950,973,957,937,957,946,967,979,954,951,945,933,942,939,939,902,949,990,948,940,929,971,965,943,937,946,978,959,931,939,945,951,953,948,965,959,943,944,956,935,925,935,946,941,945,927,1091,1101,1091,1137,1149,1134,1164,1201,1212,1235,1262,1269,1257,1285,1279,1276,1322,1303,1296,1318,1283,1304,1290,1305,1248,1239,1235,1215,1173,1190,1190,1133,1151,1083,1080,1085,950,945,960,942,951,945,950,956,938,939,952,957,975,939,930,939,957,931,941,923,953,928,936,947,948,932,968,961,936,980,973,966,986,930,964,954,968,943,947,938,953,957,952,948,951,935,975,946,925,961,926,970,951,929,945,942,919,975,973,945,945,965,958,950,953,958,942,953,959,949,953,942,962,940,945,948,1
983,934,939,952,942,952,948,947,943,965,923,940,954,958,948,948,944,951,939,947,954,946,948,967,948,943,969,965,976,966,944,959,943,943,935,964,966,945,946,936,972,957,961,956,949,943,960,960,933,956,930,941,940,942,942,929,937,978,949,954,950,965,952,950,956,948,941,970,929,963,946,939,969,943,947,936,930,948,936,939,946,956,950,951,987,969,1001,1045,1068,1143,1170,1226,1227,1258,1223,1182,1138,1062,1031,1011,988,966,957,954,946,956,956,947,958,933,933,965,960,936,941,948,962,942,952,948,948,930,940,949,955,960,935,911,944,964,947,957,941,932,961,923,948,958,945,942,941,973,941,969,955,956,930,925,940,961,956,974,953,971,946,952,947,942,926,961,947,954,955,943,940,955,969,955,993,958,938,975,970,944,955,954,948,942,930,964,962,962,940,949,952,955,945,0
940,953,945,930,971,943,949,949,944,968,933,936,939,929,963,958,915,944,973,941,935,965,951,959,947,930,972,955,954,912,952,976,942,949,957,974,963,944,955,951,976,960,933,944,954,913,956,954,945,952,974,974,936,941,939,952,954,937,932,943,959,944,943,946,978,951,966,932,940,952,951,966,943,936,941,948,962,941,976,947,952,942,938,958,950,987,1018,1061,1082,1116,1160,1244,1231,1217,1256,1193,1156,1108,1042,1024,966,1004,953,962,956,986,961,954,956,944,971,914,964,926,946,959,971,944,963,955,920,944,938,947,956,944,919,940,953,941,968,978,936,914,974,957,968,966,939,924,950,976,957,935,928,966,948,938,966,940,944,948,961,956,942,959,963,932,923,955,941,929,952,956,961,963,950,938,948,954,934,973,955,960,972,941,954,914,976,937,937,941,941,954,944,945,953,0
963,946,943,985,928,943,960,942,976,939,945,948,946,936,945,937,956,933,933,944,985,968,950,940,931,953,937,955,953,943,962,937,932,941,965,926,956,959,932,941,973,928,946,949,966,941,944,981,936,953,948,957,969,946,943,951,965,970,958,971,951,946,926,931,936,968,975,953,977,932,943,925,933,958,966,917,956,965,933,947,948,942,937,941,966,965,1019,1046,1061,1127,1176,1250,1235,1286,1225,1205,1141,1086,1047,1009,980,954,946,945,951,972,936,944,941,955,950,920,939,934,962,940,947,945,922,951,931,956,949,969,945,955,951,949,931,979,936,965,965,951,979,950,958,965,959,937,939,968,941,954,957,940,951,917,954,949,954,958,952,945,950,934,956,958,972,968,955,959,964,945,952,929,966,942,935,945,941,949,937,950,957,969,940,924,966,952,957,915,941,971,954,925,949,0
968,958,960,969,940,944,916,952,962,975,942,963,982,950,964,966,945,935,929,952,946,955,962,930,945,930,946,940,943,966,946,915,940,935,955,965,956,949,957,960,959,936,952,935,984,958,951,985,924,953,953,942,948,934,942,966,950,933,959,942,955,962,929,967,969,941,939,953,973,941,970,951,942,945,923,949,941,943,933,956,931,968,944,940,975,996,965,1021,1099,1122,1201,1214,1258,1256,1204,1190,1118,1058,1048,1004,1021,973,941,964,940,955,962,954,1015,975,944,950,950,929,941,936,962,939,954,956,985,939,963,954,950,948,978,954,956,969,961,950,952,957,961,958,968,932,944,951,947,943,970,968,933,942,971,934,954,952,944,964,959,952,979,933,964,939,973,938,921,953,934,945,952,966,925,964,955,949,967,955,950,949,966,912,945,936,964,958,942,958,936,934,937,950,952,0
964,972,960,960,974,939,946,944,963,973,953,960,924,929,966,966,973,978,960,940,942,935,948,942,972,945,961,942,959,935,935,951,948,952,952,948,928,942,921,940,942,949,936,953,960,915,940,949,926,963,948,956,964,934,955,968,937,966,950,940,947,965,955,954,955,957,957,964,950,942,949,953,943,989,955,978,936,947,958,938,966,962,936,968,948,1004,1052,1039,1079,1134,1197,1225,1238,1245,1209,1192,1114,1078,1047,996,1005,963,938,929,980,924,959,960,966,977,941,940,951,943,954,949,946,958,974,947,940,951,930,955,944,949,983,939,942,941,922,952,945,953,940,924,949,959,960,961,968,964,949,945,940,924,964,938,1005,934,972,957,936,976,966,937,966,956,952,941,976,960,957,959,948,952,947,953,949,950,947,953,937,979,932,964,957,954,933,978,955,941,954,955,972,941,933,0
950,949,937,948,957,948,981,936,941,953,985,967,952,953,942,933,971,942,955,964,966,927,964,950,956,941,954,931,950,938,976,966,938,945,965,961,958,946,956,967,942,938,967,965,956,962,949,952,940,926,954,940,951,948,945,951,932,932,965,961,933,960,948,951,958,922,969,940,925,931,949,941,934,962,966,971,1011,1030,1036,1032,1045,1069,1076,1067,1088,1112,1109,1113,1123,1105,1123,1112,1119,1113,1129,1117,1122,1109,1123,1093,1074,1060,1098,1065,1051,1068,1038,1040,1008,1003,1007,959,937,965,975,963,924,946,968,949,930,952,932,941,974,957,963,950,970,937,945,953,931,944,957,945,936,963,961,973,914,952,989,920,944,967,946,985,952,932,936,926,950,944,945,954,975,929,943,958,947,975,931,968,910,961,959,946,945,939,921,954,959,969,961,950,952,945,933,937,945,928,941,955,945,947,944,1
929,942,945,934,931,969,951,936,939,971,941,946,957,944,952,944,940,947,953,966,951,968,951,974,945,974,944,952,953,953,933,931,952,928,957,956,921,944,970,934,955,915,934,967,929,949,936,944,956,932,958,972,951,916,930,941,949,952,977,947,930,958,969,953,966,945,946,947,944,942,947,974,963,945,955,969,947,963,940,953,950,929,952,934,964,976,1013,1063,1080,1122,1185,1209,1253,1251,1245,1184,1125,1107,1045,1010,987,972,940,919,981,965,945,923,939,950,943,943,968,947,948,922,950,964,958,942,939,973,985,966,968,933,962,967,951,937,953,932,964,954,978,960,939,944,951,957,920,932,985,894,940,952,980,979,943,936,927,956,972,973,962,954,929,965,940,924,951,929,941,940,947,933,955,941,963,949,942,923,942,947,943,930,951,937,945,949,986,972,951,954,941,965,954,0
964,952,938,930,954,947,979,914,954,966,948,958,931,942,943,976,951,942,963,935,979,952,938,940,965,982,948,908,911,938,978,957,956,962,913,944,949,960,960,943,959,951,952,934,935,945,956,939,957,960,934,956,948,937,957,933,984,961,973,921,949,932,961,939,980,960,943,974,966,960,940,987,953,956,947,996,1030,1022,1037,1053,1071,1057,1077,1085,1072,1118,1088,1119,1083,1119,1110,1099,1137,1130,1142,1111,1112,1126,1116,1111,1093,1049,1091,1092,1087,1060,1045,1046,1033,1028,1012,936,917,952,938,982,939,953,952,946,964,940,945,934,944,952,964,961,939,960,949,949,942,930,963,955,972,937,948,947,947,958,939,952,959,945,947,951,939,967,951,951,931,939,932,929,947,969,929,957,952,938,931,958,919,969,976,952,945,930,949,942,953,948,933,971,941,937,942,958,937,948,963,964,938,945,966,1
939,956,945,954,921,943,934,943,957,966,972,938,927,951,938,947,980,959,965,939,934,933,936,975,949,957,936,933,963,935,951,942,935,971,950,958,949,975,953,939,944,960,943,965,923,986,957,929,951,946,993,967,978,942,948,945,952,944,962,958,975,949,978,956,927,966,991,963,945,931,964,953,944,967,959,942,950,960,954,953,931,957,961,969,990,961,1009,1032,1106,1137,1189,1193,1265,1264,1197,1185,1116,1084,1062,1006,967,984,944,957,955,933,941,940,928,941,940,927,973,937,955,929,951,946,970,954,933,937,948,965,942,951,922,957,936,950,979,954,959,958,950,970,924,947,969,940,967,932,972,958,957,960,944,955,950,959,955,959,950,936,934,985,960,974,964,946,980,956,947,970,933,946,933,944,921,945,948,952,954,942,947,965,955,934,914,958,951,955,950,948,943,940,950,0
938,974,955,949,958,937,945,934,930,941,936,942,933,947,956,961,949,977,943,943,938,938,946,981,933,914,922,945,969,963,928,949,914,968,919,950,935,937,965,936,970,943,957,938,966,972,957,937,974,957,934,935,949,986,968,965,940,932,934,945,945,963,927,937,943,941,934,949,923,931,939,970,948,950,939,888,857,859,847,828,827,832,823,828,791,726,743,749,751,730,737,745,725,730,742,751,725,751,740,755,780,775,792,798,799,834,849,844,860,858,891,934,938,965,950,963,954,953,967,922,937,958,970,938,955,930,969,964,935,977,928,978,943,949,959,956,963,953,952,962,942,925,941,942,979,943,948,915,984,959,946,934,968,941,925,939,963,948,943,926,964,961,948,945,943,969,932,945,931,971,955,961,952,944,967,916,935,945,967,953,953,952,946,939,959,931,939,1
937,945,964,962,938,963,943,974,947,946,955,963,948,958,970,959,929,936,935,959,936,931,950,939,947,923,962,967,954,906,940,967,965,939,952,962,988,947,966,948,946,977,982,958,940,923,950,940,936,937,958,957,936,921,940,947,950,956,943,943,951,974,946,934,948,958,954,945,935,956,937,925,956,950,934,940,948,954,957,975,942,951,950,957,980,975,991,1054,1080,1127,1202,1219,1285,1247,1242,1153,1122,1089,1062,1030,980,958,961,940,940,951,965,954,988,987,947,929,958,942,977,955,940,959,963,945,963,939,936,968,961,940,953,966,946,963,962,965,968,969,958,982,965,967,948,932,942,915,959,978,968,940,949,941,964,945,947,986,930,946,942,973,970,943,940,960,922,955,950,964,944,953,949,965,937,953,940,956,945,964,940,957,972,962,940,967,953,955,959,929,930,932,946,0
959,963,987,953,934,981,972,947,968,944,948,960,949,957,966,952,940,939,965,970,924,939,945,931,937,959,963,962,950,954,961,947,953,961,941,935,924,970,938,947,952,919,936,949,955,943,955,960,931,924,949,988,919,965,950,948,955,949,942,947,940,937,958,947,953,962,949,922,955,939,973,948,950,973,950,1088,1079,1110,1151,1111,1172,1184,1224,1239,1221,1233,1258,1279,1301,1304,1281,1311,1304,1325,1314,1313,1300,1308,1273,1258,1264,1226,1220,1220,1172,1167,1135,1108,1086,1108,1070,976,953,927,917,964,936,950,938,955,959,937,935,951,963,942,956,960,946,950,958,956,955,939,957,969,944,953,974,963,942,924,945,959,949,943,946,939,971,974,962,949,942,942,955,963,955,951,944,952,941,932,954,959,954,981,941,936,957,943,940,962,954,938,928,946,958,950,962,963,946,938,949,942,982,940,943,1
963,956,943,954,976,952,925,944,950,966,924,945,952,962,954,944,966,964,959,939,954,941,954,939,961,949,922,955,953,937,951,943,942,964,966,975,970,933,941,922,957,972,954,937,919,934,950,954,963,933,934,954,946,950,953,948,965,947,969,951,920,934,942,975,936,945,948,941,945,941,968,930,961,930,959,950,953,978,929,958,968,952,966,951,957,985,1009,1045,1109,1123,1184,1252,1272,1214,1196,1183,1136,1089,1036,1020,959,1002,928,951,946,956,959,943,964,967,935,975,929,947,958,963,945,936,960,965,961,934,948,1002,945,963,972,967,940,927,982,936,920,940,935,934,940,951,941,968,960,954,958,982,949,970,959,931,957,971,936,952,957,969,956,938,937,923,926,910,929,960,933,959,939,950,948,974,950,943,960,940,943,936,938,966,954,968,940,920,961,930,979,966,955,952,942,0
975,964,962,958,940,961,945,928,944,958,948,953,946,929,919,952,960,974,942,949,949,968,970,943,950,985,938,973,953,958,964,938,947,951,955,961,976,945,973,949,944,963,937,944,956,951,927,930,937,934,945,937,947,977,935,953,936,931,950,949,920,941,952,936,946,938,954,963,967,913,928,972,944,948,958,1045,1087,1096,1119,1146,1164,1190,1199,1208,1227,1242,1252,1284,1275,1284,1315,1296,1302,1283,1298,1304,1298,1311,1299,1252,1262,1243,1202,1203,1179,1128,1147,1105,1110,1079,1074,924,983,952,948,955,926,949,955,927,939,969,987,948,961,933,946,956,955,958,949,963,958,968,942,964,946,910,945,930,976,944,962,942,960,956,957,958,912,950,970,933,964,942,951,953,987,968,955,942,921,952,956,933,944,948,940,979,940,941,959,962,941,939,963,958,950,953,943,946,996,942,963,949,959,954,942,1
940,946,932,934,951,982,956,935,944,979,954,938,968,940,941,942,942,953,975,949,974,965,945,949,946,950,973,940,939,950,958,960,935,927,949,952,945,956,953,964,977,970,966,954,946,962,956,942,942,979,949,925,958,971,966,957,944,970,953,967,946,934,940,968,944,925,945,962,945,956,978,965,950,961,956,960,940,967,962,969,948,954,944,947,962,979,1003,1040,1088,1135,1198,1212,1253,1238,1237,1173,1156,1098,1034,1028,979,964,966,924,940,927,968,936,942,959,951,953,972,962,952,953,940,937,949,934,938,922,918,941,950,939,956,943,958,964,937,957,973,950,948,945,938,938,971,962,953,965,950,942,938,951,920,954,939,943,949,943,978,940,939,937,966,960,948,961,928,955,936,933,955,936,925,961,941,953,951,931,924,944,940,943,944,937,923,975,956,949,951,949,921,939,946,0
955,942,943,971,947,946,932,955,956,926,944,967,932,948,940,962,955,923,964,964,937,959,966,937,973,966,948,949,969,957,935,928,946,932,953,958,958,977,962,937,951,948,979,939,938,967,938,926,958,928,959,933,937,948,965,969,957,937,949,908,952,948,940,928,956,934,964,957,944,948,962,951,958,928,939,861,874,850,862,806,826,798,796,792,778,755,778,774,738,735,734,727,733,734,771,745,735,738,778,756,777,781,786,790,801,804,840,874,850,876,886,975,931,981,970,950,960,938,978,931,968,949,950,948,960,958,958,956,947,986,920,953,936,975,974,949,950,933,950,953,958,936,958,940,957,918,942,917,950,928,914,968,930,952,940,952,939,953,914,947,958,959,926,963,936,943,928,969,955,944,973,946,936,935,957,939,957,945,932,930,959,959,954,969,948,951,949,1
953,950,924,930,957,984,945,947,957,959,962,961,947,964,954,945,938,957,949,948,953,951,956,963,941,947,944,956,941,967,960,930,925,954,952,917,954,959,926,974,958,934,938,952,951,935,980,968,968,955,925,964,971,968,952,952,942,949,928,977,965,967,963,940,954,924,917,954,943,960,967,941,954,925,954,1019,1000,1020,1040,1031,1057,1073,1051,1098,1087,1100,1123,1125,1114,1130,1122,1124,1126,1115,1137,1121,1140,1110,1114,1104,1092,1097,1082,1075,1087,1041,1035,1026,1015,1003,1017,989,963,930,941,942,944,928,935,936,973,939,947,940,944,927,947,934,939,955,956,944,988,961,938,947,943,939,941,949,954,966,947,977,970,938,960,953,948,956,959,958,966,935,949,967,963,959,969,966,961,952,983,944,941,969,953,921,960,944,944,931,961,947,941,948,919,958,957,952,962,943,948,966,947,946,974,1
917,960,927,945,921,980,947,954,967,923,976,937,959,925,957,950,949,970,960,951,934,951,934,959,952,944,940,936,952,960,927,942,950,949,950,968,968,949,950,956,958,931,916,947,954,932,935,960,970,924,945,933,936,953,949,951,959,940,965,964,929,942,958,956,926,946,928,975,942,957,950,944,950,948,925,942,960,940,953,963,948,934,950,941,958,972,999,1045,1109,1116,1164,1219,1255,1247,1251,1171,1110,1105,1047,1018,1003,968,938,973,973,964,964,936,946,921,956,959,943,949,962,957,941,948,959,957,953,954,961,938,958,959,921,941,977,969,951,945,963,926,946,955,967,947,938,943,944,915,946,962,929,957,938,969,959,946,938,961,961,950,961,957,969,938,923,928,954,944,937,915,970,958,953,951,934,943,935,971,943,949,951,969,955,947,955,939,951,948,969,969,946,941,956,0
929,961,962,967,957,922,960,945,928,939,960,945,962,951,949,943,965,968,935,953,963,920,944,970,925,951,975,924,933,950,939,952,943,957,931,950,948,928,929,971,926,935,936,947,938,949,952,944,947,931,938,950,944,967,952,945,944,966,925,966,949,949,971,949,948,972,929,931,963,933,939,937,924,949,955,1078,1112,1086,1099,1141,1127,1159,1199,1212,1211,1238,1282,1256,1280,1302,1305,1302,1314,1303,1291,1302,1278,1255,1253,1273,1238,1216,1210,1213,1172,1149,1132,1125,1105,1093,1086,945,943,962,948,957,961,941,937,953,948,971,939,919,962,944,955,953,941,941,970,931,948,970,954,963,938,952,974,963,952,943,943,947,943,944,954,930,959,959,957,924,938,953,946,947,917,953,939,933,925,951,964,942,975,959,955,934,962,952,945,915,925,952,925,954,929,927,958,925,948,945,958,980,944,939,938,1
932,923,951,950,941,943,979,950,934,977,940,948,960,942,958,967,952,922,947,948,943,952,950,966,939,962,920,942,965,930,961,945,924,921,938,956,969,953,931,921,973,959,955,931,960,927,940,923,943,939,933,944,952,960,933,976,945,942,956,960,959,944,941,940,969,976,947,946,952,963,961,942,944,947,936,1020,1045,1046,1044,1056,1034,1064,1069,1077,1067,1098,1097,1094,1110,1109,1143,1141,1129,1133,1148,1137,1121,1104,1122,1106,1113,1063,1094,1070,1075,1055,1035,1028,1016,1039,1010,955,972,939,954,953,952,952,940,918,950,968,947,922,939,955,966,960,967,914,961,959,977,934,925,939,924,972,959,957,947,956,944,949,949,953,964,924,943,955,963,958,955,966,970,970,947,965,944,970,939,958,935,966,957,961,972,958,934,951,957,948,933,939,965,941,962,923,945,954,944,939,928,937,930,946,950,1
957,958,960,939,952,943,954,941,955,953,924,960,955,947,926,968,955,947,943,952,936,926,947,956,925,956,962,954,949,936,970,954,950,964,937,958,950,970,955,948,948,964,946,952,967,940,968,936,944,932,948,949,958,943,954,939,949,984,953,944,905,929,958,967,936,954,950,949,954,936,976,932,926,943,929,1040,1017,1053,1031,1047,1040,1037,1090,1094,1096,1088,1077,1079,1122,1122,1127,1106,1137,1140,1126,1105,1153,1100,1114,1133,1107,1088,1094,1104,1064,1052,1033,1053,1039,998,1021,942,955,938,970,964,947,938,937,966,945,940,933,985,928,941,956,944,957,938,972,955,943,956,940,935,942,949,957,953,924,927,959,955,945,957,938,928,953,949,911,950,961,961,951,967,946,940,956,943,943,944,975,949,946,965,958,945,961,935,948,973,959,954,962,933,952,941,949,934,927,938,958,946,964,965,962,1
956,968,978,958,922,940,917,942,954,959,933,949,920,961,959,923,969,960,960,955,954,943,917,946,922,958,963,945,960,955,957,957,943,942,961,966,935,967,983,948,947,938,927,951,958,938,935,950,941,957,940,901,948,957,954,947,962,940,975,932,939,927,940,929,955,940,961,935,945,939,945,985,926,941,956,948,960,955,971,948,931,945,947,947,961,1008,1007,1038,1109,1145,1166,1186,1255,1253,1197,1181,1130,1105,1048,985,1009,952,941,930,947,945,954,970,945,956,972,947,927,945,971,940,960,938,934,987,954,936,976,962,973,952,934,948,967,933,962,967,963,951,957,951,959,927,937,943,946,945,959,957,937,943,963,956,975,944,933,958,947,958,934,971,929,947,957,939,966,923,941,936,932,951,947,926,927,961,936,937,954,962,926,928,943,925,943,969,962,966,975,924,964,941,934,0
943,961,959,951,961,941,954,970,964,973,950,966,933,958,947,952,980,944,967,947,938,952,953,929,954,956,934,968,961,953,942,944,927,952,950,951,961,947,938,954,931,946,939,920,955,944,965,966,967,954,921,947,942,948,966,966,962,932,957,956,960,983,961,934,934,939,926,957,955,928,956,938,925,953,940,951,932,952,953,958,940,952,943,968,944,1000,989,1048,1110,1114,1181,1240,1207,1224,1219,1164,1124,1078,1068,1006,987,947,967,956,960,956,962,950,939,973,941,957,953,951,948,945,941,943,983,934,959,947,952,957,935,950,951,930,939,953,947,960,939,951,954,978,944,951,946,951,958,953,960,958,962,941,957,955,949,950,962,938,932,922,951,946,931,930,930,952,950,988,949,962,982,950,946,943,943,968,946,969,939,940,950,962,959,937,948,934,960,934,968,958,936,950,948,0
964,938,965,961,973,964,936,938,959,958,991,960,941,948,950,931,937,963,963,935,967,971,926,917,954,947,977,987,926,934,961,940,937,983,946,947,940,970,937,951,959,976,940,929,935,958,934,938,951,976,933,922,930,952,919,941,957,929,949,943,950,934,940,944,954,951,940,960,929,931,938,966,939,960,952,952,977,954,941,938,930,958,939,933,967,978,991,1048,1088,1143,1187,1207,1222,1250,1201,1170,1139,1111,1021,994,982,986,966,956,943,951,967,944,965,939,964,924,943,943,964,952,967,968,958,951,937,972,954,936,937,964,950,960,954,947,932,966,963,945,933,954,965,954,938,964,948,975,925,970,939,950,964,952,943,957,931,938,951,963,941,946,940,943,924,942,947,953,950,957,955,966,972,959,960,948,964,911,955,938,960,946,950,944,944,971,927,931,950,928,953,943,956,0
973,919,934,946,934,961,943,964,955,951,967,985,967,916,929,938,959,968,939,976,963,931,982,945,967,955,936,968,951,963,945,920,933,910,938,974,965,965,938,949,949,947,954,987,957,976,928,936,951,948,959,935,956,940,955,931,957,951,953,961,959,933,941,945,942,946,947,940,934,971,942,949,950,939,935,1082,1095,1097,1145,1137,1154,1174,1199,1209,1232,1245,1263,1285,1291,1315,1262,1311,1306,1305,1333,1311,1276,1288,1267,1284,1235,1233,1221,1217,1177,1175,1138,1139,1110,1081,1075,939,917,956,951,963,947,958,954,947,1008,936,976,957,965,929,948,941,932,945,966,924,949,958,950,950,974,967,966,932,953,925,953,940,940,932,953,929,955,932,967,957,948,935,970,964,973,927,950,942,941,932,967,935,937,943,956,940,922,927,972,956,931,929,943,935,965,947,950,950,923,938,939,957,927,943,967,1
915,984,968,956,937,953,926,969,958,963,971,971,951,959,929,959,953,947,937,947,947,970,955,953,938,971,957,919,958,960,949,960,963,957,955,953,948,947,952,953,944,952,964,937,949,965,981,922,944,945,979,953,943,957,948,944,970,935,949,939,975,942,943,919,941,966,936,975,955,954,946,957,939,948,974,949,941,952,942,967,961,932,955,926,963,980,1008,1040,1097,1146,1181,1221,1259,1269,1219,1189,1148,1096,1042,1029,979,954,945,962,966,945,972,952,914,917,964,967,959,967,948,952,957,944,971,978,982,952,966,948,962,962,949,956,952,946,944,959,941,963,942,932,924,916,922,928,947,946,928,967,932,959,942,972,944,938,950,949,961,956,958,947,957,920,949,921,928,983,961,956,930,969,938,939,954,953,947,940,949,963,952,983,919,935,951,976,937,958,962,948,961,958,956,0
935,946,953,935,944,950,958,933,942,955,939,961,954,961,941,936,953,966,981,974,972,942,953,937,959,959,950,974,982,980,970,947,954,946,950,945,942,938,940,973,942,955,953,923,930,961,965,961,968,956,942,936,949,943,956,955,951,962,940,942,948,953,932,948,963,926,951,921,953,955,948,923,953,937,961,943,981,950,933,951,935,953,930,931,962,981,995,1083,1064,1161,1160,1216,1257,1250,1216,1171,1132,1102,1022,1004,1002,987,938,961,936,944,973,941,963,922,931,944,978,952,943,933,960,949,944,935,928,933,959,965,923,925,953,940,919,951,953,945,968,976,974,954,973,959,942,959,943,943,953,949,985,935,963,945,933,934,937,940,954,944,937,956,969,940,958,964,948,921,963,945,954,956,984,948,939,924,968,939,922,960,942,957,945,952,967,941,921,951,954,941,943,965,946,0
974,944,942,944,955,974,935,971,969,926,945,945,960,927,921,956,946,936,938,940,965,945,947,950,950,946,954,955,947,956,960,940,932,959,962,958,974,947,930,961,966,937,934,935,929,952,938,962,940,957,943,945,931,954,940,943,920,954,948,932,914,938,930,949,947,962,946,934,945,964,934,958,959,954,928,884,868,867,833,822,829,818,786,802,743,778,785,761,765,742,769,703,741,724,716,724,733,747,772,759,770,791,784,772,831,816,820,849,851,873,883,934,960,954,962,942,949,942,956,940,925,964,954,951,924,957,952,953,950,954,933,947,954,950,942,953,945,927,935,941,947,958,937,925,989,954,953,939,967,955,958,941,947,937,981,956,949,937,951,959,933,940,972,953,937,942,968,932,922,967,946,951,953,987,956,956,923,933,971,934,962,942,942,959,931,960,949,1
947,968,935,942,939,931,951,948,962,946,958,944,922,908,921,964,951,956,945,951,966,937,951,946,964,932,929,954,939,939,934,945,953,924,928,965,969,950,928,949,952,926,945,936,955,946,963,979,968,951,945,943,954,944,947,927,930,949,943,970,950,961,926,946,950,948,947,972,970,963,934,933,940,951,949,951,967,948,936,942,954,980,953,932,942,983,1004,1069,1100,1147,1160,1228,1268,1237,1233,1171,1139,1067,1033,1015,1004,937,955,933,942,969,953,942,941,958,974,974,943,960,936,954,929,943,954,981,932,966,945,939,940,951,970,945,931,947,969,956,942,970,948,921,954,947,951,945,950,929,939,966,948,941,955,950,955,940,943,982,955,954,951,936,963,950,954,943,926,939,951,939,952,927,966,946,940,932,982,946,930,927,971,946,947,922,925,923,975,978,915,947,959,953,931,0
947,960,943,930,972,930,925,961,939,960,975,939,959,940,943,949,957,942,932,948,923,978,955,954,965,949,931,944,932,950,963,940,953,963,920,969,946,956,940,964,955,955,949,958,967,939,966,925,981,936,946,941,960,941,963,955,974,943,928,970,939,952,923,941,931,927,964,915,916,909,952,942,933,960,940,1059,1088,1097,1121,1150,1150,1175,1205,1202,1217,1254,1272,1275,1291,1304,1338,1304,1312,1319,1301,1286,1300,1311,1276,1268,1224,1241,1184,1204,1188,1139,1138,1121,1077,1086,1077,945,930,953,953,941,961,953,954,937,941,960,936,924,973,953,950,927,952,969,960,936,971,954,948,941,950,960,961,951,939,969,940,960,964,940,944,939,933,951,936,959,919,926,963,939,978,960,963,956,950,955,953,929,955,954,942,954,934,945,937,924,956,940,962,957,937,969,957,940,917,931,955,950,958,914,938,1
935,949,969,943,929,950,945,979,947,946,946,944,935,948,964,945,947,922,951,942,922,968,935,962,941,939,951,944,965,969,947,951,973,954,952,951,940,974,953,964,962,971,951,938,977,956,948,956,968,957,948,903,957,964,951,958,969,924,942,957,980,940,953,941,962,962,943,949,956,925,943,953,950,961,956,866,881,858,841,834,844,798,798,803,769,770,778,776,741,743,725,737,735,728,730,719,751,733,758,747,764,783,791,810,798,823,825,834,867,868,884,951,915,973,956,962,942,973,947,970,948,927,953,945,950,936,981,965,943,957,945,935,955,960,938,939,964,966,949,969,945,929,965,944,931,941,944,942,981,955,933,963,948,916,934,958,939,909,934,935,961,946,950,929,962,934,930,951,950,942,967,951,935,935,973,938,966,966,961,941,935,933,960,941,941,970,943,1
936,947,948,940,947,951,952,968,941,971,933,955,919,953,941,931,934,917,955,945,960,962,936,969,948,968,962,963,941,962,944,972,940,947,958,967,987,933,953,944,957,958,948,959,942,932,935,948,936,932,968,967,972,970,957,942,948,967,953,966,944,976,988,941,949,971,945,936,922,956,931,939,938,948,947,948,919,964,935,936,925,960,949,949,978,992,1003,1035,1087,1141,1174,1206,1260,1224,1221,1156,1123,1096,1060,1024,962,978,942,952,942,939,953,944,934,933,953,952,954,916,950,932,961,925,951,952,922,967,940,962,954,933,963,964,968,974,920,951,946,970,948,963,966,951,959,933,919,958,956,953,965,958,950,943,925,942,949,962,941,963,951,911,944,944,944,942,960,938,960,943,952,963,937,960,975,950,954,929,948,923,952,961,948,964,962,944,946,947,974,968,931,940,922,0
959,940,950,970,961,950,955,965,948,940,945,949,930,935,947,931,943,933,935,960,947,963,947,941,951,954,977,946,969,962,933,966,997,947,941,975,922,941,978,938,952,958,964,943,963,944,963,972,945,919,948,960,960,952,952,954,948,965,927,942,976,949,950,958,947,933,963,951,911,972,928,938,950,916,981,942,979,952,944,942,973,948,962,962,944,991,1017,1052,1073,1147,1173,1225,1264,1247,1223,1180,1152,1075,1039,1012,1006,961,972,947,981,963,956,951,954,995,941,961,964,952,938,971,945,957,933,948,940,963,930,951,952,955,941,934,960,960,946,954,938,959,981,953,947,951,971,925,978,974,925,953,939,942,937,976,966,931,945,960,942,964,942,930,932,949,957,939,933,961,967,948,950,958,941,948,929,940,945,933,940,974,935,959,949,929,955,975,942,927,941,965,935,933,920,0
940,944,946,962,933,947,931,957,950,951,963,962,952,965,954,967,948,945,948,950,947,940,972,936,917,967,927,955,925,921,953,934,942,944,955,928,950,953,932,956,953,943,947,929,965,943,949,959,958,949,971,953,948,958,952,928,935,949,926,949,975,950,948,934,942,940,961,973,943,967,965,920,951,919,962,1003,1020,1053,1048,1050,1055,1087,1080,1078,1102,1090,1094,1092,1153,1106,1103,1108,1123,1141,1143,1098,1103,1110,1092,1097,1095,1092,1079,1091,1052,1074,1066,1035,1052,1032,1033,939,954,950,973,957,932,938,956,935,946,953,945,966,927,966,952,945,924,940,957,941,966,961,939,959,948,946,965,952,960,969,955,941,937,965,943,929,922,949,948,971,964,970,944,971,955,930,949,959,971,968,932,967,971,953,945,953,935,950,947,953,924,952,920,945,979,957,979,947,960,943,956,948,949,955,958,1
965,951,934,947,961,936,969,945,963,951,958,947,976,939,927,944,982,946,959,950,943,959,954,914,965,917,933,935,931,961,956,944,938,934,960,920,953,963,950,943,952,928,941,952,940,947,954,937,945,952,924,956,958,958,941,963,958,936,955,964,957,957,951,948,944,950,927,940,989,940,964,966,941,953,951,973,960,944,945,954,933,980,925,959,973,991,1014,1038,1090,1132,1199,1223,1229,1270,1230,1208,1144,1093,1049,993,955,982,941,953,939,945,934,945,957,949,945,945,918,928,950,946,940,948,935,965,946,933,920,954,933,951,948,949,969,948,919,952,929,952,947,970,930,954,942,951,944,968,965,944,976,942,921,938,964,968,930,950,967,927,939,950,928,967,934,943,955,954,931,943,950,932,965,935,948,960,973,952,945,946,972,957,942,958,947,940,972,941,945,944,948,940,959,0
956,948,947,960,937,959,946,920,921,954,968,941,957,938,950,945,991,942,934,962,941,953,958,952,969,972,965,939,925,946,937,956,938,946,959,940,963,973,951,950,940,952,952,966,945,935,947,949,960,937,949,956,949,950,950,948,953,935,935,977,949,930,953,938,936,950,948,954,942,952,940,973,951,970,936,928,938,963,937,957,948,940,945,945,960,973,993,1029,1063,1160,1205,1225,1251,1249,1217,1229,1170,1085,1040,991,984,959,930,955,948,923,973,928,949,953,953,939,967,973,948,960,959,945,963,942,929,939,970,964,934,954,943,945,964,952,960,948,973,930,953,966,954,951,957,930,957,964,958,937,948,951,957,944,937,966,953,945,929,958,952,931,941,931,956,971,922,950,975,935,929,943,941,959,950,968,943,934,917,945,964,922,955,941,945,971,959,942,925,928,932,951,951,0
969,944,950,973,939,950,963,929,951,923,926,930,925,966,957,963,939,968,969,936,924,951,950,947,918,958,954,941,965,982,935,913,965,962,953,946,952,929,964,956,956,949,956,950,940,954,941,969,941,949,961,961,939,934,952,910,964,958,956,944,930,931,967,943,956,947,958,977,938,939,950,937,971,974,942,1009,1018,1008,1063,1038,1060,1059,1062,1086,1105,1099,1129,1101,1128,1114,1115,1153,1124,1106,1104,1119,1101,1112,1137,1116,1119,1123,1103,1074,1067,1034,1058,1036,1016,1038,1005,919,944,932,938,934,932,940,952,958,947,941,951,935,947,967,951,930,954,947,958,953,953,932,944,959,938,909,914,956,944,964,958,929,946,964,946,964,949,953,955,951,948,973,939,916,947,929,996,963,972,921,950,970,939,973,952,959,953,924,934,963,942,939,961,955,953,943,1008,929,941,969,951,906,956,938,923,1
977,904,948,945,946,937,936,948,940,952,921,949,944,960,957,967,925,975,961,934,964,928,933,956,958,949,939,956,948,929,937,956,946,941,958,966,918,955,959,950,951,939,967,1007,945,949,943,964,948,941,944,944,936,931,983,966,979,912,954,943,950,943,920,938,965,965,941,954,940,951,949,941,948,973,936,1084,1094,1110,1121,1114,1168,1178,1211,1171,1253,1253,1234,1251,1286,1288,1314,1321,1301,1316,1299,1297,1307,1304,1277,1248,1259,1233,1225,1210,1192,1140,1154,1138,1082,1108,1056,962,964,959,922,959,960,960,973,965,932,926,964,947,951,945,940,961,940,907,932,935,937,971,938,927,933,933,934,966,969,934,967,968,952,921,932,935,952,928,939,935,912,945,950,956,974,961,949,952,957,941,942,950,941,938,961,951,960,969,956,934,951,934,967,958,953,960,942,961,938,961,943,932,945,955,946,1
958,972,919,942,939,951,930,947,939,965,958,970,940,959,948,967,961,960,957,953,954,937,961,956,934,940,962,916,944,964,956,954,963,935,968,937,955,964,950,969,948,935,954,935,965,964,944,941,959,918,935,965,940,929,974,950,971,948,983,947,942,918,928,953,974,941,957,955,926,961,944,959,926,934,956,974,948,943,938,964,949,923,923,945,985,980,995,1043,1108,1136,1183,1237,1258,1224,1184,1202,1154,1091,1035,996,1008,971,951,920,929,973,957,941,933,958,945,933,968,937,946,962,962,954,961,950,960,946,939,944,939,984,953,955,948,957,958,920,955,981,961,956,943,968,965,973,950,969,967,945,939,934,929,936,952,956,948,955,953,968,950,972,958,951,939,943,970,961,941,960,959,959,953,931,967,948,936,987,973,939,949,940,947,959,961,958,961,937,956,929,952,957,935,0
977,972,950,948,933,929,959,972,937,952,946,942,952,956,961,940,943,966,963,927,952,955,932,967,952,945,951,951,955,951,944,950,951,952,949,939,961,940,959,941,948,935,939,963,969,952,962,958,937,982,956,953,954,948,966,950,968,947,978,956,958,952,943,942,975,951,949,932,948,935,955,939,942,950,951,1009,1047,1021,1033,1042,1045,1081,1066,1090,1090,1109,1092,1113,1108,1124,1106,1123,1151,1149,1126,1126,1102,1089,1134,1088,1115,1119,1053,1070,1061,1080,1030,1004,1028,1027,1012,944,931,934,952,964,957,959,940,957,928,946,947,939,947,934,955,957,945,923,948,959,948,931,961,982,959,935,974,947,961,951,944,953,963,958,966,971,950,950,970,960,942,955,939,961,946,949,958,929,969,974,950,935,923,960,946,981,941,944,945,944,952,934,946,948,968,946,960,940,929,945,970,965,930,941,913,1
944,931,937,941,962,956,961,934,943,933,968,940,955,961,957,920,942,935,953,932,943,934,961,960,964,949,942,959,946,978,944,957,930,943,962,948,953,974,941,943,934,935,935,942,965,918,937,937,915,950,959,938,952,956,970,947,921,938,956,950,940,968,914,932,951,960,950,988,931,942,962,953,957,944,938,1022,1027,1043,1034,1050,1052,1077,1039,1079,1076,1115,1124,1099,1123,1148,1116,1121,1139,1153,1113,1134,1098,1111,1122,1088,1054,1103,1083,1083,1082,1063,1044,1054,1030,1019,1001,953,961,965,950,954,930,932,938,934,952,974,975,961,924,951,950,960,934,959,929,941,943,949,944,953,955,954,932,976,953,971,948,953,956,948,938,939,953,941,949,964,955,951,969,957,949,957,959,931,954,946,946,929,948,966,918,944,933,936,991,950,952,915,932,921,949,927,956,957,938,938,955,955,955,946,938,1
937,933,957,961,931,956,963,929,940,966,971,957,948,961,946,949,954,949,935,956,963,944,963,977,930,930,934,937,958,941,958,942,955,948,950,981,949,972,925,940,943,950,963,981,968,951,943,946,941,936,939,940,929,941,967,960,936,963,938,953,951,962,959,943,930,960,961,934,953,928,966,940,947,943,941,825,858,873,847,832,819,814,796,808,773,781,774,743,762,750,717,731,758,720,721,759,735,746,728,749,785,809,798,802,833,807,861,845,841,879,892,966,946,948,944,957,953,942,947,945,916,952,968,958,942,942,950,982,951,943,938,912,963,979,955,918,926,969,954,939,957,940,953,932,958,944,946,964,938,976,957,948,941,932,947,933,956,923,932,989,954,951,950,979,966,975,945,968,952,966,970,993,969,963,940,962,956,932,943,930,942,923,964,901,974,961,952,1
948,949,997,968,966,960,970,968,972,946,932,972,968,947,970,956,949,926,953,955,961,973,965,932,959,970,995,986,962,948,962,924,955,948,972,933,955,935,931,937,949,936,940,933,952,928,959,940,964,949,938,954,944,950,974,956,940,954,966,980,966,947,956,954,960,955,954,958,946,965,943,969,979,969,950,1081,1079,1090,1143,1147,1174,1171,1163,1198,1241,1222,1256,1250,1304,1301,1319,1311,1308,1308,1287,1291,1279,1309,1290,1286,1258,1212,1221,1199,1174,1175,1139,1116,1095,1086,1076,958,924,950,954,955,946,965,917,957,978,982,938,957,955,979,954,980,960,943,938,977,959,954,961,922,938,949,962,983,954,964,951,945,945,964,984,945,944,959,978,959,930,958,963,950,956,946,910,969,928,961,957,961,936,948,938,950,972,966,936,967,951,958,958,972,958,948,943,969,922,980,967,962,978,940,949,1
966,940,957,959,937,956,943,942,952,955,954,972,964,961,960,942,946,927,946,933,958,957,940,939,955,980,926,964,933,940,956,940,950,925,954,960,943,950,921,966,947,960,938,930,959,957,961,996,942,953,943,944,939,962,964,935,940,955,942,946,942,941,956,964,973,959,947,929,932,934,975,961,958,953,949,953,945,946,954,962,933,948,958,947,980,965,1017,1033,1055,1142,1168,1241,1265,1258,1219,1194,1141,1076,1047,1022,983,965,951,947,925,966,944,963,925,956,933,932,961,963,944,946,935,946,969,956,967,986,974,951,960,951,948,980,965,989,949,968,930,968,954,942,964,980,952,936,957,950,971,919,955,966,951,957,951,926,945,985,951,956,920,951,952,958,964,963,950,926,941,957,942,936,938,947,941,947,957,906,946,971,956,947,972,919,942,925,928,949,952,969,942,945,960,0
934,955,944,955,957,916,941,915,944,932,930,967,905,937,941,947,930,926,966,937,943,961,930,940,940,975,956,933,962,974,961,955,971,926,955,923,962,938,948,925,955,930,929,962,916,949,968,959,963,935,919,965,939,913,943,945,946,933,970,965,956,949,960,926,941,955,940,939,947,945,967,978,931,981,954,1076,1118,1114,1138,1130,1149,1152,1189,1222,1218,1255,1264,1269,1312,1300,1303,1294,1303,1320,1281,1317,1282,1289,1289,1244,1260,1223,1220,1211,1182,1167,1130,1104,1091,1075,1086,964,955,931,947,939,960,925,950,926,927,949,940,964,944,923,986,941,971,954,944,960,945,934,959,951,945,955,979,983,947,946,960,948,947,953,959,953,925,945,953,950,953,959,941,964,967,936,936,944,939,938,965,925,949,952,962,964,959,936,966,943,971,948,931,943,946,953,971,926,943,945,905,957,921,948,946,1
933,935,935,937,931,950,953,965,936,953,931,923,958,953,976,955,909,941,975,944,943,967,967,949,936,966,974,939,945,942,961,957,973,949,957,939,941,948,971,976,940,945,929,960,948,944,946,936,957,945,943,964,961,965,941,949,961,928,968,920,922,961,958,928,943,961,923,953,944,947,959,941,958,946,926,959,965,931,934,928,944,942,970,953,969,980,1033,1043,1072,1151,1172,1248,1249,1242,1206,1172,1131,1087,1044,1006,969,989,931,958,942,958,949,970,947,981,957,962,970,963,935,963,933,953,973,959,954,986,932,966,976,956,973,955,944,961,950,919,948,939,936,925,939,953,967,942,943,928,946,945,992,951,934,944,976,963,954,934,958,939,964,962,949,924,961,948,942,950,947,955,956,930,955,945,960,971,965,948,946,947,943,955,957,956,940,931,947,953,964,954,938,955,952,0
944,963,930,943,944,945,924,929,942,973,922,939,940,931,942,945,946,933,955,951,918,927,956,975,958,972,955,956,953,936,952,958,961,957,950,935,954,956,947,917,947,934,954,958,928,971,946,933,946,967,957,940,945,960,952,949,932,956,934,952,945,950,960,939,929,935,951,946,934,944,940,958,955,951,945,947,966,967,939,942,948,932,929,919,957,987,1000,1045,1101,1154,1168,1219,1238,1225,1210,1194,1145,1107,1043,984,973,981,947,955,949,954,957,974,972,932,937,969,977,937,949,949,945,934,939,954,950,971,991,947,932,976,945,948,964,998,966,953,951,942,940,943,952,965,937,946,952,921,957,973,945,953,941,946,935,950,963,942,940,944,958,958,935,955,969,945,967,975,966,961,940,947,929,929,954,938,943,963,936,942,953,964,927,964,970,925,959,971,943,951,962,961,955,0
979,953,965,948,971,938,947,961,938,929,941,974,952,947,949,938,961,930,965,946,933,921,947,927,945,924,947,938,966,946,995,950,946,959,952,920,938,954,954,970,977,966,943,970,943,958,957,945,933,958,940,953,968,947,937,972,945,935,973,957,926,923,965,926,948,952,935,978,930,968,943,939,958,962,936,932,955,949,934,945,950,942,963,991,969,991,1003,1009,1094,1121,1185,1210,1245,1258,1229,1178,1136,1077,1065,1000,993,969,945,977,944,939,965,934,967,945,949,967,962,961,958,940,939,951,965,981,950,944,947,972,970,966,925,964,942,931,957,937,945,924,936,963,960,945,943,977,955,938,955,956,917,945,954,957,952,940,945,950,950,936,947,916,952,969,931,958,942,933,965,940,930,947,961,969,966,937,949,968,939,951,945,962,954,962,963,948,983,920,934,942,967,924,959,0
944,953,976,939,961,943,950,956,933,965,998,941,941,957,958,947,960,953,923,927,960,963,942,948,929,963,940,946,968,962,939,940,913,934,939,975,943,937,948,944,976,936,952,947,929,979,961,939,959,976,931,953,950,950,919,953,967,965,955,967,927,970,967,945,995,934,958,939,946,951,958,917,930,948,940,939,962,930,969,948,937,917,945,963,955,1021,1031,1041,1100,1157,1182,1221,1238,1228,1239,1174,1151,1062,1053,1015,976,982,952,924,946,956,943,938,958,924,962,946,950,914,929,948,946,942,949,957,944,965,956,962,960,948,951,944,948,972,952,921,948,952,958,960,946,954,943,945,955,951,923,952,947,964,967,946,952,948,963,954,935,949,997,964,925,958,966,922,941,925,940,928,958,955,960,951,949,954,963,945,945,957,958,951,943,957,962,966,946,959,952,924,967,958,967,0
960,957,956,947,936,910,950,952,959,968,965,951,956,927,950,943,953,945,945,935,973,935,945,942,939,946,951,940,961,963,956,954,957,971,930,915,941,953,963,944,934,951,947,972,945,973,960,971,944,933,938,947,952,947,963,984,954,959,963,966,925,966,964,943,945,936,954,935,954,925,973,925,963,943,939,858,858,857,851,829,832,830,792,784,800,769,753,741,761,748,761,749,736,728,756,758,708,742,754,761,758,807,777,786,786,788,830,843,868,858,873,940,954,974,941,939,950,928,944,965,940,936,966,965,942,920,937,968,982,953,975,938,974,949,935,958,943,939,940,957,957,932,954,945,943,970,956,926,952,955,954,937,935,925,915,955,957,962,941,958,955,928,943,936,938,931,960,952,942,930,967,952,938,914,944,928,934,940,928,952,940,962,950,964,964,958,964,1
928,934,976,942,939,950,933,951,963,957,957,948,948,945,917,962,950,933,950,930,955,946,942,965,927,940,968,932,966,942,965,966,922,983,983,969,957,969,961,951,955,961,954,951,940,976,963,971,960,967,963,935,918,941,945,956,932,939,935,933,977,942,957,975,955,934,968,953,922,956,931,946,955,940,956,979,941,962,938,952,969,963,929,939,977,987,986,1045,1057,1124,1199,1245,1242,1246,1231,1193,1129,1101,1049,1013,1005,940,965,939,931,963,959,952,922,958,933,955,935,940,976,942,926,947,949,957,945,966,958,950,939,988,920,931,920,941,942,949,972,939,934,973,930,962,976,951,955,952,918,939,966,961,952,941,936,964,969,925,967,980,970,948,936,926,960,969,958,950,948,950,964,951,947,945,915,962,949,936,950,980,940,949,953,957,935,966,977,923,959,953,943,951,942,0
937,939,933,943,937,987,934,938,932,944,940,938,950,936,946,989,945,954,947,950,931,965,954,955,942,963,967,957,959,943,946,961,946,950,959,944,917,963,943,926,932,926,955,966,937,973,953,960,965,936,951,951,946,947,923,975,949,963,976,958,969,963,946,936,960,963,945,961,930,948,938,934,937,947,961,971,967,948,954,942,963,942,962,918,977,1003,1025,1041,1089,1159,1202,1215,1246,1220,1223,1157,1134,1097,998,995,975,984,964,963,951,937,953,962,952,958,954,933,952,947,957,957,950,946,944,963,936,936,957,926,938,943,950,941,942,945,957,966,986,947,945,961,954,977,935,961,947,953,945,957,939,949,934,941,947,942,908,933,934,961,957,937,966,961,948,945,973,954,979,946,960,938,960,926,963,955,960,958,945,960,944,954,934,952,953,959,978,940,952,948,927,973,950,0
936,941,960,951,968,929,939,954,967,955,974,942,949,962,974,948,958,953,960,972,978,956,957,964,934,952,953,962,940,977,970,977,964,954,972,933,943,955,943,971,958,926,944,952,961,938,919,940,959,954,964,965,976,953,967,944,919,958,964,939,968,914,929,952,961,977,968,972,946,943,953,944,931,958,930,879,862,859,823,831,820,820,785,783,787,774,783,741,752,754,729,755,728,700,738,730,715,743,748,758,782,800,802,805,801,862,859,854,874,841,865,942,972,922,935,940,958,944,950,971,941,965,941,965,938,967,972,954,961,928,955,965,972,957,955,937,941,947,956,974,955,940,943,950,943,966,955,944,932,944,939,939,948,948,948,943,933,955,963,975,958,956,960,943,945,979,945,969,944,935,964,973,939,986,963,927,975,947,951,935,953,953,956,931,953,957,928,1
951,926,964,926,974,931,958,942,961,948,955,945,929,959,936,936,934,945,984,952,933,933,915,943,942,949,946,959,935,942,984,923,951,960,956,970,951,960,932,954,958,948,924,931,944,938,948,945,966,951,955,923,957,938,933,901,951,937,968,946,927,951,935,936,950,927,953,952,953,924,959,919,962,957,953,871,862,840,834,824,778,817,792,786,800,754,763,757,728,750,740,742,744,730,743,751,721,753,774,758,775,779,811,803,826,822,798,836,835,899,874,963,964,934,939,951,953,990,953,944,925,943,965,947,975,974,967,943,958,969,964,946,970,934,952,967,942,975,942,931,948,987,934,965,979,938,958,953,958,966,946,969,958,966,958,945,977,946,946,930,957,927,946,975,955,975,943,949,935,948,929,950,938,937,947,966,942,941,934,955,942,956,940,947,941,954,936,1
946,940,931,940,948,938,961,966,969,964,970,946,929,963,962,942,928,987,931,915,934,936,939,940,954,974,923,946,977,944,934,924,932,949,947,932,969,953,969,962,938,958,950,947,943,930,966,957,953,931,943,948,956,952,959,969,951,972,936,954,937,964,961,925,927,951,959,951,947,928,950,927,975,958,936,1004,1015,1021,1022,1038,1040,1043,1077,1042,1109,1107,1082,1114,1120,1131,1129,1113,1097,1123,1113,1112,1113,1149,1114,1109,1107,1132,1102,1037,1063,1059,1037,1040,1035,1019,1015,946,940,955,956,931,935,935,943,934,932,938,956,967,925,925,928,973,951,943,923,937,964,948,954,921,952,944,968,963,949,951,956,944,948,940,928,956,943,964,951,947,949,979,959,925,945,962,966,925,966,942,953,961,944,950,940,948,911,938,927,954,943,942,951,978,949,939,944,954,948,965,927,952,959,947,943,1
959,957,967,940,915,958,946,964,967,942,935,950,970,937,946,926,960,966,938,981,944,949,955,949,928,952,948,929,957,969,951,922,955,956,954,959,958,982,975,948,965,939,913,949,937,943,959,975,962,958,940,955,951,943,963,974,945,928,941,947,949,955,963,960,955,948,952,937,922,945,979,929,943,946,952,1100,1091,1102,1124,1147,1160,1157,1212,1209,1223,1244,1271,1285,1284,1276,1283,1337,1310,1300,1310,1292,1302,1293,1262,1255,1236,1230,1211,1193,1190,1182,1151,1135,1090,1088,1060,960,959,927,948,952,977,946,958,946,927,974,959,943,955,951,949,950,941,939,947,959,956,949,930,962,944,968,943,958,961,930,930,945,950,936,964,960,960,948,941,964,962,940,979,914,952,962,936,939,940,958,930,928,948,968,974,959,956,1003,961,950,923,960,957,945,963,988,931,956,951,957,960,960,947,969,922,1
950,939,942,934,980,953,959,961,948,921,937,939,967,921,936,921,952,928,935,956,948,956,970,959,905,957,942,960,984,922,972,963,946,957,962,964,966,930,953,951,952,973,953,955,952,942,965,935,942,951,944,959,960,992,945,933,961,966,920,946,954,957,971,988,937,927,950,966,971,928,948,945,948,949,969,1018,1032,1040,1047,1034,1049,1069,1075,1083,1087,1075,1104,1126,1117,1101,1132,1130,1126,1112,1126,1149,1129,1127,1112,1079,1100,1098,1051,1048,1065,1071,1031,1043,1018,1021,1026,949,946,950,948,939,935,958,955,940,945,963,940,920,913,974,952,949,945,933,972,947,979,945,932,944,946,953,946,946,958,955,930,961,967,946,942,949,967,933,941,956,963,953,950,972,969,935,942,936,955,978,954,946,944,956,925,951,937,947,919,997,951,929,943,936,927,966,959,940,976,957,943,962,968,923,936,1
955,952,934,952,1003,970,946,959,946,939,948,957,935,937,953,922,956,924,970,947,981,913,972,936,948,947,975,935,938,946,948,992,937,947,930,954,949,951,957,939,967,961,952,942,943,951,965,933,934,947,930,935,955,959,936,949,954,935,959,965,929,956,970,941,961,959,955,959,926,961,957,942,945,960,959,954,961,967,944,971,938,963,944,943,951,972,1027,1021,1092,1144,1187,1250,1223,1234,1236,1175,1113,1093,1041,1002,983,954,965,930,967,933,953,944,972,954,952,963,946,970,940,971,951,948,943,966,958,928,957,949,941,960,936,920,958,954,951,940,964,968,944,959,935,963,974,927,955,950,967,961,943,937,952,963,959,947,953,918,934,949,947,959,933,944,948,947,957,954,960,943,958,948,930,982,949,928,958,950,950,928,970,940,963,967,954,982,936,982,966,937,975,965,921,0
949,959,940,960,958,928,941,947,990,957,942,911,961,963,956,967,935,968,942,942,922,947,935,942,958,986,933,965,950,933,965,964,1006,972,944,958,942,941,959,928,951,962,970,953,947,949,991,925,972,963,925,954,964,960,975,937,956,955,943,946,964,952,928,944,949,937,941,943,988,947,951,964,962,923,941,950,962,972,978,939,948,953,937,956,964,971,998,1027,1106,1163,1181,1220,1241,1243,1221,1189,1152,1087,1035,1006,981,973,965,947,932,930,934,937,945,944,959,984,971,961,950,944,940,982,966,949,966,967,948,946,957,961,960,928,961,945,945,956,922,957,954,950,925,949,969,958,953,966,947,985,959,966,932,945,964,934,944,927,947,948,953,950,938,968,958,946,963,960,960,932,951,920,955,936,929,937,919,970,945,931,926,950,976,932,925,952,941,922,953,931,961,946,953,0
960,969,954,968,961,954,962,956,951,945,966,964,956,945,956,951,928,928,927,934,964,952,972,952,971,942,976,946,955,967,945,955,942,959,959,957,916,936,949,921,937,952,941,951,931,941,941,941,972,977,966,955,974,959,931,951,947,957,947,949,935,960,937,955,935,959,956,959,968,943,942,941,974,972,954,885,867,853,832,791,837,823,844,783,793,793,772,751,753,720,729,740,725,731,734,762,722,732,748,768,776,758,774,814,807,809,839,863,844,855,912,955,973,958,963,960,958,958,943,931,946,958,947,977,948,950,951,975,945,959,929,951,943,947,972,954,956,931,960,945,980,973,956,973,954,967,947,963,953,947,936,947,947,946,931,957,944,948,950,957,957,951,951,922,950,952,966,924,917,944,932,934,940,967,977,933,954,966,951,945,951,963,940,935,939,944,971,1
944,948,960,979,967,931,962,951,979,981,946,950,952,971,967,966,945,963,928,937,954,926,941,974,936,968,963,956,963,935,928,937,936,961,943,959,932,939,963,958,942,951,956,953,938,927,931,949,953,925,967,920,944,945,940,935,940,965,946,960,935,931,952,937,954,947,957,934,968,958,953,939,944,957,940,1064,1066,1096,1124,1145,1113,1157,1175,1184,1216,1236,1263,1269,1303,1274,1322,1298,1323,1296,1297,1299,1324,1282,1278,1259,1257,1227,1242,1197,1181,1187,1151,1137,1150,1086,1082,945,947,953,948,950,946,964,947,965,946,947,942,961,963,961,970,947,961,945,945,955,922,939,960,954,938,942,962,959,964,963,959,964,964,969,952,969,931,961,935,937,957,958,935,915,946,962,963,959,945,941,961,946,960,967,954,945,943,952,964,943,948,949,972,942,937,964,929,959,934,936,943,942,942,948,950,1
926,932,973,946,947,947,966,926,947,946,958,951,940,919,946,941,937,940,951,947,970,941,952,958,938,942,962,964,936,937,949,966,948,973,976,945,948,957,947,938,943,939,936,939,978,940,907,911,955,950,959,910,953,962,917,954,957,945,938,965,969,947,977,924,947,951,932,958,985,963,953,963,932,942,943,937,941,962,946,950,964,938,931,926,966,1001,1026,1062,1090,1128,1199,1220,1253,1255,1233,1190,1143,1096,1036,996,984,978,925,958,916,947,953,953,977,930,967,945,951,964,942,969,983,926,941,906,962,912,975,943,950,958,938,932,959,956,948,931,968,952,942,950,965,964,919,974,945,952,975,946,961,945,939,953,910,930,970,945,949,937,958,946,955,961,939,937,936,958,971,948,968,959,931,969,952,975,922,935,939,964,936,962,943,956,961,951,935,950,945,915,947,952,948,0
972,943,949,961,971,927,972,926,979,937,937,925,962,935,941,945,939,944,945,956,951,951,983,959,959,959,935,932,929,962,951,951,943,966,923,961,956,967,959,934,956,970,936,943,938,957,976,953,954,950,948,965,940,924,934,960,955,924,954,952,950,950,941,954,925,931,951,915,934,920,947,948,980,967,936,955,971,938,953,978,925,933,960,960,937,989,1023,1060,1100,1124,1190,1234,1273,1254,1227,1189,1108,1096,1042,1024,998,968,948,939,951,946,933,951,926,957,914,935,963,944,913,961,941,926,963,959,980,955,976,940,945,954,941,923,936,950,960,949,937,961,936,940,956,933,920,958,958,950,932,915,963,933,964,938,948,927,957,938,964,957,954,968,964,934,962,953,951,968,937,958,940,921,966,919,934,942,958,939,951,963,957,944,954,942,931,944,938,951,947,972,951,939,946,0
931,959,974,943,954,923,939,931,928,926,956,933,967,953,941,932,959,923,945,967,972,980,945,933,953,926,962,955,946,942,936,948,964,941,940,938,944,984,972,944,942,967,973,941,955,977,953,944,918,943,929,952,961,941,968,929,981,951,956,964,966,951,950,939,943,946,959,954,939,944,939,943,979,943,965,883,867,870,822,820,821,840,805,813,790,761,762,748,741,754,736,721,741,742,728,734,762,746,754,742,782,786,785,820,827,821,824,852,856,854,857,942,940,957,935,958,947,947,935,942,953,954,953,942,946,977,953,933,965,949,936,958,929,936,932,950,967,940,962,937,938,959,953,943,961,956,954,955,955,974,933,962,944,958,953,967,964,952,965,963,944,964,965,936,948,931,940,938,947,946,974,936,950,956,961,919,947,964,956,950,948,946,953,957,935,987,944,1
984,952,951,970,945,927,949,936,922,978,940,979,936,956,966,941,969,929,956,969,958,951,964,954,934,931,954,953,968,963,948,957,930,946,952,965,930,959,965,948,939,954,959,965,924,959,946,922,958,978,960,939,966,941,952,965,924,935,959,932,951,959,942,956,946,929,946,948,941,936,938,948,916,959,951,958,941,988,946,950,943,946,948,948,970,994,1004,1052,1069,1107,1175,1207,1234,1239,1248,1176,1140,1071,1051,1044,1019,957,942,949,927,949,965,973,940,939,943,955,953,935,938,960,980,918,949,946,966,979,951,961,943,933,939,973,946,949,965,962,963,949,943,937,964,956,942,962,953,978,949,964,975,975,940,923,936,959,978,944,956,960,930,952,917,951,930,952,948,950,966,935,956,948,941,948,984,921,904,921,962,957,951,958,968,943,946,923,931,971,941,945,938,949,960,0
942,954,964,965,949,953,942,970,953,947,952,957,948,942,962,948,971,941,946,954,964,956,942,935,949,962,936,951,944,942,959,938,930,942,935,945,975,946,943,950,949,936,949,966,948,948,967,957,931,920,944,955,931,952,941,933,942,944,953,963,934,932,910,967,974,955,954,963,971,941,950,955,936,928,954,876,890,876,845,834,805,832,809,805,792,761,751,752,747,739,748,735,728,744,735,737,731,766,752,770,766,758,790,835,794,842,826,825,853,870,852,931,929,953,954,969,947,939,917,958,945,931,964,938,933,936,934,951,955,946,949,944,940,960,942,943,941,944,954,968,950,944,953,948,939,969,939,949,945,926,962,938,969,940,936,932,941,953,907,968,956,958,967,962,952,951,952,946,923,955,966,979,959,970,947,958,955,961,951,964,933,923,961,939,971,923,943,1
951,1000,932,947,968,929,943,966,956,939,957,922,930,955,962,947,952,941,952,941,942,953,929,937,950,949,945,967,969,938,946,942,935,946,949,919,973,927,953,940,996,943,937,937,948,976,945,928,937,961,953,958,937,931,924,915,956,939,926,947,959,931,950,950,977,947,987,954,933,954,965,941,922,940,969,961,961,967,933,950,935,942,984,958,952,976,1031,1049,1086,1145,1173,1229,1239,1248,1228,1199,1166,1086,1062,1016,980,969,971,941,954,930,924,931,956,978,933,925,943,998,955,965,958,950,961,909,956,935,956,918,954,940,937,957,931,952,967,941,962,929,956,953,945,941,938,942,907,950,948,928,968,956,968,917,971,938,938,928,944,920,979,960,965,948,951,976,955,934,925,939,958,937,938,932,930,936,930,957,947,943,935,931,946,934,955,953,939,942,954,936,949,943,976,0
943,937,949,963,961,988,954,938,949,935,940,941,938,937,936,944,932,948,953,941,970,921,946,954,913,949,922,930,943,963,958,980,948,960,945,968,938,928,945,942,964,931,953,929,947,964,950,936,940,960,955,933,986,976,948,974,973,922,951,931,939,927,935,943,965,948,959,951,952,944,950,948,938,926,944,937,963,949,947,954,944,954,940,946,977,975,996,1023,1084,1152,1198,1197,1263,1256,1256,1198,1157,1084,1054,1017,988,971,959,956,943,983,959,937,950,961,933,935,978,929,955,936,929,950,947,958,933,949,960,951,964,923,935,936,935,930,924,942,959,964,959,923,975,957,940,964,938,967,963,945,960,958,947,953,956,919,969,971,951,953,947,963,929,944,931,956,924,932,947,954,931,943,945,925,960,956,943,932,921,940,950,952,932,934,940,957,949,944,939,932,968,943,951,0
956,930,964,927,947,973,935,970,951,914,935,939,939,953,932,965,951,943,911,977,962,939,963,948,957,939,950,934,956,952,932,940,957,940,954,944,946,945,958,951,964,946,951,936,926,947,956,930,963,967,976,935,962,954,949,957,969,951,960,939,926,960,924,960,952,932,931,932,965,946,960,938,944,951,947,880,869,840,848,817,817,819,805,796,795,780,756,746,732,737,753,728,748,723,718,726,751,744,769,789,762,779,808,803,827,809,853,824,862,896,870,962,946,960,933,916,953,958,982,954,964,996,929,954,966,952,944,948,973,948,942,955,939,954,964,934,958,937,959,918,945,952,963,947,963,962,930,966,960,950,926,924,951,977,946,954,953,944,940,948,922,975,955,963,949,943,967,953,946,936,950,952,947,948,959,954,954,940,970,953,938,917,956,968,944,924,971,1
982,971,932,921,951,947,951,943,979,962,939,931,959,928,953,942,967,941,975,947,954,956,969,935,942,937,982,966,938,935,933,930,937,930,948,934,945,960,965,945,945,938,961,956,927,971,921,958,953,955,965,946,982,943,915,945,947,969,923,939,962,982,949,945,938,942,950,979,938,969,940,954,935,923,928,1077,1082,1080,1101,1133,1155,1185,1194,1201,1218,1265,1257,1257,1266,1282,1299,1301,1309,1312,1295,1308,1288,1302,1269,1276,1261,1202,1193,1207,1184,1143,1156,1098,1092,1082,1075,954,930,959,927,932,965,957,952,962,949,933,954,939,946,948,922,955,969,949,955,929,979,949,962,926,956,945,964,938,961,930,970,967,954,922,951,938,957,946,962,953,944,953,947,964,961,968,968,964,965,955,952,939,931,955,953,995,960,909,945,953,964,949,936,957,943,929,956,937,953,950,940,950,948,938,946,1
945,947,963,960,938,941,927,941,956,979,954,929,944,949,967,932,928,928,922,925,913,959,958,944,965,952,953,959,958,926,949,948,929,955,954,950,969,978,952,961,954,930,945,963,929,925,949,966,959,972,942,949,955,971,962,946,931,929,947,930,973,974,951,949,927,974,944,912,966,952,951,917,953,940,948,963,983,953,954,954,984,953,928,950,962,958,995,1055,1095,1143,1172,1217,1261,1274,1221,1186,1129,1097,1036,1010,994,994,943,925,948,969,955,945,966,932,941,950,960,954,939,953,946,978,934,978,973,945,919,966,952,954,982,979,951,940,947,949,933,965,975,950,920,962,932,929,949,944,956,916,951,918,947,937,936,950,953,933,952,936,960,964,958,943,949,908,956,964,950,953,939,949,962,983,986,928,930,957,937,950,934,945,965,952,955,939,952,934,942,926,952,923,932,0
935,939,941,960,935,943,923,941,964,915,921,927,938,934,958,946,932,957,954,978,932,930,964,960,956,966,958,953,950,955,940,950,931,982,931,947,930,947,932,969,930,968,926,950,948,944,951,958,940,998,936,922,956,947,959,930,974,960,927,954,975,936,966,960,936,933,961,934,945,944,953,946,938,935,949,846,869,869,836,810,841,797,821,799,786,768,767,768,757,743,735,705,741,727,742,740,746,726,782,758,791,777,814,793,792,815,843,837,844,871,861,937,968,959,931,935,947,938,940,961,952,955,921,974,960,950,956,942,935,932,960,934,949,945,962,942,954,965,943,940,968,975,927,942,958,955,947,969,945,953,922,928,946,947,931,939,984,950,969,943,933,959,979,942,932,957,960,951,947,918,960,946,972,947,956,965,936,913,957,947,956,941,955,955,943,979,927,1
961,953,982,936,956,950,963,958,971,936,926,973,932,951,937,975,936,936,965,954,948,947,931,936,944,978,968,974,958,931,948,951,971,948,932,921,949,935,942,986,949,966,948,965,975,962,951,927,959,934,942,953,928,949,978,977,938,951,944,930,957,942,942,966,952,951,933,962,952,940,949,984,965,988,938,1017,1037,1054,1044,1056,1054,1039,1071,1098,1084,1105,1134,1107,1127,1117,1107,1116,1115,1158,1130,1122,1122,1118,1124,1109,1109,1104,1082,1069,1060,1052,1037,1034,1020,996,1012,945,949,949,949,946,941,937,975,937,964,958,983,954,916,955,938,949,948,940,959,989,963,949,921,973,924,970,949,959,966,936,947,939,960,927,965,937,944,964,955,970,942,936,944,957,969,976,940,921,957,975,959,923,947,962,940,920,930,962,941,949,968,940,967,960,975,942,943,956,981,937,942,928,943,960,957,1
921,950,946,962,938,945,963,920,969,940,935,940,958,947,932,973,930,965,928,970,949,951,907,964,966,973,956,953,944,939,963,957,956,946,960,956,942,972,957,956,937,933,922,953,936,934,942,944,949,978,982,981,949,976,965,969,948,956,922,940,968,949,944,931,956,931,931,950,941,957,941,924,976,940,956,1039,1022,1000,1020,1061,1056,1056,1072,1078,1103,1091,1109,1141,1116,1106,1132,1158,1103,1129,1129,1135,1121,1089,1077,1091,1083,1093,1112,1056,1052,1061,1052,1021,1027,1044,1002,927,953,929,949,944,938,938,924,956,923,961,948,951,939,937,947,971,971,950,947,941,953,947,957,970,930,936,943,963,945,993,951,944,949,967,940,945,961,926,936,965,944,953,960,962,919,947,951,959,946,956,950,961,946,943,935,926,938,959,952,957,919,944,953,970,951,949,945,956,948,949,949,948,930,951,948,1
931,962,943,945,928,948,935,961,942,939,953,966,965,951,967,914,949,930,965,964,951,968,951,954,957,951,974,953,955,936,973,957,945,949,958,957,957,931,919,960,937,967,948,960,945,953,950,968,955,968,928,972,935,930,951,940,932,958,960,941,950,940,928,920,929,973,950,988,966,943,944,940,960,964,940,1061,1096,1107,1098,1134,1161,1184,1190,1197,1237,1252,1251,1264,1280,1298,1307,1302,1327,1297,1310,1297,1258,1286,1289,1272,1232,1229,1193,1184,1155,1149,1136,1126,1116,1082,1060,942,933,965,953,964,956,969,961,933,973,956,954,938,951,941,954,943,979,970,937,959,937,952,962,941,950,955,923,954,946,931,933,934,956,949,972,942,942,970,957,962,952,946,958,974,962,946,932,956,905,948,962,977,936,947,945,939,951,958,918,928,982,931,942,959,929,934,923,951,958,967,953,938,947,950,961,1
932,948,941,926,941,948,962,935,955,933,953,947,965,944,956,949,957,959,926,952,958,943,948,938,937,958,960,948,927,959,970,950,952,942,969,949,909,945,956,967,939,935,957,951,956,949,919,937,939,947,971,941,958,948,958,941,953,945,938,948,947,941,961,949,941,964,920,974,960,925,952,933,947,964,934,888,884,854,830,835,832,844,812,797,788,737,754,773,748,739,722,732,724,743,705,745,751,723,768,778,778,770,774,779,802,813,855,842,848,847,872,941,936,982,917,954,939,936,957,983,946,939,937,977,945,973,938,946,956,964,972,930,959,959,944,968,938,955,946,952,953,946,948,993,942,944,918,964,930,932,921,924,930,931,934,950,946,952,953,927,962,943,951,938,936,955,935,959,939,946,952,944,956,954,955,951,930,952,973,942,985,944,937,937,927,947,948,1
931,951,918,954,950,959,936,953,939,949,936,945,954,938,933,956,940,932,925,973,940,949,948,951,965,966,963,953,950,956,949,935,967,954,967,958,925,942,926,947,926,953,928,977,934,955,938,962,963,962,968,959,942,945,960,928,935,945,960,941,922,925,964,940,948,949,973,960,947,937,940,953,954,940,956,880,856,858,838,840,857,799,828,791,771,747,745,753,777,714,706,733,696,737,705,739,723,746,777,778,763,770,791,820,805,821,832,854,856,865,896,947,951,944,962,961,961,963,936,946,978,956,920,934,977,938,931,936,968,971,923,978,980,923,957,938,934,932,951,952,964,954,936,942,946,935,955,964,956,954,959,959,955,952,946,947,943,945,926,911,976,948,940,940,952,951,933,962,945,970,961,939,989,945,941,939,960,953,935,912,957,983,927,936,933,949,971,1
934,960,951,957,950,930,992,932,943,954,924,969,916,921,958,975,934,931,952,970,954,959,929,958,971,930,958,942,945,933,951,917,963,963,963,949,961,964,947,942,948,929,962,945,939,952,948,959,938,944,963,954,965,967,935,939,956,981,933,945,946,945,950,964,943,933,953,951,980,961,912,937,950,936,922,938,944,947,953,958,954,944,949,945,960,977,1001,1046,1109,1149,1197,1239,1264,1231,1223,1200,1162,1073,1038,995,955,1001,960,956,977,936,932,947,952,963,953,930,961,944,928,953,937,926,977,960,963,959,955,947,953,938,944,983,945,980,936,965,953,979,938,967,930,959,970,951,964,938,953,962,978,913,959,946,957,953,951,967,988,969,956,916,948,938,954,935,921,969,932,969,921,984,940,933,962,935,966,958,935,945,934,972,965,921,931,967,960,958,938,958,984,972,944,0
941,959,990,930,931,979,977,947,927,933,957,951,953,943,950,962,950,947,926,945,929,934,948,955,934,934,964,947,946,937,945,937,943,963,980,983,957,956,950,936,942,947,948,942,956,959,956,944,935,957,961,953,931,942,951,927,953,958,917,976,942,933,940,970,942,966,942,950,934,980,963,917,942,946,975,939,929,947,953,949,970,949,939,964,983,952,1005,1051,1087,1112,1187,1220,1228,1265,1208,1197,1145,1068,1050,1010,996,981,933,933,928,935,960,933,924,952,955,951,940,964,963,959,957,942,971,960,927,956,959,907,936,936,980,964,929,930,968,932,942,940,933,952,943,958,925,961,940,955,941,935,944,932,949,947,940,952,970,935,951,964,955,957,948,959,962,929,993,975,922,949,932,942,926,922,954,965,973,955,924,932,950,929,931,963,953,960,951,940,933,949,929,951,941,0
945,925,948,970,983,923,983,937,968,967,973,945,946,951,929,959,963,961,938,956,952,938,959,953,926,944,948,954,958,950,950,950,927,959,959,969,937,961,948,944,966,943,948,947,939,928,951,956,933,972,958,951,925,939,960,933,953,952,948,938,939,938,948,983,968,938,937,951,937,950,929,950,930,952,963,1059,1070,1120,1103,1154,1163,1179,1186,1223,1235,1216,1256,1265,1279,1279,1279,1300,1340,1310,1315,1293,1274,1274,1263,1264,1262,1250,1232,1204,1199,1160,1154,1143,1083,1088,1097,956,986,943,939,933,933,942,954,951,982,984,926,946,963,952,965,940,926,949,936,947,943,936,952,954,953,956,964,962,950,957,957,953,956,968,949,939,967,967,928,955,952,950,942,958,966,931,979,954,964,940,955,949,935,960,954,962,930,962,951,975,946,971,938,972,938,938,951,944,924,958,934,929,941,974,970,1
935,961,954,943,941,967,923,958,913,990,971,962,929,971,940,952,944,939,942,952,954,968,973,930,953,960,953,975,954,929,972,941,966,944,940,943,936,938,956,969,953,929,940,946,963,947,937,942,940,928,945,915,940,952,952,952,928,923,940,957,969,951,945,959,946,950,934,963,958,972,950,931,971,970,941,941,939,975,947,988,945,984,937,938,968,980,1003,1055,1081,1108,1184,1218,1240,1244,1206,1210,1136,1119,1034,1005,983,970,955,951,942,939,956,921,935,942,941,962,924,937,945,941,948,952,962,941,934,936,949,957,941,912,939,951,945,950,965,948,942,953,950,982,951,924,968,934,954,948,963,957,966,935,930,935,956,960,959,939,948,944,946,929,940,935,945,968,958,969,959,978,935,960,937,930,928,926,922,947,945,939,943,937,996,966,932,933,948,932,976,977,958,990,942,0
972,972,951,949,948,951,955,962,936,982,951,940,938,933,963,972,935,936,959,958,967,949,933,971,944,968,939,979,946,943,957,947,943,950,967,985,952,947,965,963,936,919,953,955,941,926,948,968,960,966,934,953,944,935,944,953,953,953,944,964,969,933,947,970,962,953,922,939,951,954,938,953,951,951,966,953,941,952,966,942,949,963,932,922,973,989,1009,1035,1070,1120,1172,1230,1266,1267,1228,1190,1117,1069,1041,1024,971,982,927,949,952,947,957,944,932,936,945,967,960,965,941,951,920,959,958,965,942,952,933,954,945,966,935,947,960,913,909,929,962,962,943,972,952,940,955,958,974,931,954,962,928,946,959,955,971,948,928,940,950,939,952,933,940,940,961,964,938,963,978,974,959,927,967,958,940,925,948,960,936,944,956,949,945,936,954,953,954,936,981,925,927,940,957,0
936,949,976,941,971,939,952,958,952,950,970,948,948,908,923,958,934,970,938,958,956,931,957,947,948,969,963,957,932,963,972,967,923,949,920,940,941,950,940,965,943,962,960,977,931,951,992,963,948,946,955,934,940,947,931,945,952,959,968,945,925,967,934,974,951,969,940,956,972,932,968,929,937,960,960,942,930,915,917,970,935,942,956,933,976,974,1044,1045,1085,1169,1189,1238,1239,1269,1212,1174,1145,1061,1050,986,972,972,943,938,955,929,959,947,943,940,952,953,943,975,945,928,960,960,937,939,918,955,973,955,953,966,991,931,941,947,971,922,963,940,954,941,934,964,963,967,955,956,962,920,951,942,974,964,946,932,946,981,954,936,957,961,936,958,950,947,949,949,934,954,939,943,960,954,948,971,940,964,951,965,944,962,955,943,968,963,961,948,949,954,957,945,982,0
946,967,947,932,942,949,960,949,942,972,950,984,958,934,960,949,953,922,955,982,938,944,961,964,945,946,933,939,954,963,937,983,957,967,941,971,946,976,927,931,974,962,948,960,932,949,957,923,938,953,942,937,974,925,942,972,935,971,968,972,923,952,943,965,972,960,953,956,971,953,931,939,939,969,972,1022,1042,1043,1057,1074,1064,1066,1089,1079,1083,1107,1077,1113,1120,1109,1122,1122,1160,1107,1129,1122,1139,1138,1109,1106,1125,1106,1077,1068,1069,1066,1052,1029,1048,1026,1028,951,955,953,956,936,928,938,946,944,946,946,952,949,960,942,955,933,950,950,932,958,963,940,942,965,936,945,935,967,942,934,928,951,944,942,939,967,950,956,960,976,930,936,954,946,944,938,933,952,961,944,955,950,950,939,941,972,963,956,949,962,960,938,950,942,930,941,959,950,929,920,956,941,958,957,973,1
985,951,953,964,964,948,955,965,942,947,948,952,937,966,949,964,966,963,967,955,939,939,962,967,947,953,966,921,939,933,954,985,944,945,943,938,921,940,946,936,945,965,942,965,945,939,961,936,942,953,954,950,930,924,948,949,948,930,982,943,949,952,940,920,924,940,943,946,940,944,943,974,946,942,936,961,936,960,967,957,942,946,954,953,959,993,1012,1036,1085,1159,1176,1239,1244,1241,1240,1178,1127,1079,1064,1016,962,1010,967,934,970,946,936,941,955,928,943,951,961,950,949,945,955,984,947,957,935,947,954,922,958,944,956,931,943,942,949,945,946,970,942,942,943,921,957,944,956,951,958,937,950,934,940,928,964,957,937,973,956,957,955,932,956,951,962,947,928,952,977,930,958,956,949,949,964,960,948,964,925,965,965,964,954,937,945,950,949,991,942,946,963,943,931,0
968,950,969,953,941,930,968,925,930,942,933,930,962,940,958,954,923,952,949,945,940,955,950,950,952,966,947,983,952,941,953,931,942,972,943,920,962,936,963,941,935,938,949,946,960,964,925,933,953,944,961,968,963,938,943,967,966,938,924,952,945,968,948,934,958,951,947,971,934,942,935,952,948,948,955,938,944,948,973,949,945,944,975,966,960,952,990,1041,1091,1130,1195,1223,1272,1253,1200,1185,1146,1089,1044,1036,969,969,988,965,943,926,954,930,937,924,966,965,924,935,972,933,955,988,926,940,945,950,962,925,941,969,959,953,947,933,925,953,936,933,956,932,964,932,935,948,929,920,961,947,938,950,939,967,955,956,931,949,969,949,961,943,955,932,954,948,945,942,923,946,951,961,967,928,942,982,927,963,950,965,939,937,950,948,959,934,947,951,940,952,958,951,928,0
951,950,942,958,981,921,960,941,927,924,939,951,978,940,968,946,944,972,923,931,924,969,923,936,960,932,946,937,938,946,907,932,928,946,969,943,987,955,938,947,956,953,958,926,955,957,967,940,936,968,955,934,926,917,976,915,962,961,936,956,915,954,929,930,960,930,974,971,924,970,929,959,963,932,962,1001,1012,1038,1044,1029,1057,1029,1071,1090,1110,1106,1124,1097,1126,1112,1126,1121,1133,1142,1121,1118,1113,1118,1116,1103,1097,1079,1090,1070,1069,1096,1045,1047,1033,1035,1006,916,946,949,953,952,943,930,959,908,952,931,956,946,951,956,962,943,952,964,953,938,952,955,938,961,950,978,928,945,942,928,934,967,928,971,939,948,940,957,961,948,970,955,946,965,949,959,948,941,947,937,934,942,928,970,954,954,962,946,951,948,950,937,942,958,946,963,940,944,962,973,963,959,952,954,953,1
970,937,919,956,938,932,956,968,951,944,973,955,936,936,956,964,945,984,943,958,954,927,932,972,938,971,955,951,949,945,954,931,954,959,944,975,945,956,946,953,936,970,930,960,931,962,975,952,932,935,951,942,954,922,943,959,960,940,954,956,938,977,952,958,946,971,953,953,969,948,933,934,945,941,960,951,928,954,940,961,953,951,949,926,972,1005,1012,1039,1068,1144,1174,1194,1244,1264,1219,1194,1142,1076,1037,1007,987,981,947,940,929,953,934,954,945,951,962,962,922,969,939,958,966,947,956,962,928,938,956,950,936,954,936,938,959,940,938,958,972,939,959,962,950,953,949,949,939,943,942,941,954,965,936,939,951,935,907,986,960,954,950,965,954,948,960,965,950,957,910,960,921,955,964,962,940,972,958,966,920,958,947,952,960,948,966,926,949,932,967,964,963,958,962,0
950,961,946,942,953,938,968,971,956,943,946,938,953,951,940,944,927,960,957,923,964,956,951,962,935,927,961,934,962,945,929,944,953,943,927,957,953,962,942,968,948,951,940,946,934,952,945,946,934,983,962,949,962,944,958,976,936,972,966,919,960,961,948,970,950,964,955,915,956,971,980,930,949,970,955,1008,1029,1010,1021,1062,1068,1078,1068,1052,1086,1077,1113,1119,1097,1125,1127,1144,1116,1144,1127,1115,1107,1107,1104,1104,1086,1095,1096,1049,1065,1058,1063,1020,1024,1034,1019,964,952,960,946,950,972,949,946,930,916,957,985,956,941,950,962,945,944,953,942,955,941,949,943,954,927,970,922,957,924,951,945,948,923,967,921,940,959,934,955,947,937,972,943,955,939,972,980,940,965,904,943,948,988,942,945,964,949,937,940,921,965,942,963,956,936,978,956,958,942,945,957,918,944,946,979,1
963,953,944,958,962,955,963,927,970,961,937,945,949,946,952,954,962,958,957,973,959,962,953,932,935,953,947,945,967,944,930,959,941,962,937,951,958,936,935,954,962,942,961,966,979,966,958,968,954,972,949,950,927,967,937,966,979,952,934,952,959,964,967,949,942,958,949,962,934,940,958,967,945,951,943,938,955,960,966,927,962,934,948,929,981,974,1024,1040,1086,1125,1196,1245,1242,1249,1222,1197,1149,1108,1083,1019,967,999,951,955,942,963,962,965,936,944,971,952,951,962,962,937,986,952,947,951,962,927,957,931,928,972,969,950,957,935,941,951,962,942,926,939,970,976,945,942,965,943,949,941,930,936,945,956,971,943,943,959,943,943,935,955,944,939,928,962,962,944,951,980,938,959,973,967,947,958,947,966,967,952,950,919,951,936,974,928,949,976,931,959,967,958,954,0
941,932,944,945,954,981,954,959,975,919,948,939,940,964,959,958,955,936,951,988,950,958,942,968,952,928,951,944,972,949,961,954,961,943,958,955,975,949,938,967,954,946,952,972,931,966,964,951,963,965,965,945,969,947,950,973,965,975,975,974,905,948,951,941,971,978,949,961,928,938,936,951,957,975,937,941,961,960,928,946,947,950,964,972,946,995,1007,1033,1104,1148,1186,1216,1262,1245,1226,1156,1135,1097,1040,1012,963,972,931,948,939,946,923,955,943,924,946,956,958,971,942,965,944,950,947,935,949,942,961,946,971,948,945,952,951,947,951,941,918,926,954,944,968,939,958,953,929,922,911,936,927,946,958,948,959,953,938,950,963,941,956,946,939,966,949,936,953,972,928,919,954,946,953,963,943,961,959,931,960,941,949,935,941,930,970,944,935,951,957,953,939,928,959,0
936,944,931,970,967,939,951,929,961,957,945,937,951,936,959,945,917,953,945,928,950,948,952,963,939,934,979,948,976,942,969,944,939,943,939,926,965,942,944,947,918,953,961,952,976,974,921,977,970,983,947,959,953,936,942,960,947,966,954,921,985,960,963,941,972,957,943,949,941,954,951,938,939,907,953,956,954,960,963,939,968,960,935,934,981,1008,998,1057,1104,1139,1176,1245,1252,1236,1216,1193,1137,1083,1058,1017,983,973,945,966,970,948,961,946,959,950,963,941,954,933,953,959,925,940,958,951,956,938,961,936,965,947,968,944,943,949,936,928,920,950,975,939,963,940,952,927,927,970,945,980,951,948,974,942,944,944,958,939,935,947,959,939,982,951,939,984,973,984,962,949,934,924,958,943,949,942,940,947,965,930,942,954,950,942,955,962,983,948,948,947,935,960,992,0
953,934,933,940,943,943,966,954,958,958,921,961,947,954,939,960,961,948,963,968,947,940,935,958,962,922,951,943,1007,939,923,945,955,956,966,965,930,928,952,941,933,967,923,945,947,968,949,968,961,947,978,957,948,964,951,916,959,955,962,958,937,925,956,956,934,947,969,951,959,946,963,911,937,901,951,949,960,944,971,978,956,926,958,920,942,952,1007,1022,1105,1126,1184,1213,1255,1271,1238,1188,1134,1081,1027,1034,967,984,945,930,957,928,954,960,961,942,936,954,982,943,986,950,911,939,925,962,945,959,928,925,957,947,947,934,918,960,947,949,961,944,947,970,967,949,959,931,952,954,921,936,938,952,923,958,949,932,914,950,935,928,967,960,934,955,974,961,934,923,955,957,946,965,946,923,970,960,935,957,939,963,953,936,978,941,927,967,966,968,979,931,951,988,931,0
955,943,955,966,945,957,943,954,965,936,953,950,926,915,969,963,978,950,951,954,960,907,910,945,934,962,940,921,930,962,922,943,940,952,933,959,960,954,947,967,979,954,934,974,933,931,954,943,955,957,932,935,947,941,959,936,959,953,942,966,932,942,940,949,937,947,920,951,944,939,947,964,960,979,947,956,935,975,923,931,950,938,944,931,947,1008,983,1019,1066,1139,1176,1223,1238,1244,1199,1182,1162,1106,1030,1013,961,954,967,961,947,952,965,943,987,937,954,972,942,916,948,938,952,954,966,947,952,946,949,946,940,915,947,950,923,960,969,938,946,944,963,937,939,952,966,946,953,950,950,943,927,960,941,957,963,941,956,964,937,959,942,942,965,943,960,937,964,943,963,950,933,969,969,939,960,936,934,977,955,931,931,955,946,961,946,961,971,951,965,945,919,959,926,0
960,949,978,951,964,956,953,927,953,961,940,932,950,957,957,931,961,926,978,955,927,944,954,943,950,928,950,963,938,953,948,962,954,948,943,941,935,969,952,954,939,969,953,955,947,954,930,947,985,951,957,952,942,945,985,954,938,952,976,963,939,959,953,964,933,932,939,957,953,949,953,956,936,958,951,974,971,954,950,951,911,956,946,954,973,972,1012,1045,1104,1116,1169,1214,1254,1246,1210,1178,1148,1092,1057,1017,985,962,945,945,967,943,964,989,953,937,937,941,953,950,954,965,915,944,942,933,969,945,953,927,966,949,957,945,959,954,958,934,916,963,966,967,954,955,952,951,953,924,926,972,940,930,957,936,942,945,942,944,945,951,936,934,955,963,968,937,944,945,958,963,949,984,963,961,959,951,920,941,966,951,962,932,943,932,943,931,961,954,946,949,946,923,935,0
919,958,976,951,918,961,944,945,958,942,949,938,961,947,948,948,946,965,948,943,961,924,953,926,943,969,971,952,948,949,963,961,932,965,919,940,956,931,933,977,936,974,932,973,932,940,940,927,959,952,962,949,976,943,952,942,928,977,938,939,930,926,942,941,944,992,951,950,933,925,946,940,961,951,940,999,1005,1025,1046,1048,1049,1035,1090,1083,1080,1101,1097,1115,1099,1131,1119,1115,1134,1142,1115,1107,1116,1130,1098,1129,1096,1098,1069,1069,1072,1065,1061,1001,1001,1008,995,947,963,910,948,957,951,929,944,935,966,923,934,949,960,966,964,964,918,935,945,968,965,976,942,951,974,921,912,915,954,935,975,945,942,959,933,938,946,967,979,930,959,952,933,966,976,924,929,940,954,958,947,970,938,962,963,932,953,960,954,987,944,916,916,916,957,952,943,961,946,970,941,962,905,955,964,1
944,958,955,934,970,937,953,918,943,964,953,977,955,954,942,974,961,946,961,961,952,961,918,934,961,934,960,951,965,974,931,931,959,951,972,925,960,962,939,939,949,951,978,942,969,938,926,956,959,952,943,925,939,937,928,958,930,973,928,941,964,933,937,939,930,966,956,941,953,946,957,934,978,973,960,970,953,953,946,946,962,943,936,947,957,995,986,1035,1085,1159,1189,1215,1253,1244,1233,1194,1137,1117,1048,977,959,953,959,930,957,964,962,968,963,959,941,961,932,931,963,948,950,939,946,946,938,951,935,953,918,977,940,956,933,945,928,967,948,936,954,946,946,944,937,917,945,932,957,957,943,961,929,972,947,951,939,943,933,947,949,930,941,945,955,947,955,957,958,978,953,941,952,950,963,965,972,938,968,950,967,943,951,956,905,941,963,936,965,938,932,940,940,0
937,942,925,957,936,932,950,918,931,943,907,958,952,963,948,966,936,944,952,926,951,975,947,940,957,948,937,944,929,931,938,940,953,921,932,938,966,970,967,924,967,919,974,959,956,948,959,939,952,941,941,940,972,938,951,963,945,963,941,948,951,947,958,947,950,950,947,938,966,963,959,959,954,940,944,1087,1072,1100,1109,1157,1163,1159,1171,1225,1232,1226,1260,1297,1297,1277,1289,1256,1320,1300,1285,1308,1286,1288,1271,1252,1239,1232,1242,1180,1180,1133,1142,1137,1108,1108,1083,954,949,948,924,938,943,953,979,933,975,942,945,965,957,979,943,955,954,982,959,947,943,955,946,977,928,960,953,951,937,950,971,949,960,922,972,935,936,938,956,940,950,947,949,940,947,948,949,979,918,934,956,948,977,918,971,947,943,927,915,949,989,957,946,949,982,956,960,938,951,981,949,938,955,967,945,1
955,968,936,947,959,941,945,935,938,950,951,943,967,920,960,947,944,960,953,961,939,969,963,947,952,989,951,944,927,939,969,923,938,943,947,944,962,958,918,949,944,936,954,940,957,944,959,940,933,951,937,958,955,944,925,939,952,962,938,932,943,937,939,965,933,932,956,965,961,929,929,965,931,957,951,849,829,849,857,803,820,830,815,798,772,795,757,741,752,754,765,735,743,743,713,728,756,745,749,759,781,784,822,821,824,833,830,868,833,886,894,928,936,952,948,952,947,957,949,940,938,927,952,933,930,952,944,943,964,945,975,971,954,936,977,957,936,958,967,960,956,950,933,959,962,941,939,946,957,959,923,903,952,963,949,952,967,969,951,963,930,949,936,946,922,930,964,973,959,965,958,989,944,941,965,963,955,971,937,964,957,938,933,949,976,944,949,1
956,946,953,943,961,977,943,936,946,992,946,933,952,933,954,946,933,946,969,972,966,952,947,962,957,932,960,945,951,938,925,954,949,969,951,959,925,957,955,941,962,975,950,950,946,950,967,965,919,933,957,981,933,927,958,971,947,945,933,940,913,976,946,954,929,952,951,965,956,949,994,968,965,947,950,941,915,946,979,960,936,950,947,951,977,972,1004,1028,1088,1129,1194,1265,1223,1254,1246,1192,1115,1068,1044,971,973,975,966,936,957,925,946,954,939,960,921,947,942,959,958,953,960,945,943,949,915,971,974,957,962,958,965,938,946,961,961,942,962,962,944,927,985,967,930,934,926,958,969,945,963,963,921,945,955,957,950,956,963,967,938,937,931,969,954,959,951,954,940,962,927,972,964,928,954,957,941,934,944,952,949,952,938,932,960,960,932,969,922,976,946,959,965,0
946,963,921,956,929,939,939,961,921,953,936,963,958,950,961,935,928,944,932,954,935,945,952,935,947,947,979,933,958,951,942,939,954,976,938,936,954,947,953,911,947,941,942,935,952,948,927,941,946,961,941,963,934,945,963,955,930,926,958,961,961,932,941,963,954,938,952,952,931,958,966,953,970,949,961,959,949,961,966,958,961,945,956,963,978,972,1011,1026,1120,1148,1193,1204,1240,1230,1234,1167,1139,1088,1070,1022,999,962,976,922,973,940,940,939,979,950,919,941,955,967,951,961,933,940,932,985,951,934,915,964,943,946,942,939,950,949,956,952,956,944,971,941,943,958,942,945,936,973,964,972,963,964,947,978,924,952,941,952,953,920,937,943,972,953,957,926,924,955,937,947,940,945,949,958,931,952,957,953,933,951,947,980,933,922,977,956,945,953,943,938,964,967,963,0
957,933,957,930,938,961,946,959,943,945,935,927,923,937,971,958,941,931,956,951,963,988,954,928,959,946,932,939,970,941,923,964,965,952,936,950,952,947,926,944,939,937,951,927,947,944,944,965,948,964,973,962,933,966,927,946,972,972,969,940,958,948,926,936,929,960,933,923,938,952,934,948,970,951,979,1078,1090,1124,1113,1148,1203,1164,1203,1215,1224,1240,1289,1275,1302,1298,1310,1304,1316,1310,1305,1320,1294,1276,1280,1269,1250,1209,1224,1190,1189,1179,1108,1147,1071,1092,1068,960,959,932,937,933,918,957,934,950,948,976,951,951,947,940,964,947,961,952,942,954,969,964,932,950,949,957,953,953,952,961,950,964,972,985,930,941,942,957,944,958,973,952,965,947,947,959,929,927,963,942,958,953,968,943,949,961,954,949,931,943,953,955,933,932,934,959,953,950,954,971,957,943,943,980,940,1
935,931,936,957,978,943,969,940,942,961,945,942,960,938,954,952,940,962,959,926,939,942,951,965,1008,967,923,943,953,948,964,959,941,938,927,945,953,929,951,983,981,964,947,978,952,952,931,942,982,956,961,963,967,949,948,938,928,958,948,945,956,963,948,940,934,945,917,922,970,936,932,975,968,951,957,1077,1070,1119,1127,1158,1141,1130,1217,1213,1219,1259,1256,1261,1277,1265,1316,1309,1276,1309,1309,1296,1285,1291,1285,1265,1250,1247,1218,1208,1189,1146,1147,1117,1107,1111,1084,971,930,946,945,953,960,941,945,968,955,944,927,923,971,943,970,932,953,941,951,955,962,949,944,959,956,948,965,957,957,939,962,928,964,950,935,954,944,954,968,942,919,946,956,951,924,935,946,945,936,964,974,971,931,960,951,933,947,925,941,936,963,954,955,949,970,957,955,946,950,948,943,917,972,940,964,1
940,951,968,950,964,937,948,950,943,974,922,940,957,951,944,935,947,966,953,941,941,979,980,928,970,944,926,945,950,932,949,939,954,950,945,939,969,939,959,936,959,952,929,942,918,926,951,952,961,965,966,961,941,965,920,948,951,979,933,966,916,935,968,945,939,970,960,963,959,951,964,953,977,946,953,935,941,935,964,956,966,949,941,968,968,989,1008,1050,1085,1136,1195,1231,1227,1246,1207,1199,1131,1100,1056,1025,962,980,926,955,960,953,944,940,971,952,952,940,959,956,956,953,947,939,950,936,936,958,923,917,975,946,946,940,934,950,927,940,963,928,948,991,929,968,973,963,939,963,942,997,942,932,953,950,957,964,928,945,960,970,969,942,959,961,932,927,927,945,957,962,952,949,966,939,956,975,947,926,942,962,954,949,938,973,947,951,942,932,934,940,961,946,911,0
950,955,921,970,957,947,944,932,948,981,933,942,949,936,960,964,941,956,936,968,956,949,932,949,928,956,918,963,967,921,925,968,977,946,947,951,989,936,954,956,959,960,978,948,986,953,949,937,952,948,963,961,958,939,959,944,968,936,946,968,962,933,960,933,988,955,979,965,949,935,969,934,953,948,924,950,975,957,946,934,948,964,932,993,959,987,1001,1060,1089,1164,1194,1209,1270,1220,1224,1191,1142,1114,1052,1005,967,968,945,926,969,951,978,958,946,949,939,929,947,931,946,936,957,946,941,939,944,958,923,960,948,954,944,935,949,975,960,961,936,982,936,967,939,944,936,955,940,954,959,924,949,941,943,957,932,986,951,939,954,958,941,955,945,942,949,955,953,932,962,953,931,936,964,961,951,931,938,947,948,961,980,948,979,948,952,975,952,927,936,942,942,936,936,0
947,938,941,972,926,943,949,958,943,959,947,915,958,930,965,955,975,974,943,950,953,950,943,942,955,924,937,968,931,962,938,970,936,940,964,983,952,980,932,953,970,955,927,941,938,945,956,938,940,933,954,952,958,937,967,941,930,945,965,948,956,965,949,915,950,930,948,931,934,951,931,952,959,961,962,933,928,939,944,959,940,973,948,957,938,976,1031,1053,1100,1157,1194,1250,1227,1224,1224,1158,1138,1092,1072,1006,962,998,945,954,950,933,938,948,974,924,959,952,954,947,979,954,956,949,963,953,946,940,958,969,965,959,955,942,940,956,952,933,943,957,928,918,945,951,943,938,972,960,939,949,975,954,964,956,950,942,960,924,994,967,938,960,938,960,929,952,972,941,944,945,964,962,958,940,971,957,944,924,951,949,962,932,945,967,956,979,931,962,957,916,964,957,945,0
954,944,953,948,964,927,955,960,954,919,944,966,942,947,933,951,947,951,978,952,955,958,957,969,939,937,967,917,950,932,949,927,954,965,957,943,915,924,938,954,936,941,927,954,981,971,965,950,949,938,960,941,960,910,919,931,961,941,934,937,933,942,951,929,956,996,949,945,934,938,968,914,977,943,937,1061,1098,1142,1119,1146,1145,1155,1220,1215,1238,1265,1268,1254,1278,1277,1312,1328,1309,1274,1323,1304,1281,1266,1273,1284,1254,1255,1210,1214,1153,1149,1140,1130,1124,1077,1075,942,943,939,933,932,964,928,949,922,961,936,951,936,938,939,925,952,978,943,944,948,970,972,941,940,952,935,971,966,956,972,949,924,939,953,950,951,968,940,962,920,942,941,938,949,960,922,934,949,937,931,928,938,923,962,939,971,943,961,969,944,953,949,954,952,944,927,956,977,972,924,954,941,947,953,983,1
961,946,963,943,945,987,942,959,961,958,943,961,949,932,942,955,959,957,940,963,949,966,974,935,949,975,960,947,948,964,970,981,948,982,967,968,958,918,940,963,947,968,914,914,959,944,956,935,953,957,956,912,945,921,948,942,961,955,952,972,946,938,929,935,969,973,929,945,962,949,941,971,946,933,966,1086,1102,1096,1120,1137,1157,1183,1173,1219,1241,1247,1263,1279,1287,1301,1300,1297,1305,1328,1328,1303,1318,1291,1245,1277,1240,1237,1237,1206,1180,1147,1132,1138,1114,1078,1046,942,949,964,949,949,963,929,963,934,931,947,972,955,948,936,969,949,944,948,943,948,965,932,970,949,942,941,960,953,957,933,945,959,943,943,950,938,932,960,964,928,941,962,938,939,917,933,954,926,961,965,973,950,949,961,930,962,946,966,979,951,958,948,956,936,965,976,948,959,967,962,945,947,955,980,940,1
965,947,947,991,939,935,953,955,932,955,943,955,954,954,965,949,949,956,959,964,952,973,940,951,960,935,984,947,938,970,962,947,925,938,933,954,945,967,952,931,930,946,958,947,921,937,939,960,948,957,922,947,956,979,932,972,960,923,955,941,946,950,952,956,941,956,948,978,970,957,965,963,960,936,934,955,956,930,967,946,941,971,921,950,967,998,1015,1044,1088,1163,1185,1209,1238,1231,1222,1166,1126,1097,1039,1020,978,973,940,924,955,938,948,967,974,934,928,913,971,927,975,937,961,955,948,925,971,964,958,982,965,983,928,934,971,960,952,923,950,947,936,950,948,952,926,956,931,918,964,933,926,942,930,971,955,923,936,935,944,923,968,972,975,934,966,958,930,976,938,934,937,959,930,956,968,950,970,950,939,948,952,942,963,935,947,963,958,923,963,946,953,950,955,0
949,946,958,943,937,936,960,957,956,932,942,942,941,943,960,937,957,994,946,981,957,964,972,958,958,956,954,952,928,960,982,943,946,981,959,919,957,938,921,958,947,954,946,959,956,952,974,946,936,949,934,949,964,974,928,958,949,941,923,956,948,949,954,926,927,972,957,930,968,928,948,950,966,965,962,1094,1098,1095,1119,1156,1150,1166,1189,1224,1218,1233,1258,1244,1292,1302,1281,1316,1304,1316,1293,1306,1255,1292,1292,1264,1269,1246,1212,1204,1188,1154,1132,1115,1089,1083,1082,943,950,944,948,953,955,965,977,949,960,941,938,954,958,952,942,967,931,945,950,951,938,918,969,956,937,944,962,949,954,971,990,963,956,969,953,954,953,952,951,955,926,945,931,936,958,942,944,970,918,958,924,933,956,959,969,958,942,957,955,945,950,930,959,934,943,948,962,970,954,922,912,973,967,952,937,1
927,948,955,935,940,941,933,946,952,946,964,989,989,933,942,925,969,951,956,958,947,943,937,975,972,954,939,977,943,954,901,917,923,949,963,941,923,931,968,958,948,956,962,926,964,935,967,939,941,985,939,940,962,936,945,977,968,944,950,955,949,953,937,962,967,961,934,936,984,930,947,987,958,942,960,960,939,944,963,951,948,940,936,927,984,982,1019,1002,1089,1133,1209,1212,1235,1259,1232,1198,1122,1058,1044,993,984,963,935,957,969,937,962,952,975,927,950,979,932,952,949,943,937,925,951,956,917,954,943,944,968,986,949,950,982,952,951,938,953,946,924,954,959,926,957,950,953,925,944,953,948,952,936,929,960,951,970,956,957,971,981,966,945,946,968,927,971,938,963,965,964,963,951,934,960,948,968,971,946,929,968,930,954,949,932,960,948,950,935,949,956,934,979,0
950,942,948,957,922,931,952,950,951,958,921,959,970,947,966,961,961,931,945,975,946,964,962,948,926,939,940,946,929,964,929,936,923,942,960,953,940,949,967,945,947,936,948,968,965,961,930,984,923,977,936,958,960,915,964,935,947,930,961,924,932,922,953,945,962,971,968,941,934,968,980,948,929,951,924,967,953,941,958,935,930,956,950,952,977,963,1008,1045,1097,1142,1183,1231,1264,1238,1241,1188,1149,1076,1064,1012,978,952,929,965,945,928,953,967,959,958,943,932,940,939,930,961,949,952,944,973,976,954,944,931,965,941,947,939,954,967,952,957,969,978,957,960,933,977,953,964,922,957,975,915,920,945,954,942,936,960,938,964,958,959,937,964,934,954,966,942,924,939,953,916,976,939,926,947,961,924,957,950,963,972,956,940,977,946,960,945,944,972,942,947,958,966,967,0
955,950,932,952,943,961,968,951,976,968,945,954,948,936,940,961,939,935,961,954,949,962,940,958,949,944,934,926,950,963,955,960,921,956,933,952,940,959,954,974,966,944,942,947,929,943,949,948,957,963,975,948,939,956,969,969,926,963,942,945,969,954,930,962,953,941,957,957,941,965,972,964,971,975,962,957,945,967,949,934,973,971,948,931,988,995,979,1028,1073,1149,1194,1223,1226,1254,1207,1179,1147,1087,1024,1005,996,987,956,957,954,953,951,957,944,959,959,949,942,969,939,962,962,939,967,958,948,951,942,939,925,952,951,957,946,958,933,947,947,955,952,949,972,965,963,907,928,960,944,936,954,944,943,966,922,945,962,915,957,927,919,926,972,971,933,959,948,945,943,951,971,943,919,948,945,925,935,948,961,950,959,990,933,960,935,936,941,950,940,965,962,918,949,0
934,948,926,963,962,932,965,943,965,965,912,923,966,959,965,936,936,962,956,936,940,961,953,956,936,914,947,969,944,920,952,938,938,964,941,959,962,922,949,987,922,990,938,955,929,931,940,954,958,951,956,940,954,947,939,941,952,950,972,935,962,949,953,945,954,977,959,936,936,940,942,955,948,940,931,1074,1095,1130,1124,1146,1168,1185,1207,1215,1220,1240,1275,1273,1277,1313,1304,1313,1288,1311,1321,1310,1298,1293,1276,1271,1220,1202,1203,1179,1192,1146,1133,1134,1083,1085,1049,940,929,957,952,942,939,967,971,950,932,940,949,956,935,962,931,927,949,948,953,929,943,954,977,968,942,939,964,949,947,966,961,939,907,947,966,961,968,955,934,945,928,936,969,948,942,950,927,934,944,950,947,958,949,952,952,943,959,945,966,960,941,934,937,936,962,946,950,945,952,949,939,950,935,956,918,1
962,963,935,944,956,953,956,974,947,950,951,963,992,944,940,945,937,948,946,954,948,959,957,938,941,961,948,922,965,935,957,950,964,936,962,971,938,942,954,941,964,954,951,941,952,946,961,933,938,960,982,939,958,920,959,950,956,962,969,948,928,945,959,982,968,963,928,923,947,954,958,938,949,955,970,939,941,948,972,967,949,951,984,947,965,996,1030,1049,1079,1132,1192,1220,1247,1237,1209,1191,1138,1094,1028,1023,986,957,956,960,964,967,943,943,942,964,974,939,946,939,956,942,940,969,932,933,936,954,932,961,932,953,966,952,960,938,960,977,952,957,938,969,921,964,959,966,963,963,935,929,948,948,908,925,955,964,948,949,925,958,957,960,950,935,964,951,937,952,958,935,946,965,955,952,956,940,947,957,944,951,933,958,945,945,970,958,950,948,955,971,987,946,961,0
951,974,934,932,974,946,946,964,924,951,945,955,953,945,951,945,948,966,956,934,948,924,955,954,951,968,945,954,947,947,943,938,955,978,946,970,951,923,963,927,942,977,950,967,925,954,934,987,958,956,953,952,971,965,981,935,973,954,921,963,938,948,984,927,950,945,925,938,958,949,965,984,971,960,957,1015,1018,1003,1010,1049,1047,1074,1079,1067,1074,1102,1116,1123,1134,1111,1114,1135,1150,1144,1124,1105,1117,1082,1115,1088,1103,1063,1083,1067,1033,1051,1054,1017,1020,1033,1019,970,958,939,926,967,952,934,953,963,955,943,951,953,947,951,945,941,962,960,936,926,957,956,943,934,913,942,939,970,954,945,947,944,953,946,978,948,968,959,961,955,961,950,952,962,940,964,953,962,941,929,959,962,933,936,943,953,945,950,961,947,980,946,949,972,936,952,960,962,934,913,1003,961,945,957,954,1
939,955,951,964,965,938,945,940,926,957,946,961,959,942,934,966,942,947,941,959,954,934,956,943,955,965,937,969,967,958,940,961,920,926,951,945,946,937,938,944,937,945,944,939,957,950,937,950,957,934,946,967,930,935,945,966,965,952,968,930,959,924,956,961,931,928,947,926,956,943,921,949,953,935,965,951,971,962,949,969,927,956,926,959,964,965,1038,1031,1074,1130,1174,1246,1227,1248,1234,1192,1152,1087,1078,1026,994,959,938,966,957,965,972,934,961,945,941,964,948,925,935,935,932,977,967,949,940,946,946,937,963,935,986,958,964,966,964,949,939,957,924,964,944,943,980,956,959,960,947,935,967,947,948,936,957,944,921,963,936,951,952,952,943,940,942,934,938,971,935,952,949,967,955,966,958,943,935,958,954,930,948,933,961,936,937,955,977,960,972,954,955,953,975,0
937,936,929,939,960,940,970,918,958,944,968,939,950,939,969,954,930,950,943,969,935,929,969,937,957,962,952,956,942,971,958,942,956,940,937,954,965,950,967,938,972,947,933,940,949,954,958,972,956,969,938,930,974,966,956,951,942,968,954,971,943,974,942,957,951,957,935,957,939,939,954,962,959,978,955,1070,1090,1088,1114,1180,1161,1154,1197,1212,1226,1230,1251,1282,1280,1291,1299,1301,1326,1300,1302,1300,1268,1279,1290,1256,1262,1263,1199,1211,1200,1201,1134,1118,1111,1097,1094,934,951,939,949,965,963,940,957,957,946,940,985,951,973,930,947,956,971,974,939,965,969,959,956,928,927,967,938,940,954,974,942,979,961,968,940,946,963,958,963,947,932,962,937,954,959,983,955,948,959,957,963,927,928,941,962,948,943,955,963,953,964,937,970,962,933,950,952,946,940,936,940,967,962,946,923,1
959,923,931,950,937,942,939,959,966,928,959,961,938,946,928,961,979,933,925,969,939,954,964,939,940,965,926,969,982,976,948,953,925,938,931,961,927,938,979,971,932,920,949,938,961,944,964,940,951,962,973,934,949,963,946,959,934,968,940,938,922,973,953,976,948,925,917,933,947,943,957,970,949,951,954,1077,1073,1114,1135,1143,1171,1178,1196,1232,1207,1254,1262,1266,1285,1280,1320,1290,1305,1322,1325,1317,1314,1252,1290,1282,1212,1206,1215,1190,1183,1141,1160,1136,1118,1109,1073,955,967,953,948,953,965,963,945,974,937,952,940,962,955,951,960,965,948,939,974,942,947,931,960,943,946,945,933,953,967,956,938,951,946,929,946,941,943,950,944,923,950,966,933,937,954,928,927,975,940,976,954,955,979,916,952,955,972,931,954,961,927,928,941,936,958,957,937,960,946,935,951,934,954,948,960,1
958,927,939,941,940,939,944,947,961,944,988,956,939,960,941,943,951,941,950,962,964,970,942,975,943,946,957,946,936,925,930,963,943,933,955,921,937,954,951,950,969,968,906,938,937,976,949,935,961,958,974,962,956,951,935,940,935,947,943,961,974,948,940,946,976,959,961,953,947,946,955,934,935,958,928,951,981,962,950,962,960,961,931,944,961,982,1019,1001,1063,1149,1164,1214,1266,1233,1223,1186,1145,1079,1044,1028,989,972,970,947,940,957,960,962,974,951,930,970,923,962,952,956,961,941,969,941,923,935,955,942,947,943,945,969,935,935,954,946,924,955,938,958,959,976,970,953,944,966,968,982,962,943,953,934,974,959,944,950,934,958,949,923,946,965,957,954,940,944,964,958,955,940,952,967,931,944,950,941,958,976,960,932,967,953,910,949,946,935,940,976,973,926,959,0
955,969,946,958,950,958,941,955,949,945,917,947,962,948,931,933,933,969,977,938,961,950,939,955,967,927,959,952,959,912,930,953,969,950,931,954,975,943,935,917,938,936,928,934,925,960,952,946,984,966,940,960,943,963,958,975,972,954,954,925,945,945,951,957,968,963,958,971,948,939,927,932,966,955,951,946,952,908,938,949,944,974,941,951,975,1031,997,1042,1078,1128,1200,1236,1257,1263,1215,1177,1131,1120,1041,1002,988,972,967,953,940,932,954,940,945,947,935,928,937,944,954,955,928,943,954,948,957,956,949,939,958,944,959,956,977,939,953,934,932,933,947,948,984,965,951,956,953,1002,953,945,953,952,941,934,940,968,937,970,948,943,962,967,936,952,979,969,939,947,968,965,931,941,947,954,968,951,961,958,934,959,953,946,938,961,950,938,930,912,943,957,942,962,959,0
957,945,950,943,963,955,920,975,937,928,954,931,951,945,974,936,939,951,980,967,964,922,956,965,950,945,946,939,951,933,929,952,927,930,919,949,941,975,929,941,961,944,948,951,978,944,955,956,953,942,950,936,955,923,945,948,980,943,933,967,962,944,965,964,947,937,962,965,919,962,953,942,962,960,982,935,948,966,928,938,956,955,926,966,963,992,1008,1053,1105,1126,1190,1240,1263,1237,1262,1192,1140,1075,1034,989,979,936,968,977,960,922,974,949,969,944,945,951,957,958,929,931,941,963,961,946,943,948,943,938,961,951,971,960,961,976,943,956,940,958,1004,936,938,968,956,938,952,944,950,969,958,952,942,963,945,940,964,958,948,971,940,971,958,954,944,949,934,963,942,945,922,957,938,951,945,954,981,927,948,932,940,965,967,962,964,917,973,946,929,953,957,942,943,0
958,970,932,956,939,954,957,977,927,941,945,945,934,951,948,953,939,938,954,957,937,943,965,955,963,973,957,956,946,952,970,922,959,963,941,961,950,927,946,951,935,938,938,947,956,918,978,962,942,965,925,930,960,962,929,955,929,953,953,960,929,964,926,967,955,928,948,933,938,968,944,967,963,964,927,860,869,844,838,837,821,811,811,817,779,763,761,759,743,748,730,738,727,736,747,722,750,761,758,743,759,796,804,801,819,851,834,842,878,869,852,985,949,932,969,976,977,943,931,943,977,940,954,929,975,940,934,947,949,928,965,937,944,942,958,992,939,936,964,963,946,946,938,945,955,958,955,948,982,955,952,930,925,942,936,936,955,959,939,928,964,956,918,948,955,919,932,937,917,924,953,965,937,937,966,939,953,920,948,947,964,957,957,945,952,946,923,1
939,944,969,951,940,938,941,975,945,953,981,927,960,920,948,965,944,940,925,954,943,952,966,940,936,915,956,934,968,951,934,933,953,942,975,952,963,940,944,938,971,936,938,955,934,937,971,934,962,941,974,948,926,942,970,956,954,975,945,934,957,968,929,952,942,948,956,957,946,955,959,933,941,925,927,945,943,934,978,952,982,948,918,941,974,981,1004,1049,1110,1123,1169,1211,1247,1252,1235,1167,1134,1099,1042,1020,985,926,943,936,933,962,943,948,947,935,944,968,957,938,922,941,948,943,978,941,943,934,924,961,928,964,931,970,969,960,967,953,964,941,941,969,959,964,976,950,977,939,958,953,957,963,1004,956,946,953,952,937,945,926,960,951,961,958,956,980,952,933,950,931,943,953,978,967,934,964,959,949,939,939,925,944,924,966,932,961,921,932,947,952,961,943,1002,0
931,951,941,956,935,947,920,960,945,933,955,956,952,960,954,930,937,949,934,959,957,949,947,962,942,943,958,920,951,968,933,954,943,946,930,970,958,946,953,935,925,936,950,972,966,967,956,963,950,929,968,938,935,953,952,954,939,952,963,941,961,941,945,935,915,946,955,955,930,980,957,953,952,941,951,1034,1021,1016,1046,1031,1028,1060,1095,1102,1109,1068,1123,1128,1132,1131,1098,1131,1133,1140,1122,1152,1126,1119,1121,1083,1077,1076,1089,1053,1062,1084,1013,1040,1030,1018,1003,968,965,970,943,965,964,952,971,962,940,929,959,936,945,948,942,946,966,963,939,956,936,938,944,961,981,957,948,958,964,945,958,944,987,962,957,913,951,930,963,950,933,945,959,963,944,948,934,946,960,966,943,949,951,981,968,937,952,952,928,955,956,914,946,992,940,946,938,928,948,953,960,983,940,969,962,1
934,948,953,935,935,932,954,939,933,948,965,942,946,959,967,979,945,959,955,945,951,941,928,969,963,951,958,960,941,948,932,967,934,942,927,945,972,927,953,958,946,929,953,975,960,948,958,938,932,945,943,949,958,965,968,974,947,949,936,947,984,925,931,956,943,932,927,957,929,928,944,929,949,938,962,1068,1109,1132,1093,1159,1164,1197,1203,1207,1235,1248,1247,1268,1262,1278,1287,1324,1319,1343,1282,1306,1294,1274,1269,1273,1255,1230,1212,1196,1178,1154,1139,1119,1113,1051,1065,943,919,942,949,952,935,971,969,971,910,927,929,966,953,926,948,939,970,971,963,957,937,953,960,967,945,926,950,946,972,949,925,939,953,971,974,939,941,1000,947,964,965,949,935,937,916,966,943,950,930,946,953,986,955,944,927,961,939,968,931,981,941,920,946,945,956,966,946,960,932,938,928,955,922,929,934,1
936,943,962,961,954,954,968,949,984,950,938,940,951,959,938,942,949,944,949,944,954,952,942,954,952,941,944,947,943,942,930,981,963,973,952,943,962,979,947,949,958,956,965,939,955,959,972,947,967,960,947,942,944,948,974,929,946,952,988,956,929,954,958,939,962,939,951,979,934,949,937,967,941,927,945,894,856,855,843,835,814,790,792,803,798,767,763,747,748,745,723,733,738,688,712,760,768,736,772,788,799,796,788,799,834,811,808,838,871,839,850,972,929,974,930,919,960,947,968,956,949,944,955,944,958,934,941,944,944,935,961,921,959,956,938,959,966,925,955,959,979,946,955,947,939,941,944,981,951,925,971,951,952,964,953,954,958,949,957,929,949,964,939,938,948,979,964,930,961,967,962,960,940,946,964,955,953,917,946,945,946,945,940,938,958,968,963,1
951,935,925,949,965,931,935,953,961,942,982,970,943,931,965,944,989,961,982,942,931,961,950,939,947,955,955,965,980,928,956,933,945,971,948,964,945,967,966,939,980,952,962,967,936,962,951,967,979,960,946,947,955,948,955,947,959,957,943,959,961,957,947,941,984,940,958,940,952,964,968,937,961,940,942,876,880,859,822,843,826,807,819,782,792,742,745,770,769,729,752,722,725,704,735,733,743,740,774,763,798,780,795,796,801,833,849,850,845,880,885,925,974,951,938,948,955,943,973,937,959,955,966,949,971,940,907,959,941,958,951,950,946,932,946,936,925,958,936,957,971,960,914,994,924,941,927,927,944,933,954,946,938,962,946,943,959,972,969,949,948,963,971,946,965,965,951,927,923,982,953,989,943,935,949,948,948,948,907,933,957,960,948,922,937,953,978,1
948,954,958,937,926,946,947,956,942,979,924,922,949,952,937,954,936,946,919,937,944,959,945,944,939,957,938,945,968,968,953,953,953,956,966,937,954,925,944,956,935,943,951,952,956,962,935,956,915,955,945,959,957,960,960,950,937,989,937,922,930,959,945,935,943,939,935,910,931,971,925,956,953,958,921,939,936,954,977,965,949,955,941,958,963,975,1028,1034,1105,1132,1162,1231,1251,1230,1237,1198,1137,1080,1031,1017,976,951,941,955,947,948,955,944,945,945,938,938,959,949,923,947,951,963,944,961,944,983,957,915,968,956,926,967,946,939,955,921,934,956,964,958,954,939,951,969,939,947,947,961,948,960,956,934,927,940,951,961,962,938,923,952,959,952,968,932,942,965,943,961,961,944,948,942,954,951,961,926,949,931,895,973,977,950,973,941,984,967,948,944,941,943,931,0
960,972,970,966,927,963,933,972,947,979,921,950,945,979,931,951,922,943,931,971,937,960,957,936,942,963,950,951,979,954,939,960,959,922,942,960,957,932,906,933,933,979,922,964,942,941,952,961,961,962,940,922,963,935,961,955,931,944,962,964,949,952,940,959,948,954,947,938,952,938,955,995,949,946,978,873,860,848,849,849,783,805,792,827,769,754,761,742,746,728,715,712,730,704,733,740,724,757,754,749,761,814,807,819,830,860,828,881,864,859,838,960,972,958,930,925,957,956,949,935,928,910,954,952,939,967,937,962,940,972,946,940,952,947,929,937,956,943,968,933,948,989,945,972,952,931,954,953,949,942,935,962,968,945,954,917,941,941,947,924,964,934,958,967,934,930,947,960,940,923,926,961,942,950,945,935,958,962,988,952,946,974,958,945,959,921,931,1
957,938,958,936,964,925,937,930,944,945,931,971,964,958,959,950,934,935,989,952,918,935,941,920,939,948,981,934,951,971,953,949,958,965,956,956,949,964,947,967,950,940,946,931,982,952,915,953,967,957,964,949,932,955,966,931,963,950,939,927,954,960,947,942,957,938,955,935,956,964,955,930,956,965,963,959,946,928,939,933,959,956,960,949,941,963,1026,1059,1121,1123,1182,1219,1262,1244,1218,1165,1132,1087,1039,1043,996,988,944,945,932,963,943,963,951,949,937,932,950,935,940,971,923,974,996,943,951,936,953,940,939,962,944,955,959,935,934,931,925,943,966,961,956,962,918,951,946,957,972,964,971,932,979,971,973,919,959,954,924,949,946,954,970,943,937,939,936,947,975,934,927,947,942,941,956,951,971,946,945,963,950,952,966,935,954,965,945,935,947,953,942,923,948,0
934,937,966,954,951,967,941,942,948,962,958,943,941,948,965,962,958,954,940,942,972,956,955,921,943,954,945,958,958,961,956,953,951,932,963,966,951,931,968,972,956,945,938,917,949,953,971,949,939,950,945,931,939,953,923,969,954,938,921,945,970,926,933,933,969,963,945,943,925,951,929,977,954,990,939,1042,979,1030,1026,1042,1072,1080,1062,1067,1063,1090,1076,1115,1141,1104,1108,1132,1144,1137,1126,1128,1102,1123,1106,1085,1108,1080,1076,1079,1069,1059,1051,1036,1039,1029,1034,932,943,932,968,959,945,908,950,960,956,962,931,942,929,967,949,961,964,975,950,956,977,948,940,962,966,935,967,955,978,955,964,967,975,968,934,925,947,964,930,958,957,968,966,961,968,936,946,961,987,946,944,964,966,951,938,953,932,928,927,964,955,956,946,938,958,955,948,923,944,966,933,953,940,960,957,1
931,955,946,942,943,940,930,943,949,954,951,949,935,944,938,962,955,951,958,948,972,971,957,935,965,956,953,936,953,931,941,923,938,952,943,977,929,966,979,940,949,949,923,958,952,946,950,960,971,927,953,946,946,970,977,918,929,926,944,959,939,933,967,948,969,960,954,965,920,934,956,955,938,949,950,943,925,958,961,970,976,941,957,929,962,981,999,1026,1095,1149,1190,1240,1242,1252,1245,1178,1129,1084,1024,1001,992,970,957,953,942,946,962,953,974,952,975,934,968,952,949,958,931,964,941,927,934,938,952,946,956,931,937,950,930,937,951,955,931,941,972,939,954,932,970,952,942,935,959,967,927,941,954,954,957,960,955,956,962,919,935,947,936,944,953,959,933,951,929,966,949,948,960,943,948,922,949,931,964,995,968,967,933,972,943,912,951,945,945,943,938,938,951,0
978,975,944,956,960,954,990,951,937,956,971,956,956,961,931,949,932,926,951,935,949,946,960,950,943,939,944,933,972,939,931,946,961,981,936,947,972,938,934,931,968,963,959,928,962,958,939,944,937,931,937,937,952,951,919,949,957,931,924,949,957,928,959,936,946,946,949,951,930,950,948,925,955,962,940,945,952,914,936,948,947,960,942,954,968,976,996,1057,1096,1138,1203,1221,1257,1254,1252,1181,1178,1078,1054,1005,961,961,943,945,954,968,944,929,942,946,964,961,927,968,987,948,941,926,936,943,946,933,963,966,950,951,949,944,947,964,952,930,923,898,956,968,975,938,944,947,952,951,937,926,950,963,974,944,937,954,958,947,960,946,946,973,941,935,966,952,945,967,933,953,932,968,959,960,959,963,944,969,921,949,930,970,940,963,968,948,958,958,969,964,953,960,937,0
946,946,949,962,970,950,962,962,953,947,956,946,952,949,926,958,930,951,946,946,943,941,1000,949,944,921,994,935,953,966,962,936,958,945,966,942,942,927,953,940,945,931,938,948,934,959,948,950,966,971,936,930,910,933,939,948,944,952,940,956,943,959,962,957,948,951,975,960,955,944,967,930,940,970,964,953,930,948,964,940,949,929,952,959,976,1012,998,1046,1099,1147,1178,1220,1262,1256,1234,1192,1124,1114,1039,1013,967,980,984,957,944,939,941,940,939,969,960,966,959,923,960,961,944,965,948,955,951,922,953,937,943,931,970,974,961,955,960,957,964,965,947,989,944,958,957,932,940,923,957,969,949,957,965,948,957,951,935,941,928,967,945,950,958,956,934,947,972,964,924,972,969,987,961,952,951,945,951,933,936,958,952,946,977,957,964,957,953,959,937,991,957,961,965,0
926,958,958,950,941,932,950,933,954,955,950,948,962,955,937,938,955,977,933,954,972,931,947,984,943,936,966,989,957,975,966,947,947,948,964,975,967,902,956,952,915,947,930,943,969,979,941,939,926,956,930,970,941,948,946,919,955,956,941,927,950,953,959,958,946,947,966,966,953,960,959,933,963,949,931,1071,1086,1109,1128,1133,1158,1193,1196,1199,1231,1244,1247,1258,1258,1291,1286,1286,1295,1299,1295,1311,1294,1268,1277,1248,1253,1236,1208,1200,1183,1161,1157,1111,1097,1102,1069,963,986,958,952,929,994,942,942,956,932,945,925,942,955,953,950,953,940,960,957,948,926,947,950,938,939,947,957,957,935,921,970,937,974,927,927,950,908,958,968,974,944,955,955,959,957,920,971,969,942,937,941,952,929,942,932,972,963,954,944,915,963,944,962,935,937,948,977,972,948,945,926,943,951,960,936,1
945,941,962,957,939,946,955,950,951,937,950,913,929,961,936,921,959,958,940,957,956,953,950,953,940,960,965,943,942,943,938,936,932,930,959,957,935,967,949,966,970,953,952,925,970,923,953,944,970,937,926,940,959,965,971,951,956,941,930,954,959,955,947,927,950,950,948,974,939,927,952,934,945,951,944,1027,1004,1043,1029,1057,1074,1080,1057,1064,1108,1124,1098,1135,1110,1113,1107,1121,1114,1127,1111,1134,1137,1111,1086,1104,1098,1091,1086,1087,1077,1056,1054,1045,1029,1015,1014,960,953,946,939,965,930,948,979,957,946,974,963,952,944,965,931,942,935,954,967,942,938,933,930,939,958,912,942,977,959,963,931,948,921,969,952,965,960,958,948,945,919,939,955,941,909,949,970,960,955,959,960,955,964,961,960,947,920,950,964,931,931,934,916,946,933,954,941,956,941,930,953,972,926,973,930,1
924,930,974,955,928,971,968,962,972,933,938,968,960,974,949,931,967,950,958,949,944,956,926,934,944,932,966,962,953,943,946,944,974,929,969,944,942,943,971,948,925,969,971,938,960,950,932,961,949,939,935,926,967,952,940,922,932,961,942,932,936,946,961,963,968,968,944,971,954,977,950,947,952,975,951,1096,1059,1079,1095,1153,1133,1198,1178,1198,1225,1280,1285,1264,1281,1288,1286,1280,1307,1329,1273,1313,1269,1279,1300,1240,1260,1214,1207,1204,1183,1155,1125,1108,1083,1066,1049,926,955,951,958,932,959,950,945,949,942,951,953,948,937,955,941,947,960,954,971,952,962,935,964,960,952,935,952,957,956,936,933,927,952,964,953,938,953,947,947,940,957,912,926,949,950,959,956,964,955,944,938,946,945,938,968,941,944,973,938,975,925,974,937,994,963,963,948,954,963,963,928,954,965,951,960,1
950,944,978,933,942,940,924,901,921,959,945,945,952,940,936,956,947,946,942,957,925,960,955,965,948,960,959,908,953,939,915,949,921,956,944,946,963,959,957,947,949,944,947,972,956,952,1001,960,965,929,937,950,948,930,941,972,947,926,965,942,959,937,943,934,946,964,951,946,938,963,959,938,932,950,965,997,1004,1016,1023,1062,1045,1083,1079,1067,1090,1104,1086,1126,1157,1124,1163,1151,1148,1149,1110,1113,1111,1118,1078,1107,1104,1076,1079,1068,1071,1050,1071,1055,1059,1020,999,961,942,942,950,961,974,983,960,929,950,962,973,958,943,940,955,933,925,948,964,988,961,934,929,955,951,963,947,957,953,941,955,946,934,969,946,932,941,973,931,932,924,952,953,959,976,961,932,948,982,960,957,947,938,949,949,945,930,959,925,945,955,929,959,970,945,938,937,938,954,949,978,928,948,935,919,1
965,969,951,953,962,915,951,930,940,944,979,939,971,941,963,932,954,951,958,952,935,940,959,973,963,960,960,976,934,942,961,967,935,952,970,928,970,956,973,957,942,938,977,936,965,965,940,938,961,947,970,932,941,967,945,957,964,940,949,954,949,949,964,980,952,957,964,953,930,943,948,959,943,932,950,1020,1014,1050,1045,1046,1050,1083,1090,1085,1077,1107,1108,1109,1099,1130,1129,1120,1129,1105,1134,1124,1121,1109,1086,1103,1100,1076,1085,1087,1040,1056,1063,1032,1027,1042,1015,939,948,936,928,963,937,941,948,944,953,951,952,956,981,980,936,930,972,923,970,954,940,949,954,963,952,938,935,982,930,946,945,953,936,944,962,964,965,948,958,932,954,947,954,963,933,939,953,966,929,974,951,963,945,949,973,959,939,922,938,985,935,960,974,937,969,952,952,944,944,947,933,933,971,940,944,1
948,958,960,949,991,956,975,962,962,957,967,952,921,960,940,952,958,940,937,960,958,918,936,944,952,926,957,950,931,960,954,953,972,946,953,925,972,959,960,954,957,951,938,933,941,959,933,950,951,968,943,953,959,963,924,985,946,959,940,971,947,943,911,957,932,930,975,968,961,955,962,957,964,942,943,1085,1101,1142,1129,1144,1153,1164,1209,1201,1223,1263,1257,1292,1280,1291,1318,1337,1337,1281,1316,1297,1296,1267,1278,1266,1249,1226,1249,1184,1161,1178,1163,1116,1097,1084,1064,959,952,980,926,928,955,946,928,943,966,944,972,944,949,949,943,961,946,940,949,908,964,966,965,944,965,961,966,939,942,957,955,935,963,968,928,960,942,954,963,934,936,945,960,952,954,959,955,978,950,966,937,936,968,960,956,948,953,929,932,936,983,929,946,946,932,969,962,984,925,968,947,971,981,917,921,1
937,926,967,957,932,926,929,945,947,915,961,942,936,951,989,930,963,964,953,977,945,955,952,942,934,951,964,953,948,951,952,954,946,939,936,958,955,973,950,960,960,965,923,968,930,976,937,907,951,942,960,930,945,936,961,942,950,951,971,939,952,975,950,941,965,971,958,952,946,926,914,961,949,941,929,947,961,915,923,962,949,968,945,956,968,977,1031,1061,1099,1144,1159,1218,1263,1228,1229,1185,1124,1090,1035,995,985,989,949,943,951,954,943,933,956,932,958,919,988,959,979,968,948,958,964,947,956,949,932,958,955,946,930,935,940,933,929,940,955,933,959,947,949,952,936,938,970,952,955,949,948,929,921,954,961,934,925,958,946,935,959,969,942,973,954,965,986,942,952,968,957,963,938,960,941,939,928,972,924,956,968,952,940,943,972,964,950,962,973,958,935,961,927,0
919,932,918,930,979,972,924,955,951,931,948,942,948,931,947,938,960,953,948,937,946,956,926,958,967,954,945,967,949,958,971,939,952,921,966,943,949,952,981,955,968,953,940,955,963,940,960,927,960,927,971,959,938,926,956,938,948,963,976,926,950,948,963,935,952,954,954,934,942,954,960,948,945,958,938,1008,1020,1005,1045,1046,1063,1047,1077,1084,1074,1091,1086,1130,1161,1137,1118,1115,1121,1141,1121,1145,1120,1115,1116,1094,1100,1086,1081,1059,1064,1044,1018,1022,1032,1003,1046,946,976,932,960,934,982,976,931,937,956,955,936,938,942,951,943,938,960,958,954,957,954,934,949,943,966,931,952,963,966,960,936,929,972,922,951,978,974,962,939,949,945,964,944,993,939,943,942,933,969,944,946,960,939,946,939,948,911,971,957,924,930,951,941,939,929,963,957,970,964,936,942,939,930,940,953,1
964,923,961,930,952,929,936,950,935,935,947,958,976,937,952,970,945,943,921,915,932,958,941,923,956,943,938,938,937,945,933,970,956,940,953,953,946,959,973,925,971,964,953,963,938,972,953,927,945,950,930,951,957,925,958,952,958,964,994,977,959,962,980,925,948,964,963,954,939,948,949,936,982,953,962,1091,1094,1107,1133,1165,1171,1192,1209,1217,1240,1229,1263,1272,1296,1304,1321,1341,1285,1323,1317,1296,1290,1255,1294,1248,1231,1229,1222,1197,1169,1172,1143,1127,1102,1087,1055,943,931,927,917,978,951,984,954,948,943,932,955,955,958,948,958,925,939,972,933,977,949,940,966,964,950,963,939,950,981,962,930,963,922,956,953,941,951,956,940,937,948,956,968,925,962,943,952,936,959,943,962,957,956,963,948,918,959,950,955,939,940,938,950,971,972,936,974,953,959,951,941,957,953,969,941,1
961,988,967,963,956,948,918,938,937,955,949,925,939,938,935,928,952,942,956,956,931,950,928,958,973,922,954,928,950,956,953,938,949,945,960,955,927,939,957,918,944,939,937,932,958,939,949,928,960,935,966,956,943,938,945,965,957,954,949,957,948,952,962,918,944,929,967,946,990,939,946,944,978,964,935,891,881,875,826,854,802,814,792,785,779,773,776,767,740,745,740,724,740,755,737,715,754,773,738,752,787,772,804,820,840,816,847,855,861,860,875,955,928,950,951,950,947,960,978,962,938,941,935,958,955,929,962,950,973,973,945,928,971,956,903,948,949,960,941,942,971,959,940,966,950,945,969,942,964,964,951,969,953,957,950,938,954,952,924,966,934,945,961,948,956,914,932,963,972,935,962,949,947,946,982,948,949,953,945,951,947,961,943,957,940,948,962,1
994,970,919,952,936,948,949,949,954,948,951,949,950,908,942,948,968,926,943,948,958,979,956,942,954,925,956,962,948,946,973,937,956,956,968,927,967,942,956,947,963,944,952,924,921,941,920,923,970,926,959,933,951,929,954,951,944,957,948,950,950,966,926,941,951,946,943,953,943,973,973,990,946,958,930,926,942,944,951,974,942,953,941,943,921,961,995,1070,1090,1162,1174,1235,1256,1247,1204,1184,1124,1052,1018,992,953,955,957,945,956,956,963,948,980,942,943,981,969,951,973,921,957,945,956,926,943,935,966,927,953,959,941,921,962,962,952,969,944,960,937,940,941,966,969,972,947,932,998,953,974,953,948,960,945,939,953,965,933,967,962,940,934,951,934,941,949,932,966,959,963,956,935,939,944,937,963,921,966,944,938,949,960,966,943,958,981,935,988,963,946,944,955,0
951,962,927,959,946,910,962,943,939,953,950,958,953,939,963,936,910,948,936,942,941,930,956,951,948,937,930,942,951,958,935,934,957,943,940,960,952,966,964,947,958,936,957,952,977,963,944,965,957,958,956,919,945,929,944,951,938,927,935,955,957,949,946,943,939,978,955,921,949,954,967,965,972,934,931,962,976,954,949,949,950,928,965,928,963,981,1043,1043,1078,1132,1198,1234,1232,1235,1227,1192,1139,1103,1035,1022,978,964,954,970,941,958,970,966,938,962,971,927,956,956,940,948,945,937,933,946,977,923,938,947,979,964,939,954,962,922,946,964,951,958,952,970,950,943,915,927,958,944,972,945,927,930,961,954,948,948,955,964,982,909,962,960,920,964,937,944,940,952,943,979,928,982,940,909,971,957,937,956,953,951,941,963,944,913,952,951,955,944,944,976,948,933,979,0
958,964,969,954,923,937,948,955,934,954,957,961,937,945,958,967,927,957,956,947,936,971,982,935,944,973,945,953,958,957,939,949,964,929,932,969,966,942,929,939,949,964,956,952,944,954,951,964,963,948,970,957,964,946,955,956,973,902,939,950,959,931,948,912,942,925,947,952,923,926,962,940,937,945,960,950,947,936,970,947,943,961,976,950,964,997,1035,1043,1105,1140,1170,1197,1262,1227,1232,1210,1148,1082,1021,1011,1011,970,954,966,938,931,942,938,954,980,960,971,953,936,943,943,954,956,970,924,980,913,953,907,950,953,968,938,936,923,935,944,953,951,978,968,955,937,973,924,951,957,948,959,959,942,968,949,960,956,970,938,956,953,974,971,945,949,931,963,942,966,952,956,945,946,934,963,968,939,940,935,950,932,963,944,967,935,962,947,943,966,940,943,960,953,960,0
943,986,956,955,951,946,959,929,944,936,950,964,950,933,942,954,951,955,952,914,974,962,956,949,964,956,927,936,965,967,963,955,941,957,929,926,957,937,960,959,958,948,935,938,958,970,952,933,972,957,913,965,947,984,954,930,969,958,954,938,933,958,951,947,968,967,963,955,942,955,933,949,956,938,945,1017,992,1022,1028,1055,1062,1067,1092,1085,1082,1093,1135,1139,1105,1078,1119,1131,1126,1119,1138,1100,1139,1115,1107,1088,1091,1084,1084,1082,1039,1036,1055,1052,1037,1039,1022,957,973,959,948,943,910,962,935,964,944,945,941,918,936,936,961,964,953,959,965,948,966,949,971,968,932,940,909,948,943,967,962,976,966,923,944,927,927,954,971,910,967,970,950,968,931,920,954,971,963,951,951,929,975,931,970,937,932,964,932,917,948,939,973,941,961,962,938,962,962,957,957,930,944,927,953,1
954,964,977,931,968,949,945,967,960,959,919,952,948,974,949,973,942,945,943,934,975,941,949,932,977,976,956,951,957,963,946,973,944,956,958,940,964,957,916,942,972,987,975,931,937,940,955,955,945,949,967,966,941,945,934,979,958,953,994,927,956,983,952,933,957,971,936,940,947,943,935,957,936,963,969,950,945,942,912,932,937,955,943,956,995,958,977,1022,1080,1114,1161,1252,1261,1238,1256,1185,1125,1089,1049,1019,991,953,954,956,950,959,949,946,953,946,938,916,948,963,989,951,932,948,943,948,950,952,953,958,931,937,955,960,944,958,965,936,963,943,938,949,934,944,969,964,952,956,956,957,940,957,933,964,943,949,930,978,920,952,999,978,967,917,941,946,961,934,948,919,940,961,963,960,942,951,931,955,938,952,969,973,962,947,962,962,949,963,966,960,948,936,929,0
965,952,966,966,932,932,937,956,952,959,950,932,956,978,925,949,961,955,954,935,956,947,962,956,921,926,962,928,970,968,974,946,951,949,944,946,950,955,940,968,959,952,939,954,964,951,939,949,959,956,927,954,951,937,934,970,947,949,946,937,931,949,937,987,944,909,956,933,949,972,950,946,947,961,951,926,908,963,966,961,946,962,961,952,988,981,1023,1037,1086,1148,1185,1231,1232,1251,1229,1197,1115,1077,1066,1001,954,983,947,945,884,946,955,947,953,928,937,955,954,944,936,953,942,931,922,966,945,955,917,958,936,970,965,940,952,952,933,965,948,973,952,962,925,937,944,951,980,957,969,935,929,973,959,946,967,927,963,960,947,953,941,974,975,939,951,955,986,948,944,946,959,967,937,956,947,981,940,959,972,943,948,956,957,977,935,942,945,963,943,923,961,917,996,0
966,944,954,951,916,935,945,936,959,953,967,928,962,942,933,950,967,940,940,950,943,948,956,959,948,956,933,966,958,950,961,940,954,940,969,932,955,956,940,982,943,945,931,940,955,938,965,956,968,960,952,944,958,930,948,958,924,939,930,964,929,934,972,953,941,962,982,964,957,946,959,952,959,950,945,1014,1038,1036,1034,1060,1065,1076,1060,1101,1090,1098,1104,1098,1095,1119,1140,1130,1101,1091,1115,1121,1121,1118,1100,1100,1112,1080,1099,1040,1071,1071,1035,1042,1034,1004,1021,958,961,923,970,949,953,929,933,952,931,954,917,949,981,951,962,952,957,956,959,938,921,933,931,933,953,965,956,965,932,926,933,961,953,980,933,973,960,963,949,936,929,926,926,946,931,929,933,957,962,958,942,947,947,953,973,963,942,962,948,937,924,942,966,953,978,941,939,963,970,946,940,932,949,946,966,1
949,941,949,939,918,943,955,933,958,955,930,937,946,955,910,955,947,944,965,950,935,928,950,968,952,947,972,985,971,933,958,972,955,963,951,935,950,952,970,935,952,930,947,977,919,953,942,957,933,949,963,942,957,934,942,961,941,958,932,940,965,965,956,954,940,951,930,945,947,947,959,961,932,965,936,960,985,950,945,968,961,939,966,961,959,996,1020,1038,1079,1161,1206,1215,1246,1246,1234,1184,1112,1100,1048,1033,984,964,952,944,961,967,950,973,935,922,948,944,954,970,942,954,980,940,926,974,949,959,955,944,921,960,943,944,936,961,950,927,972,972,969,937,952,982,951,955,956,931,965,963,958,979,941,936,951,960,973,970,945,949,942,949,937,952,950,935,948,928,951,948,979,946,965,953,958,965,973,941,968,982,935,949,954,958,977,948,960,945,934,952,953,949,924,0
959,941,935,927,934,942,959,964,924,923,939,973,985,927,937,972,930,943,948,942,955,932,920,956,947,953,947,942,953,957,956,967,966,972,946,974,977,936,957,959,956,962,955,952,973,963,949,962,932,928,938,952,972,953,931,929,939,923,945,960,945,954,940,940,964,944,948,965,944,926,957,958,966,964,940,964,954,945,955,947,948,948,933,942,962,994,996,1047,1078,1147,1184,1243,1238,1221,1218,1199,1131,1068,1043,1005,971,964,948,965,954,940,932,947,969,957,944,938,956,955,952,957,942,938,950,951,920,957,955,947,964,969,944,946,936,954,966,960,982,963,951,975,930,965,954,958,957,925,941,937,946,967,964,944,940,960,952,965,951,954,937,943,961,931,959,931,946,961,946,943,980,966,955,946,963,976,932,936,920,963,954,959,953,940,922,971,936,939,940,943,941,942,956,0
958,953,926,961,960,946,943,940,924,950,984,956,973,956,977,939,950,947,944,937,939,954,935,965,920,913,932,950,967,967,939,943,961,961,940,957,944,953,924,972,940,956,980,969,972,954,944,944,965,954,927,961,966,946,932,959,956,971,944,909,966,976,967,950,943,948,919,953,931,927,950,963,962,934,967,944,945,938,939,929,947,925,957,942,960,988,999,1056,1087,1132,1148,1215,1251,1266,1231,1163,1134,1100,1034,1025,987,972,952,959,955,966,959,935,968,939,976,945,986,936,957,962,941,958,958,967,956,964,961,944,951,951,967,955,942,973,955,947,944,942,906,956,946,961,963,945,945,942,949,940,916,953,930,920,929,947,928,927,963,924,939,969,961,955,945,954,931,924,959,937,956,932,907,939,916,958,928,946,952,943,937,950,942,930,945,946,966,965,937,942,977,968,939,0
958,943,953,958,946,930,951,928,947,958,937,962,927,959,943,964,933,950,926,947,958,956,961,945,982,972,943,934,937,960,914,954,965,950,937,957,926,953,957,950,923,944,941,945,942,954,961,951,946,941,952,941,928,942,945,947,964,928,955,961,950,952,931,945,955,943,958,964,968,958,960,927,959,936,956,1111,1118,1115,1114,1142,1182,1184,1174,1206,1232,1255,1250,1232,1276,1299,1302,1288,1327,1300,1282,1316,1306,1269,1246,1249,1244,1227,1220,1207,1168,1143,1137,1122,1111,1097,1075,959,934,972,973,962,930,942,942,928,955,949,951,957,927,942,943,930,934,961,957,947,951,949,974,946,975,934,945,954,955,952,936,959,931,949,935,948,952,953,962,945,947,964,926,967,967,942,957,966,948,965,958,927,967,947,944,930,952,956,955,905,930,939,957,958,949,949,940,957,936,948,944,960,932,974,960,1
945,955,954,951,958,940,958,949,941,943,956,951,925,947,923,951,931,948,943,923,966,967,951,919,972,960,943,946,948,953,962,942,989,973,955,937,942,953,951,960,970,949,925,966,927,941,960,929,965,949,942,950,976,922,944,953,933,946,940,963,945,943,933,934,939,947,944,958,953,908,947,960,965,952,958,953,951,968,938,970,932,931,938,969,958,978,1019,1046,1097,1151,1196,1247,1233,1245,1233,1155,1133,1092,1055,1016,1006,975,953,965,927,944,965,942,957,963,938,944,955,921,923,938,921,956,950,949,936,965,948,953,931,946,953,950,944,981,972,927,970,942,954,966,954,927,946,955,952,950,935,947,941,936,930,959,931,962,945,970,964,954,956,948,941,950,927,968,947,961,962,953,963,955,946,967,968,924,937,948,926,974,938,956,967,938,959,973,953,942,957,962,952,959,938,0
967,966,987,968,948,941,951,935,956,949,941,948,951,948,979,943,953,969,945,975,948,968,949,934,954,943,931,962,949,925,926,942,922,938,957,942,954,964,955,956,964,976,943,959,964,964,951,955,937,970,951,934,947,952,954,918,944,977,947,936,941,945,950,951,948,946,967,953,951,958,979,958,941,961,923,873,869,837,856,850,826,792,814,794,779,755,755,794,752,766,731,743,722,733,751,770,724,765,767,750,748,755,771,790,788,841,842,846,871,860,883,930,954,960,941,956,940,949,963,932,926,944,969,959,966,940,946,962,928,961,940,955,966,944,956,939,932,951,943,930,966,934,929,962,958,945,967,947,956,973,973,945,953,959,936,945,940,982,940,917,946,946,923,946,974,957,955,943,949,963,948,962,958,968,953,954,956,945,945,948,969,945,941,922,961,972,937,1
925,935,938,973,959,943,950,961,936,959,938,956,949,959,925,945,936,945,964,948,933,922,961,930,938,947,972,943,968,957,955,911,945,926,946,958,946,951,942,938,988,932,948,948,960,935,987,953,975,934,964,965,967,947,905,958,985,965,951,930,943,982,929,953,946,950,933,928,941,920,964,939,968,958,953,870,892,853,831,855,818,827,788,767,781,782,763,726,741,739,724,747,726,751,770,748,763,735,777,763,773,767,771,806,796,818,859,810,864,870,890,946,961,970,948,946,938,958,941,967,950,942,955,932,959,956,950,938,925,946,931,957,941,957,936,959,936,946,962,955,969,958,948,939,933,944,919,940,957,919,951,950,974,964,939,945,936,944,935,934,960,957,949,965,958,944,949,947,963,938,937,943,951,940,974,922,961,952,966,979,959,936,962,945,942,975,950,1
946,935,963,940,933,975,942,948,947,947,939,951,956,942,941,956,921,960,953,950,933,925,938,992,941,943,941,946,945,960,940,942,963,968,953,959,913,954,949,960,967,940,950,957,950,938,937,950,936,961,944,960,950,929,931,934,924,923,966,947,926,982,971,950,957,952,950,942,961,933,947,969,956,985,946,860,895,850,852,835,839,837,792,799,780,770,753,744,770,731,736,734,725,744,728,767,748,747,758,766,783,788,810,813,817,828,842,852,845,840,887,969,952,947,946,941,979,947,954,957,946,954,934,943,969,954,955,936,949,948,945,935,942,924,942,960,972,959,949,936,964,950,959,965,956,939,936,936,964,937,962,963,934,932,924,956,938,968,952,934,946,935,937,965,933,948,942,953,951,942,954,948,966,964,937,961,976,969,952,926,922,938,959,949,944,950,953,1
949,930,934,931,931,948,974,939,939,927,959,967,981,950,956,969,953,943,955,956,952,940,964,952,945,955,933,926,955,929,956,911,949,962,962,958,940,945,948,972,952,961,950,938,951,967,945,944,965,949,960,943,964,927,974,955,955,934,950,929,958,946,960,944,950,950,967,951,957,930,959,950,974,936,949,1030,1003,1015,1032,1021,1046,1040,1068,1112,1086,1112,1112,1125,1135,1141,1138,1131,1133,1136,1152,1122,1115,1104,1099,1103,1105,1078,1099,1060,1059,1054,1028,1033,1024,1015,992,962,944,947,911,953,958,937,938,972,937,951,933,920,936,934,966,942,949,960,939,955,962,939,937,927,937,939,947,973,915,969,956,956,957,924,946,943,927,942,949,963,996,951,971,958,955,917,940,933,965,949,937,946,962,959,933,959,946,952,977,954,944,927,937,930,944,968,963,936,942,955,955,945,947,956,939,1
957,950,983,950,932,968,987,966,955,942,954,944,983,955,971,950,949,954,939,963,939,950,958,959,930,942,937,992,961,976,933,924,957,931,925,952,977,937,944,970,941,948,936,958,945,942,938,951,950,969,958,983,940,966,979,951,969,965,932,957,944,941,931,955,963,931,954,934,987,924,941,944,935,969,964,846,852,877,870,826,814,784,801,770,767,779,750,731,769,743,774,754,725,718,757,764,714,727,757,745,792,770,806,800,799,842,842,828,864,872,889,945,955,969,946,942,954,956,962,957,944,949,969,950,950,925,932,966,949,979,956,952,961,963,935,949,942,946,942,941,929,932,950,964,957,934,974,929,947,979,928,942,964,936,957,949,950,951,942,962,957,924,986,966,922,965,929,951,940,960,930,952,947,945,943,990,941,973,934,949,956,949,934,967,932,944,966,1
941,944,950,945,946,934,943,926,942,955,937,944,990,949,978,927,947,948,955,938,943,928,924,960,952,942,952,928,943,939,955,962,945,953,936,961,943,942,950,985,945,956,977,957,949,977,949,948,933,926,916,932,935,953,962,968,987,956,956,942,945,938,948,951,952,960,937,949,981,952,939,962,944,946,949,965,971,923,981,981,960,954,964,963,978,962,967,1040,1090,1137,1177,1206,1245,1220,1223,1168,1148,1082,1009,1021,968,949,942,947,937,952,959,949,949,967,958,934,963,960,915,940,948,952,934,947,961,944,976,925,955,951,961,931,950,924,933,977,944,944,940,942,952,941,935,934,950,944,956,926,945,949,953,962,949,948,928,952,953,942,944,927,954,949,954,959,959,933,958,963,974,927,962,956,942,946,956,947,937,930,949,940,939,943,955,959,960,949,932,920,965,958,963,0
956,961,946,958,956,959,967,934,956,944,943,935,939,957,942,922,971,980,948,944,945,966,942,951,964,924,951,971,951,959,925,941,961,953,953,945,955,943,954,972,946,974,958,947,934,951,954,960,957,939,970,938,956,941,948,937,944,951,929,958,968,929,945,963,944,946,950,952,934,931,959,959,952,934,960,942,950,942,969,941,952,976,946,951,958,984,1004,1033,1097,1121,1196,1230,1263,1256,1241,1194,1125,1090,1046,1031,1004,975,938,942,930,935,933,966,925,930,955,928,941,918,967,954,972,931,965,934,940,943,952,940,955,957,929,948,957,956,955,941,955,925,969,948,950,967,931,930,937,978,940,969,946,969,946,980,944,936,959,949,943,946,967,969,949,941,946,945,964,974,962,943,954,943,986,963,934,935,954,950,956,969,971,953,977,970,928,949,958,937,955,940,947,922,950,0
965,964,949,960,973,1006,950,965,945,974,947,949,959,946,941,948,947,956,930,948,960,943,927,950,959,951,951,935,949,957,925,960,961,967,928,944,976,945,945,965,958,949,957,965,964,927,957,968,953,957,940,949,941,954,944,959,955,957,977,963,957,959,946,938,946,971,966,949,948,970,956,941,923,948,967,940,962,953,957,945,946,971,962,926,947,991,1021,1051,1114,1143,1190,1233,1248,1241,1252,1178,1154,1069,1045,1004,968,965,955,961,936,981,954,954,957,942,962,943,951,971,931,924,955,932,945,931,957,954,937,930,938,936,937,924,932,944,971,937,954,935,936,950,939,959,966,942,951,919,946,972,954,935,949,946,994,961,960,936,945,966,923,947,923,943,953,946,966,986,975,934,971,946,943,946,963,957,956,948,937,952,951,948,950,952,959,954,929,969,936,975,939,959,961,0
928,938,948,938,946,978,965,960,957,959,937,937,939,968,962,949,940,943,932,940,931,934,943,952,959,956,953,949,945,953,952,955,938,965,925,962,975,955,955,929,954,940,940,953,939,956,930,941,946,955,944,951,950,961,950,954,947,971,925,971,966,937,976,948,941,935,958,932,956,962,970,931,926,937,930,952,954,933,958,964,933,978,929,928,976,967,1036,1036,1071,1142,1203,1236,1253,1246,1210,1153,1169,1076,1048,1010,1011,945,933,935,959,985,943,936,975,972,952,965,924,956,923,953,933,924,926,963,936,959,964,951,946,960,937,923,957,953,946,944,955,970,941,945,950,943,952,944,954,950,964,928,952,927,958,936,952,943,945,951,947,926,944,931,963,942,957,949,912,951,932,941,944,942,953,943,934,980,950,951,976,967,956,966,947,964,963,938,954,942,958,943,960,950,946,0
953,950,931,954,947,943,968,968,930,969,955,932,944,933,934,973,954,952,948,968,941,950,957,969,950,945,971,960,910,970,958,943,952,943,935,916,962,906,937,973,937,943,944,948,950,930,962,958,923,948,948,946,957,948,950,950,964,938,954,914,966,973,971,944,985,948,940,953,924,952,926,951,942,951,955,1058,1090,1107,1143,1136,1148,1151,1178,1210,1233,1233,1268,1274,1296,1290,1287,1309,1326,1310,1296,1293,1307,1312,1285,1255,1256,1254,1213,1196,1179,1155,1125,1118,1090,1074,1101,949,923,960,946,985,962,945,949,936,952,925,967,948,981,940,932,944,956,951,941,955,951,957,940,934,988,964,953,967,939,947,938,959,958,949,958,943,937,980,930,955,957,965,962,951,989,942,941,919,959,931,928,939,936,968,936,961,983,945,969,963,935,963,968,967,952,941,955,903,940,949,937,963,925,956,945,1
952,959,950,951,942,946,982,944,950,952,954,951,959,966,955,949,937,979,946,970,942,965,961,955,963,973,934,934,964,944,943,945,950,971,965,944,938,957,940,950,939,955,953,937,940,958,955,944,942,943,983,944,947,948,939,956,967,958,960,973,951,958,937,937,931,961,942,967,940,966,943,982,952,944,936,854,846,848,841,833,811,790,794,787,793,785,752,754,754,765,754,736,776,745,723,723,741,752,743,756,754,776,791,791,811,808,841,846,866,840,882,955,961,967,950,943,953,937,943,953,951,959,949,940,940,948,971,953,929,966,950,938,976,933,946,960,939,966,948,959,958,953,932,972,961,956,952,947,986,936,957,934,945,971,971,945,959,968,939,914,953,927,958,945,960,916,925,962,951,942,983,960,943,923,965,943,962,958,929,951,943,939,937,954,950,945,946,1
902,946,941,952,984,928,966,958,940,938,955,957,954,950,957,938,956,957,931,949,968,939,957,938,968,969,917,937,956,926,957,955,948,943,994,918,965,972,949,961,953,912,939,934,949,966,950,956,954,948,943,949,938,954,979,924,945,957,944,935,938,971,980,949,952,933,950,948,912,942,928,949,935,984,944,979,1033,1036,1031,1040,1059,1076,1072,1083,1083,1108,1108,1116,1121,1112,1131,1135,1125,1125,1121,1112,1123,1114,1138,1104,1090,1072,1073,1093,1049,1046,1056,1038,1028,1031,1033,940,928,958,950,964,944,959,943,945,957,930,952,945,928,968,944,944,939,957,966,992,971,947,955,943,921,956,965,944,956,947,951,921,956,924,943,925,967,940,934,940,925,962,930,944,952,947,969,949,934,967,969,938,957,953,952,955,945,938,954,956,948,946,935,965,924,934,936,952,966,949,932,945,948,954,943,1
963,943,967,944,940,942,947,957,962,975,934,936,928,946,961,938,951,943,940,916,979,944,938,938,942,943,930,961,973,970,939,937,937,965,942,947,975,947,919,938,969,966,949,949,910,947,977,973,962,953,955,959,939,942,950,962,938,939,969,926,950,927,938,944,961,974,946,946,976,970,917,941,935,924,942,872,902,864,817,844,834,808,824,769,791,781,760,761,746,768,753,720,760,753,759,727,760,751,746,755,787,793,808,781,835,827,824,875,865,883,871,955,929,964,954,979,965,925,951,958,951,974,954,969,938,961,949,971,951,962,950,915,957,953,942,948,959,953,960,962,956,939,946,963,930,957,936,973,975,934,935,929,952,961,933,942,938,940,942,943,945,967,924,964,937,954,961,919,980,935,915,942,964,923,929,952,931,960,961,941,940,956,951,953,974,950,943,1
954,925,955,976,959,945,939,964,930,971,959,945,961,950,958,950,974,977,954,945,959,949,918,935,930,962,952,954,956,946,960,964,946,964,951,967,936,921,955,953,983,974,971,948,953,937,954,953,940,952,936,962,955,942,958,958,933,960,982,943,949,951,935,964,941,946,952,962,941,937,929,945,944,953,956,918,967,953,944,945,947,947,942,955,969,988,1016,1026,1089,1163,1197,1187,1232,1218,1225,1189,1149,1082,1042,998,995,968,950,971,944,938,938,950,950,941,967,956,947,954,967,945,949,961,976,968,961,943,941,923,977,946,934,961,959,959,966,955,908,939,946,920,950,932,952,942,938,940,922,958,932,953,941,954,943,930,937,942,930,963,942,931,969,967,917,923,942,940,955,939,920,945,970,948,948,968,959,946,968,936,942,921,954,953,951,943,954,932,920,967,930,933,931,0
958,944,958,954,943,953,948,935,969,922,941,976,954,956,974,959,938,953,923,933,940,940,941,937,960,942,947,970,974,930,952,958,974,920,952,975,967,958,967,946,940,953,963,954,962,932,961,939,944,945,923,944,925,973,958,948,950,941,922,932,932,963,964,933,930,926,935,951,941,951,935,954,966,927,952,943,976,922,959,966,960,948,978,947,977,1007,1013,1061,1090,1163,1217,1247,1253,1272,1233,1175,1142,1075,1032,995,1005,928,961,978,962,955,952,974,938,929,945,957,959,945,929,935,955,928,922,957,962,955,959,937,962,936,945,947,936,927,944,913,945,931,948,945,950,954,953,946,939,938,954,955,943,947,960,989,942,942,967,933,948,944,932,947,942,964,935,963,969,941,976,950,936,928,929,962,966,970,950,942,960,956,961,966,932,974,960,930,953,917,961,947,955,947,948,0
954,959,970,955,935,936,949,941,925,961,938,951,944,946,932,938,954,934,941,965,972,949,945,921,927,951,926,923,949,945,936,956,916,941,928,930,967,971,934,948,962,938,971,943,930,968,939,952,979,952,971,954,942,960,954,939,939,938,944,960,966,948,959,978,961,963,954,941,974,951,937,966,958,970,910,1011,1041,1022,1048,1056,1053,1070,1054,1077,1081,1101,1109,1131,1123,1134,1119,1122,1109,1098,1123,1138,1123,1138,1100,1087,1108,1105,1088,1057,1066,1062,1066,1015,1020,1026,1000,969,934,964,944,961,941,960,961,962,938,971,958,952,940,964,932,963,965,965,930,954,942,947,951,937,960,970,957,948,997,957,963,940,954,943,947,962,944,948,940,950,953,953,938,961,943,948,976,961,934,923,933,944,963,943,956,970,967,944,920,916,954,953,966,960,955,953,945,978,937,948,945,961,954,941,928,1
950,980,945,962,935,988,978,950,938,957,954,967,945,966,946,955,945,943,972,966,946,958,952,957,940,939,954,935,946,931,945,962,934,934,933,958,960,959,945,947,937,932,936,933,958,939,959,928,939,930,958,956,965,929,964,970,956,924,938,948,939,982,950,954,968,968,936,960,961,944,947,943,929,964,934,1023,988,1023,1048,1050,1034,1064,1078,1082,1094,1099,1122,1111,1119,1088,1133,1132,1140,1109,1114,1123,1137,1136,1109,1088,1122,1090,1103,1084,1048,1076,1037,1065,1048,1034,1021,954,945,967,946,967,958,947,947,931,950,953,984,973,920,957,946,940,944,959,946,954,946,926,941,945,933,950,940,969,941,927,948,924,981,954,928,923,970,947,944,938,939,955,959,952,940,949,946,959,957,949,926,943,928,979,943,948,957,939,950,943,968,947,946,931,960,929,986,947,917,962,963,952,947,949,970,1
931,920,925,943,959,957,937,916,941,969,932,956,940,962,951,948,961,942,949,945,969,950,954,963,954,954,959,954,986,937,951,944,927,957,953,931,959,953,929,973,956,957,948,955,964,958,971,961,928,956,984,942,976,950,945,944,937,940,948,939,951,962,916,956,929,929,944,950,960,955,963,958,947,939,947,877,897,855,864,834,785,820,822,782,794,760,764,726,760,729,754,744,707,743,712,745,735,753,765,775,788,766,811,782,802,824,822,824,877,853,861,954,946,950,965,962,958,954,935,930,966,959,964,971,942,958,931,965,957,979,950,938,937,945,921,934,929,939,936,969,958,940,956,945,932,933,942,964,956,943,962,934,961,946,952,927,957,933,947,956,955,945,958,960,954,935,937,973,966,950,945,933,943,954,971,921,933,940,947,946,944,956,945,960,922,968,947,1
947,940,967,937,946,936,964,932,945,963,960,943,953,971,968,935,954,959,965,940,948,931,946,976,950,952,955,938,952,943,948,927,952,946,950,954,953,937,928,965,942,960,941,957,955,955,941,944,939,909,955,944,954,944,952,933,938,945,947,942,957,965,933,955,950,933,953,970,967,956,944,976,965,970,948,879,881,882,872,844,824,810,792,807,790,776,760,726,758,740,724,713,720,719,723,739,755,740,743,764,778,777,774,795,812,804,848,848,849,876,869,940,937,941,966,945,960,954,983,960,953,938,958,933,957,922,973,953,939,935,922,955,954,969,950,975,939,923,949,960,959,955,957,927,964,943,950,959,970,934,967,961,950,965,957,939,952,967,969,955,960,977,944,955,952,942,937,927,966,934,968,942,943,934,961,944,932,961,955,926,950,944,928,963,963,963,953,1
943,951,939,966,957,906,962,954,934,947,958,953,919,947,937,978,929,949,931,941,944,941,951,982,963,961,961,925,956,953,942,965,949,944,927,941,965,959,954,948,932,949,933,953,938,974,953,950,944,927,953,939,949,942,953,974,948,941,939,948,936,919,943,941,949,944,977,950,928,949,958,966,953,941,960,970,971,944,951,968,943,951,959,966,962,963,1004,1058,1085,1142,1177,1231,1251,1248,1233,1167,1130,1104,1048,1017,976,976,946,939,966,951,973,942,955,937,949,934,949,947,952,942,954,959,966,930,957,934,941,928,966,958,940,944,973,948,966,926,926,932,935,919,958,984,969,964,940,947,947,951,938,940,937,947,944,981,967,953,937,949,952,978,962,952,938,947,952,930,929,959,964,959,982,927,943,963,940,953,964,957,956,930,963,947,950,907,967,934,930,958,963,948,949,0
944,925,955,955,959,959,959,945,950,935,965,939,942,978,937,942,922,967,954,931,958,949,943,960,951,937,951,940,962,976,953,941,977,948,933,958,950,962,958,973,949,952,953,948,935,951,940,939,973,961,941,958,970,943,931,936,965,927,944,957,942,928,968,965,959,930,941,963,975,961,974,965,967,947,964,943,935,919,952,937,951,954,948,943,959,971,989,1057,1075,1140,1190,1228,1235,1249,1215,1180,1136,1108,1040,981,979,947,919,932,944,952,956,938,960,942,945,939,936,960,953,954,939,925,975,951,993,925,929,953,967,937,954,954,967,969,965,948,924,922,941,978,959,920,960,933,956,929,952,949,952,937,935,962,981,954,951,937,950,941,945,930,961,954,949,955,951,951,977,964,934,937,979,931,959,939,949,920,958,952,927,967,963,944,925,935,933,956,927,949,941,932,932,0
999,987,957,938,952,963,935,940,964,977,970,971,962,942,927,947,941,938,953,921,932,935,929,945,929,962,966,964,942,924,936,956,961,969,929,957,974,947,945,939,934,930,936,948,948,969,954,966,937,939,954,967,952,988,963,927,938,964,949,973,957,940,954,978,922,944,954,941,946,948,941,936,963,948,970,943,954,952,952,967,929,961,922,954,976,992,969,1061,1084,1125,1198,1210,1262,1267,1213,1183,1139,1086,1048,996,1001,984,949,974,961,951,955,946,953,955,954,924,958,922,954,948,936,914,973,962,984,940,947,948,950,961,918,957,970,935,974,921,964,965,953,912,964,966,947,920,940,963,962,972,969,944,959,956,935,939,944,953,949,945,940,946,949,929,982,959,927,962,953,928,955,956,957,961,955,940,963,948,941,958,974,956,944,936,944,946,931,934,951,937,941,964,976,0
957,938,928,932,957,947,940,955,972,993,943,960,937,948,921,941,967,909,935,946,951,942,969,957,972,936,939,962,969,959,958,917,952,950,948,938,936,937,928,932,932,962,927,968,935,943,941,957,932,948,958,947,967,933,953,972,956,949,966,966,948,962,963,948,935,936,914,954,954,954,930,927,954,960,950,953,983,947,914,958,958,960,956,959,970,992,1016,1068,1082,1173,1183,1223,1255,1258,1219,1180,1148,1076,1016,1011,1007,969,959,939,930,957,959,930,962,974,947,966,922,947,948,951,942,936,960,956,960,949,937,946,936,965,973,946,945,921,965,955,976,939,924,965,960,950,957,958,977,935,940,944,948,950,959,973,949,950,929,946,931,947,949,961,947,940,937,964,945,959,957,967,955,959,920,949,971,923,935,949,971,963,970,940,978,930,983,940,943,943,955,941,962,962,972,0
951,943,986,956,948,972,962,946,950,934,941,967,938,956,965,942,916,946,941,922,983,956,938,934,922,958,946,957,967,966,962,956,951,940,941,951,955,933,976,942,926,934,954,962,953,953,947,927,938,949,945,941,973,960,933,978,934,954,955,954,941,980,955,952,951,960,975,962,944,943,981,937,944,932,955,1056,1105,1085,1101,1146,1147,1190,1163,1205,1209,1240,1261,1273,1276,1274,1287,1304,1313,1334,1280,1315,1302,1287,1251,1267,1242,1228,1219,1205,1192,1146,1148,1112,1102,1088,1077,955,948,942,947,948,940,944,950,941,976,961,935,932,947,940,963,946,931,930,943,959,936,941,978,944,970,939,954,937,969,949,926,940,932,949,935,951,958,936,956,970,960,944,930,955,952,943,957,943,955,958,946,947,947,964,942,936,941,952,956,953,950,969,969,945,970,948,956,914,917,972,958,951,936,947,963,1
939,932,949,936,935,971,928,948,945,958,949,949,938,935,936,947,953,938,949,955,940,931,934,940,947,941,962,961,936,955,924,949,936,940,952,947,955,954,943,945,944,949,930,934,954,974,952,954,944,947,942,963,954,924,965,944,965,944,967,962,952,970,927,943,923,936,945,946,932,942,935,953,931,955,945,945,954,953,931,943,955,956,931,949,968,978,1000,1040,1085,1129,1182,1230,1247,1230,1232,1201,1125,1092,1031,978,981,998,941,968,966,962,932,951,955,951,949,950,918,949,922,958,898,931,969,936,956,955,953,944,915,953,958,957,931,948,951,921,944,934,935,975,935,955,913,948,928,973,919,933,944,928,948,927,949,961,943,940,953,967,954,982,969,953,942,948,944,953,937,960,969,953,953,936,964,964,965,946,965,954,953,944,954,945,956,929,947,966,962,914,939,952,953,0
968,949,938,949,945,953,925,972,941,924,946,952,948,958,926,963,937,951,934,960,950,968,921,967,935,946,927,953,980,944,931,945,923,973,938,954,937,963,942,929,956,940,953,960,910,944,986,949,937,956,943,963,931,946,931,932,959,956,952,963,942,946,932,958,956,950,941,967,953,940,925,926,951,942,965,970,934,939,960,936,948,969,972,905,984,970,1028,1053,1091,1109,1179,1211,1251,1255,1236,1205,1132,1092,1041,990,993,938,960,961,971,903,951,969,940,949,965,943,962,934,972,949,945,952,957,957,957,949,941,951,958,950,929,926,965,942,937,941,958,943,941,956,945,945,959,938,940,948,950,948,946,952,928,967,942,978,982,985,945,940,930,967,961,969,954,972,939,954,938,956,964,954,971,942,947,938,953,954,941,948,961,941,962,926,942,962,949,969,968,928,946,946,938,0
972,955,960,934,927,950,950,962,949,942,953,926,962,944,939,945,949,956,945,942,954,945,974,948,938,957,945,963,961,966,946,947,953,927,935,938,965,951,964,952,954,949,960,950,950,953,974,962,962,963,947,946,944,955,928,964,955,922,956,927,925,956,951,940,971,964,954,944,954,952,910,951,961,951,971,1085,1096,1078,1119,1135,1154,1167,1163,1220,1242,1262,1261,1263,1283,1314,1315,1314,1312,1298,1317,1297,1323,1269,1271,1228,1265,1257,1217,1193,1188,1154,1139,1126,1103,1099,1057,952,957,943,951,970,934,934,932,956,946,953,939,958,942,979,980,942,951,940,930,955,934,940,958,943,948,949,950,939,954,971,957,915,936,959,950,937,975,949,947,966,957,957,959,960,960,951,936,947,947,953,937,961,950,961,974,947,957,940,969,954,939,952,944,937,975,935,958,979,920,958,952,962,935,941,941,1
953,933,960,935,953,948,948,966,980,933,923,962,941,958,929,935,966,951,943,951,969,919,953,950,938,935,949,937,954,943,935,951,919,956,978,950,963,942,938,942,946,977,941,953,943,953,923,927,955,952,983,922,946,931,947,957,930,967,960,960,925,953,955,926,957,946,945,950,941,972,940,956,956,936,966,996,994,1041,1009,1034,1047,1079,1077,1085,1093,1094,1100,1110,1097,1129,1124,1102,1123,1133,1139,1123,1134,1111,1130,1111,1083,1098,1073,1079,1050,1070,1041,1047,1033,1026,996,969,911,972,958,918,966,956,933,937,954,960,952,975,940,941,933,940,971,939,931,968,942,962,945,965,942,953,945,939,969,926,941,932,953,938,951,927,981,947,944,936,943,943,945,929,966,966,915,938,937,963,923,942,965,944,934,935,954,947,954,953,970,980,931,948,953,947,950,973,925,953,954,939,921,936,959,1
953,955,926,964,932,959,969,968,982,943,960,927,952,932,931,935,945,965,958,928,960,944,947,944,961,933,939,951,927,929,942,943,952,942,947,931,941,940,966,969,965,947,944,964,958,937,928,961,947,962,936,953,949,957,938,961,959,957,956,925,958,968,958,961,958,952,958,968,959,950,956,974,958,962,956,1077,1081,1094,1138,1167,1153,1188,1212,1226,1233,1240,1277,1298,1289,1311,1288,1312,1305,1336,1313,1310,1297,1307,1305,1289,1227,1197,1212,1193,1209,1148,1136,1136,1125,1074,1052,929,936,957,951,973,952,964,948,948,943,966,953,970,957,949,964,942,942,968,954,952,942,945,948,941,913,950,967,956,937,950,969,956,951,946,976,920,913,941,981,932,949,943,950,956,990,958,982,973,955,959,942,922,960,934,942,944,940,945,965,962,958,968,947,951,958,920,952,943,956,969,949,931,949,933,954,1
964,969,947,943,941,971,946,947,964,931,967,936,948,961,966,927,946,943,950,933,955,931,934,953,980,954,972,990,953,955,973,964,940,975,955,952,944,913,965,977,957,952,985,947,954,962,930,949,937,949,949,953,944,962,951,958,978,959,951,971,943,943,960,946,924,942,950,946,954,939,967,962,953,957,952,971,924,957,940,964,930,943,936,928,984,989,1011,1050,1094,1139,1179,1232,1236,1239,1250,1196,1145,1092,1052,992,965,978,937,969,994,947,962,932,953,982,954,921,960,968,943,939,937,943,951,925,953,960,958,943,958,939,951,941,921,943,954,962,961,971,956,952,956,954,962,947,929,940,959,968,953,979,949,967,955,934,960,938,961,949,963,954,964,954,968,947,950,936,945,929,967,964,955,952,945,943,955,975,968,957,947,965,931,950,963,938,945,951,949,949,924,951,943,0
969,962,954,992,942,950,923,943,944,947,940,975,946,953,915,925,928,942,917,975,927,954,949,946,980,945,957,941,959,949,957,947,969,963,953,954,916,951,957,940,962,955,955,921,942,947,941,951,953,953,934,940,923,947,960,941,922,971,920,965,951,948,945,944,950,946,926,939,943,916,929,982,921,948,952,930,936,938,932,943,958,942,965,908,966,970,1002,1063,1103,1139,1171,1228,1269,1232,1248,1191,1167,1084,1049,1031,975,980,940,957,933,962,965,946,959,960,968,966,938,942,961,927,949,952,939,933,930,959,953,974,953,933,936,938,969,929,946,954,944,990,946,947,968,953,957,969,948,934,956,941,978,923,962,970,918,957,965,952,938,946,938,952,953,952,965,966,968,961,968,955,964,927,961,927,953,958,958,950,928,959,979,951,954,944,954,921,920,935,949,962,927,978,944,0
961,954,953,964,962,930,952,950,920,950,931,940,972,954,936,910,957,944,982,962,960,962,938,952,952,954,925,967,979,941,943,953,943,954,917,958,929,985,938,930,937,958,964,937,961,946,932,939,961,945,939,926,957,924,952,941,956,948,941,956,959,956,938,949,961,975,933,936,930,963,976,946,939,927,950,965,948,967,949,948,936,982,950,953,958,1003,993,1032,1113,1156,1187,1214,1231,1259,1208,1166,1140,1089,1063,1012,990,958,954,971,943,975,932,945,961,948,949,946,939,977,949,942,922,927,950,976,959,937,914,956,941,934,937,958,957,950,943,956,943,932,944,969,927,971,980,956,941,945,960,968,966,967,954,937,949,918,949,958,951,953,963,924,927,953,967,947,922,950,940,966,966,954,957,947,940,931,925,938,936,953,928,917,951,945,964,923,991,953,953,942,957,961,933,0
939,931,956,957,968,959,977,930,985,950,934,943,948,946,971,949,983,971,958,949,987,931,949,950,959,955,946,963,953,948,959,967,953,968,955,971,958,939,924,949,967,952,972,917,937,962,974,980,959,933,953,956,935,955,965,945,972,966,957,944,958,962,943,944,939,956,951,956,941,954,949,953,941,965,948,969,947,927,983,915,945,949,932,942,981,983,996,1036,1073,1129,1206,1255,1245,1242,1216,1185,1136,1079,1069,1017,942,1001,951,977,965,976,979,971,962,945,940,951,931,926,969,954,897,939,943,959,972,943,961,933,950,932,943,968,974,953,929,962,935,966,959,956,957,970,950,936,978,940,947,952,949,961,974,923,966,968,939,953,924,957,933,943,956,953,956,934,985,923,938,945,935,952,934,938,960,959,946,961,940,939,950,925,989,957,984,947,964,958,944,966,932,949,957,0
972,942,957,942,946,942,942,939,943,956,958,935,923,957,956,945,943,945,973,962,964,945,953,943,962,948,939,942,971,950,961,993,959,945,959,968,953,949,937,948,950,961,975,960,966,948,940,947,925,931,945,955,968,939,952,928,954,970,970,941,954,934,967,941,973,945,961,932,930,926,941,942,950,957,931,1087,1105,1103,1119,1143,1178,1197,1186,1217,1243,1243,1240,1267,1310,1290,1300,1329,1303,1317,1296,1280,1304,1281,1293,1252,1229,1220,1204,1171,1169,1138,1128,1124,1094,1063,1072,940,958,924,930,967,945,946,969,964,949,940,976,953,944,959,955,970,925,939,927,980,952,980,979,917,928,938,952,931,956,946,954,939,970,935,944,953,947,950,942,947,932,952,946,934,960,946,979,951,924,957,967,943,940,957,940,956,947,950,968,961,955,936,969,970,976,939,959,941,973,948,965,957,940,936,933,1
948,938,952,975,935,949,948,944,966,951,964,955,983,937,946,961,960,945,982,974,961,945,927,954,951,951,948,961,955,937,963,920,938,920,929,961,945,965,941,946,960,949,950,963,934,955,956,952,963,943,947,953,976,935,931,947,978,949,920,933,932,956,934,943,929,967,929,947,947,951,964,942,948,920,978,1040,1030,1025,1039,1053,1051,1055,1065,1091,1091,1072,1120,1081,1102,1107,1154,1125,1110,1133,1119,1115,1131,1144,1102,1109,1110,1127,1078,1067,1066,1059,1017,1026,1011,1039,1018,935,938,952,942,932,964,932,937,947,944,934,963,932,962,958,960,931,952,954,972,963,975,948,956,933,949,935,944,953,943,929,928,928,953,960,948,961,934,950,939,964,946,962,953,945,958,976,941,969,940,948,973,944,950,948,963,948,942,917,958,953,981,940,942,953,925,968,965,951,949,939,963,958,949,955,954,1
957,986,913,977,933,926,946,970,941,949,938,968,923,951,936,937,973,959,939,959,933,931,953,963,959,919,967,953,962,956,926,943,961,963,951,972,928,940,959,943,952,945,950,949,944,959,941,974,989,935,967,933,960,961,941,928,940,946,945,954,959,964,941,937,939,941,951,947,941,942,965,936,952,950,958,867,843,820,872,828,807,832,810,811,765,794,772,747,756,724,739,730,744,735,758,753,726,748,755,766,776,759,793,802,812,847,865,836,855,883,857,951,986,937,948,923,937,934,912,923,932,937,931,944,948,951,952,961,956,972,952,949,975,939,965,946,944,949,928,956,955,955,928,942,966,949,942,960,963,971,943,938,946,935,925,961,940,961,929,951,919,943,963,964,951,961,932,958,965,976,935,957,955,958,947,945,951,941,967,941,958,952,953,943,940,950,937,1
946,947,930,962,955,926,941,955,952,951,947,961,963,954,958,938,960,958,924,956,940,966,969,958,965,954,987,953,948,940,945,934,951,955,932,951,957,946,981,955,941,954,925,962,957,942,952,950,971,967,979,951,969,960,949,944,942,956,942,969,953,963,936,946,932,960,930,955,933,949,947,945,957,962,934,928,937,937,955,940,947,969,952,966,968,967,1008,1056,1095,1132,1191,1269,1217,1227,1230,1182,1120,1085,996,990,981,995,939,967,952,964,975,972,927,930,977,965,942,934,927,955,963,927,960,921,952,951,926,929,926,927,930,927,935,909,940,951,952,920,952,961,962,937,926,955,943,988,936,932,958,960,957,945,955,944,923,956,915,949,952,935,945,953,967,974,966,932,939,929,942,951,916,951,937,939,938,950,958,961,941,944,951,953,941,961,945,924,949,951,945,977,945,0
958,922,937,921,973,926,933,922,972,952,951,977,927,978,963,939,935,947,957,954,943,948,920,967,943,975,951,946,953,965,956,940,962,944,959,947,947,987,941,954,949,962,929,927,951,957,959,956,934,977,977,936,938,930,931,968,960,963,951,961,945,980,952,946,924,970,943,944,941,945,953,956,963,975,960,950,942,933,944,933,968,939,936,964,978,1006,1041,1046,1098,1142,1200,1199,1238,1226,1234,1198,1147,1098,1042,1001,1017,969,931,953,948,957,992,970,944,946,950,941,956,948,951,949,938,964,944,956,940,941,986,941,949,955,923,968,938,954,940,926,971,978,964,940,946,951,951,961,948,945,959,953,968,940,959,967,941,958,948,967,945,965,939,971,955,964,941,950,970,956,961,958,975,927,940,975,947,947,932,960,936,920,947,958,949,947,943,948,961,951,940,933,929,945,911,0
947,935,946,941,953,946,940,952,961,957,959,937,949,942,951,960,948,933,954,951,943,951,906,939,926,942,929,946,942,963,936,943,946,951,928,939,967,931,935,975,933,969,960,947,947,958,972,943,965,984,976,952,942,945,933,962,949,941,937,957,978,959,934,954,933,932,940,946,938,935,950,948,943,971,944,925,916,959,962,955,929,936,963,947,982,1006,1022,1031,1107,1122,1190,1226,1255,1258,1273,1181,1131,1071,1042,994,997,953,963,948,930,956,965,949,938,960,961,955,929,937,957,977,938,948,962,964,960,954,913,941,923,954,937,948,965,936,937,936,980,943,943,923,926,957,956,955,960,927,935,969,956,935,947,945,970,965,969,956,951,924,952,962,942,953,955,950,946,937,953,941,977,983,957,935,950,921,961,944,938,991,953,967,975,935,950,972,957,954,936,951,949,946,927,0
929,962,954,934,984,948,934,935,938,940,938,966,934,957,953,935,951,965,920,932,944,972,948,921,907,940,948,954,914,922,942,968,951,962,966,970,947,948,942,934,970,973,927,966,937,962,946,940,970,941,954,948,951,943,956,928,942,949,957,970,952,932,935,958,956,961,953,969,952,949,962,946,950,934,941,1029,998,1001,1014,1056,1058,1086,1072,1093,1112,1121,1127,1089,1130,1134,1134,1118,1106,1133,1123,1115,1115,1114,1081,1088,1102,1100,1076,1075,1055,1043,1041,1035,1030,1031,988,958,955,937,977,953,977,919,941,952,950,940,966,950,963,967,952,937,962,951,951,941,949,934,959,952,953,966,929,938,966,961,937,966,957,972,929,976,973,982,935,941,964,969,970,950,928,974,947,967,949,939,939,958,925,969,940,952,933,951,954,949,962,970,937,963,938,941,955,963,948,974,944,953,941,947,964,1
937,953,923,959,938,941,953,964,968,939,977,993,921,962,950,976,950,962,924,944,974,920,935,944,934,943,960,954,942,956,955,940,933,957,971,966,968,933,941,962,938,959,947,958,988,957,954,953,950,945,924,958,928,946,939,960,972,936,961,933,934,950,952,943,941,960,949,943,919,950,936,956,961,954,923,943,960,952,939,933,964,980,937,953,974,976,1025,1059,1081,1111,1191,1220,1236,1251,1223,1181,1126,1090,1048,1013,980,980,956,935,946,927,947,961,975,956,954,949,978,914,960,926,959,936,966,974,945,977,940,949,953,979,932,948,946,914,968,951,954,962,948,948,943,950,929,947,965,945,966,975,948,957,952,943,931,952,961,953,948,944,912,947,933,958,966,932,934,932,967,955,957,936,953,922,965,954,934,952,948,910,949,950,936,967,967,964,948,932,937,963,958,913,942,0
952,940,909,962,954,961,938,936,940,932,965,942,951,938,945,945,971,934,967,961,919,944,951,960,961,955,939,937,949,944,933,950,940,967,950,937,941,977,948,932,955,948,949,926,958,927,958,941,957,970,956,957,962,974,976,935,958,953,981,957,942,948,930,933,944,951,967,955,943,951,937,939,958,949,950,1049,1104,1112,1124,1129,1161,1157,1233,1201,1237,1254,1250,1303,1277,1276,1304,1324,1318,1301,1304,1314,1288,1299,1278,1261,1234,1247,1224,1227,1166,1120,1151,1128,1132,1083,1065,969,953,958,938,917,942,974,933,960,939,945,944,942,950,933,932,955,948,963,975,956,958,911,961,991,947,948,953,968,930,969,936,944,961,941,943,958,943,968,956,937,945,937,965,964,961,965,934,952,913,945,935,936,931,932,955,958,977,935,988,943,940,952,946,982,976,979,957,936,939,944,922,949,944,947,941,1
949,918,936,960,965,941,967,937,938,929,944,940,977,953,926,972,938,936,947,912,927,973,956,950,945,951,962,957,964,966,976,950,976,939,913,943,959,960,942,936,964,987,932,949,932,925,941,939,960,943,950,949,949,950,942,934,950,984,945,930,944,954,943,983,967,927,987,964,959,935,969,958,951,969,960,958,940,942,948,918,940,952,962,957,963,962,1013,1059,1094,1148,1188,1219,1219,1251,1223,1162,1143,1095,1014,1000,967,948,958,960,974,959,968,962,956,968,963,947,926,939,957,961,919,958,969,958,950,968,936,944,981,942,958,957,961,962,955,969,954,937,939,963,942,937,967,940,947,951,951,940,943,972,942,933,970,952,948,929,961,934,961,962,963,969,964,950,929,943,943,950,942,983,981,941,955,924,967,930,924,950,949,962,938,949,948,921,986,947,939,942,957,929,932,0
968,969,965,966,964,936,943,932,949,937,940,954,958,937,941,941,967,939,911,963,940,917,933,943,956,957,950,949,954,948,945,941,951,934,941,956,953,967,967,946,948,955,961,952,961,961,942,961,952,937,953,952,948,937,937,948,943,925,951,949,944,962,953,950,970,983,971,969,950,967,939,979,951,976,922,933,947,959,937,922,948,944,964,939,967,972,994,1051,1089,1152,1172,1219,1270,1233,1223,1205,1113,1090,1063,1006,967,950,947,953,926,936,940,927,954,945,950,964,948,947,974,941,935,958,947,949,937,959,961,951,944,948,980,973,969,947,961,947,956,938,964,972,942,936,961,948,945,973,940,940,944,924,953,978,948,960,961,956,954,938,960,955,932,936,961,931,950,952,928,952,915,967,957,953,971,963,960,934,952,958,961,948,961,976,942,956,965,971,945,931,956,947,935,0
976,989,946,969,929,947,947,956,974,949,957,936,950,957,945,955,950,959,987,968,975,956,962,958,954,925,956,980,948,946,979,932,907,944,946,951,966,962,920,939,958,975,955,956,958,931,959,951,936,961,907,965,947,931,971,946,969,945,943,971,938,924,952,948,941,978,961,934,964,954,940,971,986,942,972,950,939,933,975,953,907,946,953,952,971,979,1029,1067,1072,1134,1201,1218,1234,1230,1214,1194,1128,1060,1033,1000,1006,964,914,934,957,963,955,963,940,972,958,948,953,966,955,949,951,969,963,951,974,957,940,966,956,945,937,958,945,943,920,957,946,953,966,924,944,936,935,954,956,945,934,956,955,963,965,948,966,925,930,938,926,951,925,949,933,923,956,936,941,937,954,952,988,937,961,964,949,946,932,957,964,939,966,938,963,957,956,942,948,947,933,974,942,935,924,0
970,956,990,957,931,952,947,970,925,963,947,961,933,933,950,947,960,958,955,943,949,972,937,953,949,923,961,938,948,925,972,969,963,939,965,968,946,951,956,937,975,931,934,958,967,965,968,950,925,918,962,965,976,953,941,921,954,954,935,943,940,961,955,944,977,980,934,944,948,941,957,952,934,938,941,1078,1124,1116,1097,1128,1156,1183,1177,1208,1238,1262,1259,1283,1256,1318,1306,1311,1303,1323,1314,1300,1280,1295,1273,1297,1227,1231,1196,1199,1175,1167,1131,1131,1117,1080,1089,964,969,943,968,953,962,965,932,947,959,961,946,945,957,947,962,979,935,923,939,936,935,974,927,953,943,946,937,953,956,967,907,940,961,943,951,941,956,924,930,943,947,955,934,974,953,942,983,959,950,954,939,967,976,976,962,935,949,952,952,945,985,965,913,985,935,957,954,956,935,958,961,962,945,941,930,1
926,949,948,965,956,957,960,957,913,937,959,925,930,952,984,943,974,954,949,924,939,952,959,941,964,959,939,923,969,964,951,951,938,940,944,927,941,978,935,952,954,976,962,952,959,961,957,977,925,947,939,971,967,959,952,945,935,934,944,943,962,938,940,958,936,976,950,967,942,950,945,974,964,943,929,965,934,929,938,924,934,937,924,957,983,978,1002,1063,1094,1144,1181,1233,1230,1252,1216,1201,1125,1085,1020,1025,1007,980,929,946,943,941,940,953,998,957,940,935,963,956,953,957,957,902,921,963,973,946,947,979,963,934,945,964,921,964,959,976,938,948,987,938,976,931,952,958,968,944,942,949,943,928,977,968,942,966,915,970,978,956,937,934,948,949,946,977,933,957,949,944,953,927,968,942,930,946,953,964,937,930,941,957,947,925,944,960,946,937,959,969,963,961,944,0
951,947,943,983,936,938,955,958,935,970,948,959,951,950,980,926,944,941,968,956,976,950,942,930,972,942,938,945,967,960,969,923,954,959,949,955,948,945,943,952,927,948,925,949,942,947,970,947,936,973,935,937,959,967,945,958,933,951,953,962,952,954,959,954,932,980,944,933,957,963,939,958,988,908,960,1069,1078,1106,1137,1150,1141,1176,1194,1211,1240,1245,1266,1279,1280,1312,1308,1313,1297,1295,1306,1281,1290,1268,1280,1291,1248,1232,1186,1177,1169,1150,1148,1098,1092,1079,1091,926,947,967,926,961,952,962,952,946,940,942,939,972,964,963,931,966,946,970,937,951,965,932,937,941,927,943,947,953,962,941,945,964,956,964,962,959,950,967,949,947,938,934,964,958,961,964,921,961,938,932,957,961,963,973,946,953,940,929,964,973,960,969,940,953,953,946,962,965,935,927,941,917,951,949,935,1
957,969,928,957,940,964,929,921,959,967,956,955,966,918,967,961,970,954,986,950,968,969,949,931,941,936,902,959,941,938,933,981,952,968,961,967,953,941,931,936,970,957,958,928,954,969,946,941,934,927,948,974,963,952,968,949,930,934,953,948,981,954,940,949,959,926,948,945,963,945,954,946,944,958,937,931,953,954,969,970,940,957,941,957,998,979,1023,1029,1100,1107,1200,1247,1229,1260,1235,1183,1149,1092,1057,1003,982,946,941,959,945,934,927,960,967,943,946,961,936,907,944,930,947,959,931,947,944,932,937,958,947,971,983,925,929,961,946,951,967,942,960,968,942,946,935,964,935,951,966,962,967,953,947,961,966,947,955,951,954,957,941,947,945,951,965,939,953,940,959,949,917,948,985,947,925,947,959,980,951,973,941,941,976,974,963,979,934,964,926,938,941,931,961,0
925,944,920,940,940,950,961,987,922,957,942,970,952,944,981,965,960,961,951,952,955,974,969,916,950,941,960,933,956,960,935,944,985,936,937,956,973,905,923,961,969,949,925,923,973,955,950,943,950,934,934,965,944,929,949,945,974,955,946,942,945,959,927,940,941,898,948,941,957,979,947,958,954,949,941,959,956,959,946,935,940,956,966,949,981,997,1023,1027,1069,1141,1198,1242,1243,1266,1237,1202,1146,1098,1031,1015,982,981,959,970,963,943,965,957,953,931,956,929,946,948,953,925,963,971,938,939,958,940,956,951,973,954,949,959,944,947,965,956,908,956,941,911,966,941,933,965,966,957,935,957,937,953,940,933,944,934,935,935,968,952,954,935,946,963,957,929,955,940,940,947,972,948,942,934,897,942,925,959,947,953,963,952,948,943,968,955,931,949,941,957,956,946,956,0
940,955,946,937,944,943,946,941,934,924,964,956,962,957,970,974,961,941,954,959,954,931,957,954,971,952,950,946,933,940,955,935,944,959,957,955,953,945,945,958,981,943,935,945,968,956,960,923,936,938,983,933,915,975,939,963,966,964,987,947,979,967,977,982,955,939,920,954,940,961,929,946,941,960,950,1026,1007,1039,1041,1043,1047,1053,1047,1103,1097,1087,1083,1114,1106,1099,1132,1156,1123,1121,1122,1124,1130,1112,1109,1069,1120,1089,1087,1057,1063,1079,1069,1036,1016,1029,990,957,937,940,947,953,947,943,975,942,949,940,951,907,961,930,922,939,940,960,970,945,945,947,941,970,968,945,955,926,941,944,934,939,965,962,935,945,942,933,979,953,968,968,964,977,949,956,954,967,963,958,952,953,940,940,932,959,972,918,957,954,924,939,953,961,951,968,946,947,921,952,968,954,928,937,962,1
949,941,930,933,938,969,966,954,976,926,952,944,970,915,942,974,951,925,922,961,966,913,957,946,952,940,938,941,955,924,924,955,943,949,965,941,936,958,945,949,938,942,956,944,968,961,952,952,962,963,947,959,956,942,985,943,941,953,965,919,932,967,937,967,945,916,966,940,941,970,955,940,955,936,938,941,953,938,963,955,934,948,929,939,974,986,968,1043,1106,1095,1186,1228,1258,1235,1252,1181,1121,1096,1010,980,975,992,946,946,919,936,953,946,969,968,969,946,965,958,972,956,945,933,895,964,953,932,948,932,945,959,954,973,945,960,942,962,975,933,948,958,935,942,947,936,972,987,930,953,966,959,954,952,929,951,946,948,951,947,940,948,960,959,958,947,959,949,973,935,940,954,959,931,937,943,943,963,967,950,941,948,968,922,945,943,915,919,937,953,964,954,939,0
937,918,909,966,963,960,955,949,947,963,958,946,951,928,950,926,957,952,975,928,938,944,943,972,925,967,959,952,938,945,953,948,927,930,956,970,963,951,954,979,951,948,952,975,942,933,951,970,932,929,959,917,954,949,950,945,966,968,977,962,959,960,955,937,933,963,960,946,955,950,960,976,928,947,931,886,859,856,872,816,821,785,780,780,766,752,740,726,774,727,719,750,724,718,761,738,756,746,744,752,769,794,774,795,836,843,848,850,879,858,887,933,934,971,945,953,954,949,959,949,995,950,947,938,953,924,970,953,945,945,951,962,938,927,964,954,951,946,972,956,939,961,979,963,954,924,948,928,943,964,934,946,957,943,952,947,953,938,942,945,930,960,939,962,950,960,956,954,935,963,955,955,954,936,959,977,943,962,952,968,948,927,941,940,965,926,946,1
960,952,937,956,976,962,950,941,976,970,938,961,967,937,977,948,966,942,945,946,932,941,942,931,957,943,935,939,945,939,954,955,951,933,946,941,936,908,940,922,948,948,935,928,975,947,961,945,925,931,985,952,951,962,967,921,946,950,953,935,939,977,942,980,952,944,934,941,926,953,955,960,927,959,953,891,847,860,868,817,794,820,809,803,793,751,774,765,754,727,718,713,749,725,740,749,757,764,771,746,771,787,806,817,799,824,838,820,864,875,908,949,960,954,939,944,951,941,931,992,959,954,924,930,974,934,963,960,942,962,931,955,968,970,948,955,950,952,934,947,945,984,948,967,968,953,932,952,964,937,942,925,946,937,955,972,957,949,907,966,941,949,953,950,964,945,970,928,958,943,939,951,978,946,960,955,949,959,938,959,958,947,923,948,950,942,950,1
941,938,927,947,958,950,957,964,963,949,942,965,959,943,944,936,951,916,952,959,965,956,947,937,938,943,968,941,983,940,991,949,963,960,950,932,942,944,964,947,940,939,949,950,948,912,944,958,946,962,956,947,944,946,957,960,941,955,936,951,975,933,971,959,945,952,960,954,955,972,959,958,964,940,984,1092,1101,1097,1104,1127,1130,1185,1198,1208,1223,1235,1273,1260,1292,1310,1309,1292,1309,1290,1306,1280,1317,1290,1261,1257,1231,1225,1229,1193,1187,1180,1134,1136,1121,1090,1047,938,959,945,953,955,941,957,971,935,922,959,947,991,959,934,950,935,937,952,978,916,975,976,930,963,934,968,936,936,946,939,957,957,955,961,935,945,929,959,934,986,925,955,994,952,950,926,951,952,962,938,962,945,937,938,953,954,965,963,956,940,955,922,926,946,948,943,940,966,970,928,962,942,930,968,980,1
962,929,952,932,965,952,944,935,963,926,928,968,947,966,962,964,930,962,948,942,982,943,948,951,961,961,924,940,970,963,951,972,978,944,955,936,954,920,963,963,955,942,951,977,963,948,928,905,966,963,933,967,916,945,953,936,937,947,948,952,940,937,975,944,953,937,928,938,962,968,939,965,953,937,919,895,885,856,868,842,868,838,799,811,799,763,773,750,731,742,745,760,723,727,746,734,755,751,750,788,787,779,796,785,802,813,832,834,834,881,887,950,954,984,947,951,972,954,960,903,955,938,941,932,919,947,931,939,944,944,948,944,931,953,945,976,969,938,969,922,951,946,955,908,951,936,953,928,952,943,951,954,963,944,955,954,948,952,946,931,952,946,979,942,941,937,932,916,957,926,943,959,953,967,954,931,937,947,946,977,959,958,949,945,966,949,964,1
954,947,975,934,954,926,957,948,917,977,938,939,949,943,967,923,972,959,942,956,948,935,929,947,910,948,970,948,945,919,949,960,963,949,947,973,924,954,982,966,985,954,931,954,956,948,970,947,926,946,938,954,934,946,934,946,957,921,963,958,955,942,946,946,955,943,947,948,972,967,977,960,981,947,935,958,950,954,951,967,926,957,964,912,964,973,1020,1067,1100,1165,1203,1238,1230,1255,1199,1162,1137,1082,1039,1037,972,966,957,946,961,972,947,944,948,950,914,932,940,961,951,933,928,918,909,965,941,938,937,974,946,971,948,967,977,949,951,955,923,947,963,959,958,936,970,948,932,936,966,945,956,941,956,952,1000,952,938,972,919,956,951,946,947,947,965,961,967,956,968,932,954,986,937,954,912,958,933,948,936,937,940,958,929,939,932,929,938,971,967,938,950,935,956,0
939,973,942,946,956,974,972,953,924,946,977,941,974,946,912,937,951,947,931,966,941,943,967,956,980,971,961,936,940,961,965,960,909,940,948,975,971,908,954,957,960,972,951,940,950,942,968,941,925,937,949,946,947,987,957,940,942,950,946,950,918,941,941,968,944,954,943,922,933,957,943,938,919,969,941,934,936,947,952,951,965,952,968,976,997,979,1009,1043,1083,1145,1168,1241,1221,1245,1219,1185,1136,1091,1044,1011,970,958,936,965,927,925,950,955,938,953,949,962,945,954,941,953,951,937,922,947,953,979,967,954,948,937,937,950,959,948,952,938,925,955,942,940,943,943,972,943,945,936,937,951,936,941,968,950,981,949,937,947,978,953,950,952,979,960,953,960,950,945,944,958,917,954,941,924,937,937,932,972,929,971,960,964,954,966,940,958,944,971,959,933,914,930,933,0
952,937,956,955,941,952,972,963,956,954,976,929,960,941,947,944,946,939,944,939,949,951,950,964,948,975,962,951,967,955,983,936,942,957,971,966,959,954,933,986,955,955,937,963,952,932,958,989,941,941,946,946,967,940,954,921,966,996,942,958,956,968,925,955,937,949,935,973,956,943,943,926,953,955,947,953,963,963,937,973,945,978,958,978,970,993,1027,1050,1074,1153,1187,1252,1252,1234,1233,1182,1101,1069,1038,1027,994,952,951,980,967,994,950,954,946,951,940,946,935,956,961,983,951,944,978,965,972,938,950,922,940,955,938,958,978,959,942,949,986,930,939,957,938,933,940,950,968,950,954,938,972,939,936,934,940,934,946,972,974,977,934,943,960,959,948,975,934,963,979,947,960,933,984,941,908,976,949,958,955,953,949,955,954,949,957,966,957,963,946,957,939,936,951,0
967,966,953,935,953,944,964,955,966,932,949,978,947,943,926,950,956,944,951,963,934,937,948,940,950,962,958,941,943,940,957,958,945,919,957,953,930,936,968,957,969,905,975,931,941,950,957,949,957,973,943,952,950,930,941,959,943,946,985,946,932,934,930,938,934,947,948,926,943,952,964,943,947,923,941,939,949,951,948,968,949,953,956,920,982,1000,1021,1043,1087,1154,1192,1243,1238,1243,1242,1186,1120,1103,1047,986,989,965,968,950,949,974,935,970,956,944,935,955,971,962,949,958,941,961,967,950,961,965,948,951,961,965,944,955,937,952,953,950,956,938,952,929,940,941,964,965,929,953,921,928,957,967,934,947,944,951,954,961,925,975,948,961,943,934,955,942,995,952,962,932,945,951,960,964,963,950,971,924,939,934,928,952,954,943,951,936,938,957,923,947,909,945,972,0
946,958,952,963,956,955,951,956,943,956,954,982,952,945,960,922,932,945,938,955,944,943,919,964,974,943,939,929,945,950,939,953,948,942,960,937,956,945,965,954,954,969,957,964,930,955,953,972,972,958,943,941,968,946,962,954,943,971,940,948,927,942,930,951,949,929,953,959,934,947,955,932,970,935,960,1052,1083,1096,1133,1131,1156,1165,1191,1216,1238,1265,1263,1270,1268,1304,1311,1284,1316,1314,1289,1309,1300,1262,1256,1252,1241,1240,1203,1190,1177,1146,1126,1143,1099,1108,1075,951,943,949,951,941,959,978,952,947,951,969,977,963,965,935,956,955,978,956,958,937,936,949,967,950,931,955,934,933,955,930,963,946,943,975,951,938,974,956,956,962,943,945,929,946,952,952,921,950,952,955,941,951,950,929,931,951,959,968,944,933,931,933,944,961,931,957,950,978,925,972,950,950,914,955,961,1
953,966,955,975,927,963,961,939,964,944,959,937,951,924,925,968,943,946,948,951,949,937,950,914,955,935,945,946,956,926,950,933,959,956,956,953,944,940,973,940,957,936,950,936,961,963,956,953,923,959,940,939,956,948,984,958,923,946,936,974,935,971,931,965,932,929,952,948,962,950,962,946,950,962,938,880,872,878,851,832,817,837,818,797,793,756,782,761,737,763,720,723,748,713,732,729,750,751,771,766,772,773,746,813,792,826,813,858,867,886,888,957,958,959,961,936,917,956,936,962,954,921,971,946,932,946,947,942,938,954,983,928,927,986,986,946,957,958,951,958,941,953,908,943,945,952,941,927,941,950,918,943,969,972,939,956,946,958,942,952,930,937,952,928,958,951,936,962,952,951,954,946,949,923,958,942,953,948,959,961,979,941,931,971,963,940,929,1
968,969,961,961,929,950,921,920,947,929,972,951,965,937,971,948,940,964,934,936,962,956,939,974,946,945,939,997,962,941,943,950,919,952,953,936,967,952,965,969,961,961,953,960,950,944,961,960,952,936,948,952,934,943,928,922,936,936,931,926,942,959,969,967,941,936,944,936,932,942,953,943,936,949,954,876,884,851,839,843,830,799,810,788,791,789,768,758,749,750,755,701,712,740,749,748,736,756,726,764,754,768,775,803,800,819,836,854,860,879,863,963,943,953,957,976,964,960,951,943,954,949,966,947,945,956,934,965,951,956,941,960,930,955,926,924,942,982,927,937,941,926,937,949,960,939,951,983,969,942,943,953,931,938,975,958,942,947,950,958,938,936,951,949,950,939,952,951,950,943,917,986,916,953,919,957,941,925,980,962,940,946,963,937,990,932,980,1
949,955,923,945,953,975,953,982,953,940,950,934,945,922,952,956,952,952,969,969,962,927,944,956,946,971,929,973,966,944,950,929,970,938,944,984,943,970,966,938,931,952,955,942,951,957,928,943,963,953,932,926,939,959,928,953,962,983,953,959,929,962,931,951,951,964,976,975,950,941,958,944,931,953,955,871,875,845,854,838,830,824,794,787,788,788,748,745,763,755,752,716,695,721,728,744,732,737,762,740,758,791,807,789,809,812,819,840,866,849,891,953,969,953,931,921,971,939,959,953,974,969,924,951,959,939,938,954,954,937,965,997,922,942,952,971,949,935,961,946,959,969,966,956,948,967,952,935,929,980,950,963,937,951,963,970,998,943,953,919,947,928,946,944,943,944,975,945,975,950,955,965,928,958,939,966,950,957,933,955,935,935,923,960,936,965,955,1
948,969,968,956,943,923,934,954,958,957,927,968,983,945,923,960,939,946,949,950,949,954,964,958,933,942,959,951,953,942,931,944,951,962,960,983,953,952,940,962,937,962,916,906,965,979,922,956,930,961,938,957,934,951,949,922,918,947,977,947,922,958,931,946,960,949,954,978,943,968,941,948,938,942,936,875,845,856,855,816,835,838,784,776,767,778,763,775,743,750,722,738,742,698,752,755,720,746,765,762,817,767,791,794,823,823,834,863,859,890,853,961,949,953,935,954,923,954,946,977,956,945,964,927,956,904,967,918,949,942,934,963,950,943,924,959,976,944,962,941,954,955,964,955,944,930,928,941,956,922,947,918,963,959,955,928,970,954,940,946,938,938,942,939,951,972,971,961,935,928,928,935,953,956,980,961,953,937,944,960,948,942,946,938,950,971,946,1
931,946,972,971,962,921,965,952,963,916,916,953,951,954,966,967,946,960,958,957,936,962,952,927,966,941,943,926,942,918,968,963,946,957,959,982,966,928,937,944,940,975,940,977,952,933,964,971,944,976,962,953,935,945,915,955,944,956,951,943,962,941,950,930,915,967,950,926,933,948,952,948,940,951,961,991,1033,992,1023,1059,1032,1015,1085,1091,1116,1123,1083,1101,1109,1126,1143,1111,1137,1116,1143,1122,1120,1111,1143,1081,1070,1101,1092,1093,1071,1050,1092,1034,1046,1002,1001,941,926,922,994,954,944,956,953,970,935,930,990,927,943,961,965,954,973,925,951,933,945,949,954,945,953,953,944,934,945,944,937,962,954,928,955,946,934,929,946,945,952,920,973,955,965,968,948,922,974,959,958,951,950,961,965,934,931,966,964,947,944,943,941,949,960,959,951,965,937,950,938,958,946,950,963,1
959,960,891,928,959,963,951,954,924,959,942,959,948,929,943,975,956,958,940,961,957,951,953,940,957,956,936,924,952,933,958,912,963,939,969,945,940,919,934,944,966,951,936,948,955,943,926,965,939,954,966,945,949,940,962,915,964,944,940,931,941,957,928,963,929,984,961,960,933,935,970,948,955,945,959,960,942,959,933,963,970,924,937,973,955,999,993,1062,1074,1147,1177,1246,1240,1242,1214,1187,1122,1066,1032,1001,981,969,945,974,956,972,948,956,971,952,940,945,929,956,941,945,949,968,932,931,960,947,948,930,967,956,971,960,967,954,951,935,960,948,934,968,965,949,938,957,941,961,940,969,960,943,945,961,971,916,947,947,967,959,955,943,925,970,939,970,954,952,935,962,943,967,948,916,951,953,941,924,948,942,944,949,953,949,939,955,958,946,939,952,961,948,954,0
948,937,951,963,960,962,973,941,982,937,956,964,950,969,951,943,948,963,940,966,941,949,934,951,946,928,948,903,939,940,934,961,921,943,957,958,956,951,951,963,953,936,954,957,928,976,978,941,943,948,958,957,958,944,937,926,945,981,947,969,973,943,934,964,944,955,931,921,964,954,949,964,951,934,938,945,925,942,944,935,942,940,945,957,976,990,999,1065,1085,1121,1172,1198,1250,1238,1218,1178,1145,1089,1027,1020,1001,982,948,931,957,948,955,949,958,957,944,943,947,952,963,951,941,951,945,966,958,927,954,957,944,945,937,965,968,960,951,940,918,970,972,977,958,942,923,960,947,942,934,974,950,943,932,939,948,933,920,936,956,942,965,933,955,970,946,988,941,945,930,967,981,953,938,957,930,989,975,937,938,944,943,935,952,946,939,909,937,966,946,936,939,961,973,0
944,932,950,942,936,956,943,987,975,980,945,960,942,934,939,950,963,986,937,920,949,946,964,928,964,971,943,943,953,940,936,954,939,957,953,935,947,976,990,967,945,953,956,972,943,942,951,963,937,943,963,930,964,936,924,957,963,973,926,933,921,923,917,963,970,942,928,933,968,913,954,935,941,979,956,985,999,1035,1023,1023,1063,1045,1071,1083,1075,1109,1108,1109,1125,1125,1149,1120,1124,1142,1108,1143,1109,1121,1105,1094,1074,1093,1088,1056,1080,1031,1032,1047,1022,1036,1029,974,956,939,926,934,950,949,954,950,981,947,948,965,957,952,945,945,938,941,942,974,975,969,951,921,958,966,953,975,961,959,975,928,957,975,930,944,950,946,962,949,944,925,948,970,956,964,923,939,938,966,956,941,957,937,963,932,954,947,960,928,931,960,941,953,974,940,949,972,972,965,961,980,935,977,946,1
971,937,967,954,974,937,932,944,946,949,938,950,952,955,930,941,940,938,930,943,929,964,966,932,944,930,953,974,951,907,944,959,950,941,945,972,945,945,949,921,945,933,974,922,957,961,941,947,960,947,937,970,955,979,924,969,944,969,976,965,948,956,954,985,961,948,952,944,943,922,935,986,942,974,953,1089,1077,1142,1136,1149,1165,1157,1200,1224,1225,1258,1264,1295,1271,1309,1282,1298,1286,1329,1290,1292,1284,1307,1267,1254,1260,1222,1206,1189,1165,1163,1142,1153,1112,1081,1080,966,939,957,957,948,944,954,990,931,991,936,959,934,946,946,971,958,938,945,932,947,931,956,970,966,933,955,956,960,958,970,963,956,961,951,935,955,932,938,939,955,965,949,951,938,968,946,952,948,953,956,941,953,949,955,994,942,974,951,938,972,913,973,951,951,922,934,945,948,939,955,973,965,945,941,940,1
978,948,967,962,943,926,949,928,912,934,953,929,939,987,984,971,927,956,972,943,969,938,932,926,922,938,949,957,974,962,943,955,963,935,937,936,934,956,955,973,941,947,966,964,943,948,946,953,939,945,959,947,941,944,963,930,973,949,936,971,944,957,957,961,944,962,944,944,926,946,931,955,949,953,971,957,937,931,964,955,944,932,948,954,957,1000,998,1050,1114,1149,1205,1209,1250,1233,1218,1171,1121,1071,1046,1041,996,968,937,933,972,949,945,969,961,961,973,952,962,954,933,941,947,971,935,982,942,949,945,963,951,950,951,941,945,953,938,953,946,932,962,958,976,958,922,947,955,918,964,931,934,966,946,924,944,959,948,956,944,942,926,945,958,924,942,954,929,928,979,944,956,941,932,964,966,941,938,951,939,938,958,967,952,948,971,946,964,987,940,943,940,936,942,0
957,959,945,963,928,931,943,928,935,902,984,944,929,955,988,954,929,953,974,935,950,956,950,970,955,966,956,931,944,933,969,949,931,927,951,955,942,957,954,927,955,963,952,961,953,952,940,953,936,952,969,926,935,952,947,944,950,935,939,944,970,941,950,933,972,957,946,924,934,963,977,962,951,933,938,847,867,859,848,843,817,830,810,776,774,756,747,769,763,734,756,722,717,734,744,735,719,754,757,756,789,785,775,801,797,828,834,838,863,871,884,956,951,951,957,955,945,933,963,939,939,972,964,943,940,942,943,932,946,960,983,953,952,952,950,948,946,944,931,921,945,959,962,956,949,950,949,966,972,947,940,905,969,967,946,965,972,967,960,955,941,942,944,943,948,945,939,937,939,935,964,961,964,938,959,944,913,950,935,943,907,946,973,974,941,948,960,1
968,947,924,969,955,967,956,946,940,934,941,963,975,955,949,965,943,954,978,935,952,984,941,976,961,960,962,964,954,932,929,939,925,933,950,951,950,903,955,965,937,949,968,958,952,930,922,966,986,949,940,945,968,951,951,959,955,954,972,941,925,906,946,955,950,963,950,951,935,960,965,942,966,959,967,951,940,962,954,963,963,978,915,970,967,994,996,1048,1084,1130,1167,1218,1218,1244,1209,1216,1139,1080,1040,997,1000,973,962,957,969,969,953,940,974,947,964,953,1003,942,983,987,929,939,930,935,955,950,956,938,925,964,952,934,935,959,939,946,962,945,928,934,932,948,942,952,948,961,944,937,949,938,935,929,924,933,954,960,959,972,941,952,957,948,937,944,944,928,937,953,937,921,976,949,950,958,932,930,940,951,951,946,937,933,942,925,953,954,973,953,964,944,926,0
937,966,930,939,958,972,968,944,946,907,945,950,963,916,965,964,960,949,951,970,940,958,939,933,925,941,963,972,938,951,954,945,944,950,957,928,942,960,948,960,942,921,955,949,939,942,984,949,950,968,956,961,963,951,960,946,942,949,965,948,946,961,945,966,962,961,959,971,933,932,928,957,934,940,950,925,958,943,927,942,950,980,948,950,952,1006,1010,1034,1086,1144,1211,1202,1242,1240,1201,1173,1122,1081,1056,1026,983,967,932,955,939,933,959,951,939,944,948,941,963,936,953,951,936,971,948,922,959,962,960,964,944,932,958,980,929,926,966,955,933,952,949,966,946,948,941,976,957,960,950,939,951,950,936,962,940,969,944,957,954,937,956,941,932,960,929,948,968,949,965,951,965,979,956,959,965,964,938,932,956,959,939,946,953,966,962,936,946,952,955,924,957,959,953,0
969,936,950,954,969,951,942,924,929,961,943,939,961,940,936,937,966,963,957,943,950,956,958,938,943,944,959,945,951,918,944,947,967,943,966,952,937,946,934,950,966,971,947,963,945,914,951,947,961,953,922,971,936,957,952,948,956,945,944,905,945,969,966,967,947,945,951,960,938,932,948,974,957,987,984,967,950,933,931,949,939,937,947,944,950,970,1016,1040,1070,1162,1195,1251,1255,1244,1233,1194,1120,1096,1049,1023,983,940,959,956,953,954,946,975,955,947,940,950,942,944,945,959,949,959,930,937,943,953,964,946,956,933,976,935,953,935,925,943,930,933,964,955,934,960,945,967,952,963,921,937,963,946,953,955,959,924,926,925,925,965,945,948,930,950,973,949,940,952,924,953,968,921,952,977,960,966,948,973,939,945,929,961,949,961,961,930,961,948,940,940,955,946,982,0
957,961,943,942,960,929,966,959,944,979,916,957,927,978,957,930,946,971,957,957,944,939,960,971,954,965,968,946,946,940,934,963,959,961,951,948,961,974,934,930,959,948,980,958,951,923,948,968,967,931,943,963,936,944,946,940,952,950,956,969,963,937,950,969,953,963,933,963,922,965,947,946,938,957,929,996,1008,1032,1036,1045,1052,1075,1058,1085,1090,1096,1081,1137,1112,1123,1137,1134,1150,1130,1173,1138,1123,1114,1120,1116,1095,1089,1087,1050,1071,1030,1048,1042,1022,1021,998,936,928,955,956,931,978,969,953,958,963,936,945,958,953,954,947,932,951,963,971,947,945,941,961,955,939,953,938,939,960,947,936,936,933,957,974,968,956,931,934,964,924,939,939,949,939,937,976,928,933,949,982,981,977,938,961,973,964,966,941,927,942,950,930,963,971,969,950,949,945,938,951,938,929,944,967,1
936,962,930,947,973,948,944,954,944,957,958,947,938,930,943,945,953,957,948,967,948,951,966,963,938,949,971,965,934,966,970,970,955,928,951,948,937,926,968,946,944,954,961,958,961,909,939,971,945,950,941,953,947,956,955,938,960,940,974,971,968,929,960,933,953,940,948,927,940,935,944,947,950,966,943,917,947,936,988,954,929,946,945,943,951,987,1018,1047,1084,1144,1169,1216,1254,1251,1231,1184,1144,1111,1054,1011,996,931,971,951,930,985,952,958,920,936,931,945,972,948,939,971,947,960,940,955,959,963,943,940,934,911,971,955,965,957,954,935,958,946,919,946,963,964,958,950,940,968,955,968,950,943,967,961,966,952,964,947,936,948,947,957,954,924,961,922,939,946,956,961,927,957,945,954,965,935,966,942,968,946,949,939,982,950,969,960,965,972,946,933,956,928,939,0
949,966,960,946,919,950,953,928,935,949,959,935,968,938,956,957,940,956,952,953,961,943,933,944,923,927,957,949,929,956,942,948,927,956,951,920,937,910,952,920,958,950,983,962,958,955,950,945,937,953,931,956,961,953,948,910,919,949,936,962,958,946,944,947,944,911,972,954,953,955,954,979,968,924,962,879,845,862,851,858,796,811,775,798,767,745,780,776,736,720,755,763,747,756,732,754,713,746,753,789,766,797,792,793,795,811,835,852,853,865,877,976,943,965,930,941,974,949,932,961,965,946,986,966,959,942,930,960,941,955,950,951,951,945,979,945,935,955,951,976,957,961,963,947,957,954,960,945,947,953,948,952,930,922,937,949,932,948,942,943,964,950,948,944,950,923,966,967,966,940,951,947,944,945,963,942,957,976,954,951,937,952,942,962,977,936,938,1
957,923,927,940,921,958,927,925,940,977,964,969,926,941,942,932,931,950,959,967,940,974,943,947,921,975,922,960,942,922,949,949,945,951,960,953,956,965,964,961,949,956,967,941,910,938,953,939,975,915,943,948,973,956,929,957,951,964,962,957,924,966,937,961,962,964,943,964,946,980,937,947,948,946,946,956,946,941,933,955,939,930,944,964,972,985,999,1021,1071,1149,1199,1201,1273,1244,1243,1186,1169,1075,1030,1014,990,978,941,956,940,977,955,978,984,931,943,960,947,942,944,966,968,926,958,930,951,971,970,964,949,941,952,956,971,944,925,933,933,927,939,959,945,929,960,978,936,925,939,953,949,943,945,948,943,949,944,934,934,931,939,955,962,977,968,978,933,929,955,944,968,945,956,945,936,941,951,913,952,939,964,965,934,933,972,957,937,934,924,960,942,954,929,0
960,984,975,968,961,951,966,963,952,958,957,933,965,928,951,922,952,949,953,958,940,968,948,938,936,951,953,936,961,949,924,942,941,935,930,963,929,959,945,955,935,957,937,953,947,928,957,986,951,959,930,976,944,968,924,946,939,945,955,969,939,928,930,967,954,957,960,956,960,951,912,936,956,963,955,990,952,963,929,948,954,926,927,937,950,972,1025,1044,1107,1164,1189,1204,1219,1245,1231,1213,1147,1092,1013,989,954,972,966,930,944,939,944,951,932,970,942,935,966,959,951,961,956,964,949,958,952,961,930,965,984,918,962,942,940,973,929,958,967,952,921,950,930,956,930,962,941,977,938,956,955,949,971,947,935,950,951,923,965,966,979,953,948,959,968,954,970,963,959,965,954,966,935,959,940,949,947,936,942,945,939,981,945,949,981,954,959,934,958,925,951,965,961,0
929,936,951,931,942,963,951,944,960,940,948,960,960,954,939,951,936,967,926,931,950,961,955,973,939,964,953,960,915,931,948,921,929,958,948,954,938,951,941,964,949,950,936,938,951,942,930,947,937,973,910,959,956,949,937,971,935,945,953,946,962,943,958,945,943,928,957,957,936,935,950,934,966,961,936,940,947,960,933,940,968,934,934,970,956,968,1015,1025,1087,1121,1176,1212,1249,1224,1209,1175,1135,1089,1055,993,974,996,947,971,943,969,977,958,954,898,945,946,936,928,950,934,993,946,971,964,966,956,958,944,939,957,954,950,955,944,967,953,934,920,939,970,979,965,978,951,931,933,940,969,954,955,918,927,955,963,947,951,950,949,964,935,947,943,925,961,957,963,949,931,941,936,928,932,947,953,976,930,949,965,961,962,932,956,945,934,973,945,956,933,932,956,952,0
974,920,940,988,964,933,943,953,950,950,968,960,929,942,926,975,974,938,953,947,961,951,963,940,941,944,950,940,918,936,960,913,929,979,919,955,960,938,946,954,967,964,968,955,961,925,955,945,946,958,953,949,942,925,967,960,947,947,953,947,952,970,936,932,958,932,961,958,965,950,964,943,934,952,961,956,947,926,923,921,965,930,960,950,975,999,1005,1038,1110,1138,1206,1213,1266,1250,1225,1188,1132,1100,1060,991,973,973,951,941,939,954,950,969,966,943,972,958,954,962,978,951,946,927,954,945,942,966,945,975,948,969,959,930,957,946,968,984,917,925,973,951,975,952,915,937,942,968,943,932,967,957,960,933,957,941,946,943,947,944,943,922,942,956,954,958,972,965,969,960,938,975,944,980,925,951,935,956,962,951,944,965,967,960,953,950,955,951,955,943,959,944,941,0
927,925,950,925,936,950,956,958,976,978,954,945,960,946,951,941,918,962,938,953,952,949,962,955,959,976,973,945,938,960,939,937,942,960,935,943,929,927,940,947,959,964,959,941,928,942,928,934,944,957,956,948,952,934,931,917,942,951,942,953,969,956,943,958,961,965,974,971,954,959,956,926,950,922,957,966,1007,1003,1055,1036,1084,1082,1091,1070,1092,1077,1115,1132,1118,1132,1111,1115,1135,1140,1123,1114,1109,1107,1095,1081,1095,1098,1063,1061,1063,1022,1045,1024,1041,1024,1004,934,936,962,949,945,972,954,950,967,931,974,941,961,943,951,952,956,947,963,945,961,917,941,958,949,961,941,980,928,980,951,955,948,941,930,946,931,957,925,940,935,971,957,951,967,945,932,956,960,933,935,977,918,961,968,949,970,972,979,970,983,920,947,975,932,977,935,944,927,961,942,939,969,925,945,965,1
970,944,915,955,937,966,918,936,942,943,960,966,961,980,951,951,948,937,949,940,949,961,973,944,960,929,965,957,938,946,944,949,960,930,959,949,945,941,970,944,915,944,959,938,923,953,952,979,981,956,950,938,970,949,946,942,962,978,948,943,937,961,970,950,939,961,952,963,950,928,987,925,957,958,974,958,969,937,953,975,946,938,964,956,957,965,1033,1044,1066,1163,1178,1232,1238,1230,1235,1181,1143,1107,1061,1010,998,942,960,969,941,937,959,939,954,942,956,960,939,942,942,936,945,969,930,933,941,952,953,934,946,966,934,962,961,956,958,961,919,941,946,927,946,977,949,945,939,954,930,951,951,954,962,939,995,906,975,949,928,953,950,955,982,956,923,928,973,947,984,964,937,946,964,950,946,946,957,929,953,945,928,944,944,958,947,958,938,954,933,949,945,931,947,0
943,938,961,940,933,947,948,955,945,958,983,954,945,958,940,979,973,939,958,930,922,943,933,953,986,957,959,927,938,927,953,968,952,962,954,954,980,977,964,965,938,949,948,954,952,939,959,949,943,925,958,969,933,953,951,963,945,936,944,966,925,972,969,957,943,950,939,945,973,941,975,942,953,946,961,1058,1086,1110,1132,1160,1127,1171,1215,1215,1227,1252,1250,1304,1309,1266,1318,1301,1299,1317,1294,1295,1307,1275,1249,1273,1236,1239,1218,1214,1168,1163,1173,1103,1097,1075,1093,974,959,946,954,948,956,972,945,935,925,954,949,930,936,931,959,954,917,973,937,985,956,964,949,952,935,930,945,950,938,961,940,940,972,969,930,937,946,948,952,959,955,977,937,966,975,971,962,936,924,951,967,963,986,940,943,942,950,949,976,937,937,934,958,965,948,933,947,944,937,939,953,937,952,934,935,1
966,950,919,953,948,965,957,963,942,926,950,974,940,964,922,954,926,970,955,956,948,954,948,965,959,953,944,960,941,958,919,934,970,942,985,956,939,948,942,945,925,968,967,972,963,946,958,938,958,925,956,948,969,963,898,965,938,957,930,936,965,947,963,945,970,964,939,978,916,945,960,947,989,938,959,963,975,958,946,934,959,933,974,952,931,973,1016,1048,1082,1154,1166,1250,1248,1243,1218,1194,1115,1058,1052,1021,984,950,953,953,935,956,973,975,920,941,963,985,938,952,955,957,954,956,955,936,945,924,959,947,928,962,927,987,931,935,945,970,969,928,972,957,954,945,946,948,955,942,961,949,936,963,916,953,960,937,973,955,936,945,972,955,956,953,954,939,956,956,934,953,964,963,960,969,942,944,935,988,952,932,945,968,968,946,940,960,938,960,909,949,929,952,923,0
977,956,954,932,961,941,953,950,953,982,951,966,952,976,939,962,957,936,955,960,947,953,964,938,957,923,966,935,963,941,946,947,930,962,973,961,921,945,962,949,914,969,958,943,946,954,972,928,940,991,957,957,939,961,946,978,949,972,920,937,953,927,978,945,938,927,935,951,940,946,939,947,932,943,950,1062,1098,1101,1092,1140,1160,1181,1188,1231,1238,1251,1290,1285,1321,1288,1295,1308,1286,1321,1309,1288,1301,1271,1263,1261,1243,1220,1233,1228,1188,1158,1142,1102,1096,1118,1067,956,946,964,952,939,929,962,950,971,944,949,956,942,956,956,977,944,924,978,944,955,961,959,959,912,951,977,982,972,962,960,942,943,892,957,955,963,927,968,959,942,947,948,966,953,943,943,943,928,956,979,927,931,983,981,923,956,956,955,958,949,940,952,949,944,947,956,910,973,933,957,946,943,938,959,943,1
932,966,944,941,928,958,941,933,939,963,953,943,962,953,978,945,934,981,949,950,948,956,960,952,914,953,948,950,948,959,960,940,943,977,941,929,915,975,933,939,929,953,947,943,958,940,964,942,952,961,931,940,935,940,948,956,948,944,944,982,958,915,966,930,946,945,964,971,958,948,959,970,963,957,950,892,834,862,858,830,802,796,805,790,779,750,766,752,772,747,727,718,722,757,730,731,730,752,777,756,737,786,825,794,808,838,822,837,844,856,891,933,946,937,943,933,957,976,933,939,949,940,961,947,958,960,977,948,932,967,942,939,948,943,964,946,955,954,967,953,958,947,967,937,934,943,956,977,959,915,956,942,937,966,951,960,960,961,961,944,934,936,983,955,934,944,948,962,953,942,954,939,913,940,966,957,949,923,961,970,963,964,960,941,941,925,926,1
952,946,944,948,936,957,945,954,946,948,935,937,960,959,946,943,935,946,938,948,952,952,945,968,968,948,946,947,938,947,941,961,946,948,965,947,962,957,989,943,958,961,945,958,957,961,964,945,961,958,937,960,946,947,969,944,954,953,945,934,965,959,972,932,947,932,937,959,946,946,930,972,958,950,940,987,969,949,931,942,952,933,935,916,977,999,1009,1052,1092,1138,1177,1212,1246,1244,1211,1177,1111,1065,1049,1010,981,952,960,940,957,961,968,946,944,940,944,946,953,996,932,965,941,956,956,953,953,964,969,946,953,948,936,941,940,950,937,942,940,959,930,952,949,972,964,913,973,930,950,942,947,932,932,948,963,958,937,935,949,947,953,947,952,965,961,954,946,937,959,965,963,964,974,942,937,951,952,931,933,922,961,916,941,959,944,932,938,942,954,946,930,931,934,0
953,960,953,951,942,955,957,925,937,959,954,919,936,986,918,973,954,949,995,959,952,954,983,916,973,938,970,947,947,937,955,947,976,951,930,931,943,935,955,948,954,956,933,933,933,974,946,945,959,945,949,963,931,941,946,949,935,942,937,980,933,913,957,940,933,927,955,929,945,948,959,944,991,943,957,992,1051,1006,996,1031,1078,1082,1077,1077,1091,1076,1120,1125,1121,1100,1111,1128,1127,1119,1117,1124,1133,1112,1113,1135,1095,1112,1115,1079,1073,1058,1040,1043,1039,1007,1007,956,934,961,945,963,918,954,932,964,958,943,961,944,941,971,943,976,948,948,962,955,968,959,972,944,940,943,936,944,959,945,921,939,930,931,947,946,949,971,942,976,939,961,966,926,961,959,960,943,929,926,954,961,934,996,954,961,962,949,943,945,966,969,951,960,935,941,948,927,948,965,943,942,953,936,962,1
963,931,954,973,965,927,970,955,958,972,937,944,948,919,944,924,952,963,950,947,946,968,956,971,965,953,974,942,923,944,935,964,945,926,968,953,969,962,950,925,938,949,934,946,958,940,947,970,945,942,945,941,936,954,947,945,944,927,988,915,974,927,954,933,960,969,977,941,968,965,931,956,948,971,944,1079,1103,1080,1117,1134,1141,1177,1212,1232,1234,1257,1258,1261,1278,1315,1292,1314,1292,1300,1338,1314,1290,1297,1270,1248,1242,1197,1186,1185,1152,1139,1127,1128,1116,1077,1060,964,955,955,950,948,931,947,950,931,976,939,942,944,952,921,939,986,958,958,938,920,972,965,939,977,939,951,963,963,941,937,945,951,953,955,954,956,954,948,938,946,950,957,941,955,944,939,946,954,968,939,949,943,935,953,948,949,960,946,952,958,966,961,955,985,952,927,957,951,939,941,942,931,952,938,938,1